mesorregiao,se_clim,n_anos,media,dp,limiar_media,limiar_media_2dp
3101,1,9,17.22222222222222,14.175487449976613,17.22222222222222,45.57319712217544
3101,2,9,33.77777777777778,40.257849476151165,33.77777777777778,114.2934767300801
3101,3,9,63.0,80.9181685408166,63.0,224.8363370816332
3101,4,9,84.0,111.65460133823416,84.0,307.3092026764683
3101,5,9,130.66666666666666,178.34096556876662,130.66666666666666,487.3485978041999
3101,6,9,172.77777777777777,237.0520922591582,172.77777777777777,646.8819622960941
3101,7,9,158.77777777777777,223.09178479819568,158.77777777777777,604.9613473741691
3101,8,9,201.88888888888889,256.0607566791739,201.88888888888889,714.0104022472367
3101,9,9,230.44444444444446,294.8228752620424,230.44444444444446,820.0901949685292
3101,10,9,222.33333333333334,279.34208419069256,222.33333333333334,781.0175017147185
3101,11,9,220.77777777777777,248.26285353319463,220.77777777777777,717.3034848441671
3101,12,9,225.0,246.13055478749484,225.0,717.2611095749896
3101,13,9,185.0,198.97110342961864,185.0,582.9422068592373
3101,14,9,250.44444444444446,250.19447991068424,250.44444444444446,750.833404265813
3101,15,9,263.1111111111111,279.37942141666605,263.1111111111111,821.8699539444432
3101,16,9,232.88888888888889,265.9926899580346,232.88888888888889,764.8742688049581
3101,17,9,252.22222222222223,300.2743652802291,252.22222222222223,852.7709527826805
3101,18,9,200.77777777777777,232.2475929787959,200.77777777777777,665.2729637353696
3101,19,9,171.11111111111111,176.95087202698696,171.11111111111111,525.012855165085
3101,20,9,151.77777777777777,156.15919583695495,151.77777777777777,464.0961694516877
3101,21,9,110.55555555555556,132.3547421809199,110.55555555555556,375.26503991739537
3101,22,9,77.11111111111111,73.90609657606814,77.11111111111111,224.9233042632474
3101,23,9,75.0,83.06021911842033,75.0,241.12043823684067
3101,24,9,53.77777777777778,55.312244977440976,53.77777777777778,164.40226773265974
3101,25,9,46.0,43.422344478390386,46.0,132.84468895678077
3101,26,9,39.333333333333336,34.26368339802363,39.333333333333336,107.8607001293806
3101,27,9,27.22222222222222,24.524364302555217,27.22222222222222,76.27095082733265
3101,28,9,24.11111111111111,24.08030546133315,24.11111111111111,72.27172203377741
3101,29,9,16.88888888888889,17.003267659809133,16.88888888888889,50.89542420850715
3101,30,9,12.333333333333334,12.737739202856996,12.333333333333334,37.80881173904733
3101,31,9,11.444444444444445,10.113247637518711,11.444444444444445,31.670939719481865
3101,32,9,9.333333333333334,6.304760106459246,9.333333333333334,21.942853546251825
3101,33,9,10.0,7.088723439378913,10.0,24.177446878757827
3101,34,9,10.333333333333334,9.682458365518542,10.333333333333334,29.69825006437042
3101,35,9,9.555555555555555,10.10088004966784,9.555555555555555,29.757315654891237
3101,36,9,8.11111111111111,6.660413734229362,8.11111111111111,21.431938579569835
3101,37,9,11.88888888888889,10.203485243342644,11.88888888888889,32.29585937557418
3101,38,9,11.777777777777779,10.413666234542205,11.777777777777779,32.60511024686219
3101,39,9,9.666666666666666,9.096702699330127,9.666666666666666,27.860072065326918
3101,40,9,9.444444444444445,8.368260140422128,9.444444444444445,26.180964725288703
3101,41,9,12.333333333333334,9.16515138991168,12.333333333333334,30.66363611315669
3101,42,9,9.88888888888889,8.069145624606803,9.88888888888889,26.027180138102494
3101,43,9,12.11111111111111,10.215728613814635,12.11111111111111,32.54256833874038
3101,44,9,10.555555555555555,14.431832100526176,10.555555555555555,39.41921975660791
3101,45,9,18.555555555555557,27.125224013411906,18.555555555555557,72.80600358237936
3101,46,9,20.0,33.53356527421443,20.0,87.06713054842886
3101,47,9,26.555555555555557,45.62376330135183,26.555555555555557,117.80308215825922
3101,48,9,25.88888888888889,46.50925833757308,25.88888888888889,118.90740556403505
3101,49,9,31.22222222222222,60.240720816109466,31.22222222222222,151.70366385444115
3101,50,9,47.666666666666664,100.16860785695286,47.666666666666664,248.00388238057238
3101,51,9,54.55555555555556,128.07918557586856,54.55555555555556,310.71392670729267
3101,52,9,50.0,130.62828943226654,50.0,311.2565788645331
3102,1,9,191.66666666666666,246.09906541878618,191.66666666666666,683.864797504239
3102,2,9,276.55555555555554,381.99381903085526,276.55555555555554,1040.543193617266
3102,3,9,379.1111111111111,566.9379252714631,379.1111111111111,1512.9869616540373
3102,4,9,441.44444444444446,629.2861255246121,441.44444444444446,1700.0166954936685
3102,5,9,502.77777777777777,698.0321944183122,502.77777777777777,1898.8421666144022
3102,6,9,521.0,765.4929784132576,521.0,2051.985956826515
3102,7,9,540.3333333333334,777.1323889788663,540.3333333333334,2094.598111291066
3102,8,9,701.2222222222222,1100.9393463967233,701.2222222222222,2903.1009150156688
3102,9,9,656.2222222222222,1094.4924369060045,656.2222222222222,2845.207096034231
3102,10,9,582.2222222222222,853.2985670001119,582.2222222222222,2288.819356222446
3102,11,9,536.1111111111111,703.040084995949,536.1111111111111,1942.191281103009
3102,12,9,460.3333333333333,584.9059753498848,460.3333333333333,1630.1452840331028
3102,13,9,355.6666666666667,382.96507673676984,355.6666666666667,1121.5968201402063
3102,14,9,423.77777777777777,434.48440069172153,423.77777777777777,1292.7465791612208
3102,15,9,391.55555555555554,377.5172549404567,391.55555555555554,1146.590065436469
3102,16,9,337.8888888888889,323.50519487499906,337.8888888888889,984.899278638887
3102,17,9,305.55555555555554,227.33296676412283,305.55555555555554,760.2214890838012
3102,18,9,262.8888888888889,213.23956272491066,262.8888888888889,689.3680143387103
3102,19,9,262.0,192.77837015599027,262.0,647.5567403119805
3102,20,9,221.77777777777777,173.61579549235847,221.77777777777777,569.0093687624947
3102,21,9,188.55555555555554,176.58150463108467,188.55555555555554,541.7185648177249
3102,22,9,123.55555555555556,103.38412730094393,123.55555555555556,330.3238101574434
3102,23,9,133.66666666666666,123.06603918222117,133.66666666666666,379.798745031109
3102,24,9,92.11111111111111,87.35050721725153,92.11111111111111,266.8121255456142
3102,25,9,71.55555555555556,69.2118326428204,71.55555555555556,209.97922084119637
3102,26,9,55.0,46.203354856546945,55.0,147.4067097130939
3102,27,9,40.111111111111114,37.12965272004454,40.111111111111114,114.3704165512002
3102,28,9,31.444444444444443,24.975543593238925,31.444444444444443,81.39553163092229
3102,29,9,26.77777777777778,27.229477491212428,26.77777777777778,81.23673276020264
3102,30,9,20.666666666666668,17.76935564391686,20.666666666666668,56.20537795450039
3102,31,9,21.22222222222222,18.64656655914017,21.22222222222222,58.51535534050256
3102,32,9,20.444444444444443,17.15452645157475,20.444444444444443,54.75349734759394
3102,33,9,15.777777777777779,10.449614559611492,15.777777777777779,36.677006897000766
3102,34,9,15.11111111111111,13.67885635245546,15.11111111111111,42.46882381602203
3102,35,9,12.333333333333334,13.29473580030833,12.333333333333334,38.92280493394999
3102,36,9,9.444444444444445,5.681353516353104,9.444444444444445,20.807151477150654
3102,37,9,12.444444444444445,8.501633829904566,12.444444444444445,29.447712104253576
3102,38,9,14.555555555555555,7.81202776350531,14.555555555555555,30.179611082566176
3102,39,9,12.555555555555555,7.451696302036052,12.555555555555555,27.45894815962766
3102,40,9,13.333333333333334,6.7638746292343415,13.333333333333334,26.861082591802017
3102,41,9,8.11111111111111,2.803767306876787,8.11111111111111,13.718645724864686
3102,42,9,11.777777777777779,8.166666666666666,11.777777777777779,28.11111111111111
3102,43,9,10.88888888888889,3.8224483137265715,10.88888888888889,18.533785516342032
3102,44,9,14.88888888888889,7.817359599705716,14.88888888888889,30.52360808830032
3102,45,9,22.444444444444443,9.355628133790793,22.444444444444443,41.15570071202603
3102,46,9,22.333333333333332,15.811388300841898,22.333333333333332,53.956109935017125
3102,47,9,30.555555555555557,17.3789463943525,30.555555555555557,65.31344834426056
3102,48,9,37.0,22.73213584333861,37.0,82.46427168667722
3102,49,9,44.666666666666664,30.17863482664516,44.666666666666664,105.02393631995699
3102,50,9,64.77777777777777,53.716333125451186,64.77777777777777,172.21044402868014
3102,51,9,77.33333333333333,71.37751746873802,77.33333333333333,220.08836827080938
3102,52,9,81.44444444444444,88.68640131259006,81.44444444444444,258.81724706962456
3103,1,9,91.88888888888889,174.77731864035192,91.88888888888889,441.4435261695927
3103,2,9,85.77777777777777,114.79522831740196,85.77777777777777,315.3682344125817
3103,3,9,70.33333333333333,87.3384222435922,70.33333333333333,245.01017782051775
3103,4,9,83.66666666666667,87.78524933039719,83.66666666666667,259.23716532746107
3103,5,9,102.0,102.99150450401237,102.0,307.98300900802474
3103,6,9,94.66666666666667,129.2342833771287,94.66666666666667,353.13523342092407
3103,7,9,117.77777777777777,169.90201424481245,117.77777777777777,457.58180626740267
3103,8,9,150.66666666666666,230.3676409567976,150.66666666666666,611.4019485802619
3103,9,9,183.33333333333334,296.04940466077613,183.33333333333334,775.4321426548856
3103,10,9,214.44444444444446,314.38157989579764,214.44444444444446,843.2076042360397
3103,11,9,224.33333333333334,339.50699550966544,224.33333333333334,903.3473243526643
3103,12,9,249.66666666666666,390.76111628461706,249.66666666666666,1031.1888992359009
3103,13,9,219.11111111111111,335.7664532247245,219.11111111111111,890.6440175605601
3103,14,9,221.66666666666666,324.1500424186306,221.66666666666666,869.9667515039279
3103,15,9,197.44444444444446,278.0247790715385,197.44444444444446,753.4940025875214
3103,16,9,170.55555555555554,235.63696182428126,170.55555555555554,641.8294792041181
3103,17,9,148.0,194.632987954252,148.0,537.2659759085041
3103,18,9,117.44444444444444,119.22364605135081,117.44444444444444,355.8917365471461
3103,19,9,86.33333333333333,82.55301327026167,86.33333333333333,251.4393598738567
3103,20,9,88.0,79.94998436522674,88.0,247.89996873045348
3103,21,9,63.888888888888886,53.85267970223126,63.888888888888886,171.59424829335143
3103,22,9,41.77777777777778,33.614646278734575,41.77777777777778,109.00707033524694
3103,23,9,43.77777777777778,38.5803634566141,43.77777777777778,120.93850469100599
3103,24,9,25.666666666666668,21.083168642308014,25.666666666666668,67.83300395128269
3103,25,9,21.666666666666668,13.946325680981353,21.666666666666668,49.55931802862938
3103,26,9,19.555555555555557,14.87540849112312,19.555555555555557,49.30637253780179
3103,27,9,15.444444444444445,14.440490911938479,15.444444444444445,44.3254262683214
3103,28,9,11.88888888888889,8.992280640144141,11.88888888888889,29.873450169177172
3103,29,9,9.333333333333334,8.470537173048708,9.333333333333334,26.27440767943075
3103,30,9,7.666666666666667,5.315072906367325,7.666666666666667,18.296812479401318
3103,31,9,5.0,4.415880433163924,5.0,13.831760866327848
3103,32,9,4.111111111111111,2.260776661041756,4.111111111111111,8.632664433194623
3103,33,9,6.333333333333333,3.24037034920393,6.333333333333333,12.814074031741193
3103,34,9,5.0,4.69041575982343,5.0,14.38083151964686
3103,35,9,5.0,2.3979157616563596,5.0,9.79583152331272
3103,36,9,4.111111111111111,3.2574700476153438,4.111111111111111,10.6260512063418
3103,37,9,3.888888888888889,2.8915585954829117,3.888888888888889,9.672006079854713
3103,38,9,5.0,3.2015621187164243,5.0,11.403124237432849
3103,39,9,2.7777777777777777,2.6352313834736494,2.7777777777777777,8.048240544725076
3103,40,9,3.6666666666666665,1.9364916731037085,3.6666666666666665,7.539650012874084
3103,41,9,2.888888888888889,2.666666666666667,2.888888888888889,8.222222222222223
3103,42,9,3.4444444444444446,3.244653722321964,3.4444444444444446,9.933751889088374
3103,43,9,3.7777777777777777,3.3829638550307397,3.7777777777777777,10.543705487839258
3103,44,9,5.777777777777778,4.1466184348749096,5.777777777777778,14.071014647527598
3103,45,9,8.11111111111111,3.723051317281446,8.11111111111111,15.557213745674002
3103,46,9,8.88888888888889,6.450667493454542,8.88888888888889,21.790223875797974
3103,47,9,20.77777777777778,26.12842215757478,20.77777777777778,73.03462209292734
3103,48,9,22.77777777777778,24.319630845151504,22.77777777777778,71.41703946808079
3103,49,9,23.444444444444443,23.495271391873253,23.444444444444443,70.43498722819095
3103,50,9,44.0,73.14882090642337,44.0,190.29764181284673
3103,51,9,46.44444444444444,78.77834586850486,46.44444444444444,204.00113618145417
3103,52,9,59.5,139.3220190781055,59.5,338.144038156211
3104,1,9,54.666666666666664,48.39679741470504,54.666666666666664,151.46026149607675
3104,2,9,82.55555555555556,80.66305088315082,82.55555555555556,243.88165732185718
3104,3,9,93.0,91.30991183874838,93.0,275.61982367749675
3104,4,9,108.77777777777777,120.43543683004783,108.77777777777777,349.64865143787347
3104,5,9,118.11111111111111,117.8297972123822,118.11111111111111,353.77070553587555
3104,6,9,104.77777777777777,131.82163875648203,104.77777777777777,368.42105529074183
3104,7,9,115.11111111111111,131.37298470808645,115.11111111111111,377.857080527284
3104,8,9,168.44444444444446,235.35617216843448,168.44444444444446,639.1567887813135
3104,9,9,218.0,360.4719129141687,218.0,938.9438258283374
3104,10,9,276.6666666666667,446.35327936512346,276.6666666666667,1169.3732253969135
3104,11,9,308.22222222222223,526.0336913586851,308.22222222222223,1360.2896049395924
3104,12,9,248.44444444444446,403.1392783862393,248.44444444444446,1054.723001216923
3104,13,9,176.55555555555554,217.6264638727969,176.55555555555554,611.8084833011494
3104,14,9,210.88888888888889,276.25506531303836,210.88888888888889,763.3990195149656
3104,15,9,193.22222222222223,219.80603823472285,193.22222222222223,632.834298691668
3104,16,9,153.77777777777777,175.73543878354315,153.77777777777777,505.24865534486406
3104,17,9,152.44444444444446,187.16777975329455,152.44444444444446,526.7800039510336
3104,18,9,145.66666666666666,186.7980192614472,145.66666666666666,519.2627051895611
3104,19,9,129.44444444444446,164.56921880405758,129.44444444444446,458.5828820525596
3104,20,9,116.55555555555556,158.3564895347765,116.55555555555556,433.26853462510854
3104,21,9,104.11111111111111,168.79384204144154,104.11111111111111,441.6987951939942
3104,22,9,80.88888888888889,130.8390656918304,80.88888888888889,342.5670202725497
3104,23,9,74.11111111111111,108.26754412616513,74.11111111111111,290.6461993634414
3104,24,9,56.666666666666664,73.46597852067309,56.666666666666664,203.59862370801284
3104,25,9,51.0,65.02307282803544,51.0,181.04614565607088
3104,26,9,37.111111111111114,46.57103296160727,37.111111111111114,130.25317703432566
3104,27,9,28.666666666666668,35.90612761075747,28.666666666666668,100.47892188818162
3104,28,9,20.0,22.079402165819616,20.0,64.15880433163923
3104,29,9,16.77777777777778,20.39471609129297,16.77777777777778,57.56720996036372
3104,30,9,17.444444444444443,17.557840920163784,17.444444444444443,52.56012628477201
3104,31,9,11.11111111111111,10.611838253154405,11.11111111111111,32.33478761741992
3104,32,9,9.222222222222221,6.26054665699765,9.222222222222221,21.743315536217523
3104,33,9,9.0,8.154753215150045,9.0,25.30950643030009
3104,34,9,10.777777777777779,8.288211172770904,10.777777777777779,27.354200123319586
3104,35,9,14.0,12.479983974348684,14.0,38.95996794869737
3104,36,9,7.777777777777778,5.65194165260439,7.777777777777778,19.081661082986557
3104,37,9,9.333333333333334,5.937171043518958,9.333333333333334,21.207675420371253
3104,38,9,7.555555555555555,6.728876412728782,7.555555555555555,21.01330838101312
3104,39,9,8.666666666666666,5.612486080160912,8.666666666666666,19.89163882698849
3104,40,9,11.11111111111111,10.166666666666666,11.11111111111111,31.444444444444443
3104,41,9,7.333333333333333,6.442049363362563,7.333333333333333,20.21743206005846
3104,42,9,7.666666666666667,5.612486080160912,7.666666666666667,18.89163882698849
3104,43,9,9.666666666666666,8.351646544245034,9.666666666666666,26.369959755156735
3104,44,9,8.444444444444445,7.090682462060882,8.444444444444445,22.62580936856621
3104,45,9,11.0,7.729812416870153,11.0,26.459624833740307
3104,46,9,8.0,8.426149773176359,8.0,24.852299546352718
3104,47,9,11.444444444444445,9.234596784796713,11.444444444444445,29.913638014037872
3104,48,9,12.777777777777779,9.705382241027111,12.777777777777779,32.188542259832005
3104,49,9,18.11111111111111,10.421665467242322,18.11111111111111,38.954442045595755
3104,50,9,17.444444444444443,13.703203194062977,17.444444444444443,44.8508508325704
3104,51,9,20.22222222222222,17.290009960796564,20.22222222222222,54.80224214381535
3104,52,9,27.833333333333332,29.597297173897484,27.833333333333332,87.0279276811283
3105,1,9,229.77777777777777,183.97539086639944,229.77777777777777,597.7285595105766
3105,2,9,281.3333333333333,219.79706549451473,281.3333333333333,720.9274643223628
3105,3,9,351.44444444444446,280.0344224872681,351.44444444444446,911.5132894189807
3105,4,9,418.0,352.629408869992,418.0,1123.258817739984
3105,5,9,571.6666666666666,582.5999914177823,571.6666666666666,1736.8666495022312
3105,6,9,633.8888888888889,646.6104786586056,633.8888888888889,1927.1098462061002
3105,7,9,719.0,885.4973178954299,719.0,2489.99463579086
3105,8,9,882.6666666666666,1011.1892750617958,882.6666666666666,2905.045216790258
3105,9,9,910.7777777777778,988.2248956813648,910.7777777777778,2887.2275691405075
3105,10,9,969.1111111111111,990.8180262344398,969.1111111111111,2950.7471635799907
3105,11,9,1040.5555555555557,1038.934202814489,1040.5555555555557,3118.4239611845337
3105,12,9,1115.888888888889,1053.0418373033008,1115.888888888889,3221.9725634954902
3105,13,9,1135.4444444444443,1169.10094849751,1135.4444444444443,3473.6463414394643
3105,14,9,1296.3333333333333,1285.2186584391,1296.3333333333333,3866.7706502115334
3105,15,9,1316.7777777777778,1266.1558728862906,1316.7777777777778,3849.089523550359
3105,16,9,1180.3333333333333,1049.4559304706415,1180.3333333333333,3279.2451942746166
3105,17,9,1219.3333333333333,1123.0033392648484,1219.3333333333333,3465.3400118630298
3105,18,9,1106.0,1059.06574394605,1106.0,3224.1314878921
3105,19,9,941.7777777777778,890.724112418904,941.7777777777778,2723.226002615586
3105,20,9,852.7777777777778,852.8913731797528,852.7777777777778,2558.560524137283
3105,21,9,724.2222222222222,695.0602092225137,724.2222222222222,2114.3426406672497
3105,22,9,512.4444444444445,405.4368357435937,512.4444444444445,1323.3181159316318
3105,23,9,418.22222222222223,323.30704360475113,418.22222222222223,1064.8363094317244
3105,24,9,355.44444444444446,300.12460375280426,355.44444444444446,955.693651950053
3105,25,9,259.77777777777777,209.3154185540197,259.77777777777777,678.4086148858171
3105,26,9,187.33333333333334,131.38493064274914,187.33333333333334,450.1031946188316
3105,27,9,138.55555555555554,78.62110262377257,138.55555555555554,295.7977608031007
3105,28,9,113.77777777777777,60.63575219657495,113.77777777777777,235.04928217092765
3105,29,9,94.55555555555556,54.3992442757965,94.55555555555556,203.35404410714855
3105,30,9,86.77777777777777,42.64615392323726,86.77777777777777,172.07008562425227
3105,31,9,67.77777777777777,25.093713245441467,67.77777777777777,117.9652042686607
3105,32,9,67.22222222222223,24.417093284100066,67.22222222222223,116.05640879042235
3105,33,9,53.333333333333336,23.29162939770423,53.333333333333336,99.9165921287418
3105,34,9,64.88888888888889,25.6146659379175,64.88888888888889,116.11822076472389
3105,35,9,59.333333333333336,23.61143790623519,59.333333333333336,106.5562091458037
3105,36,9,53.55555555555556,18.94802833483679,53.55555555555556,91.45161222522913
3105,37,9,67.55555555555556,21.668589658253666,67.55555555555556,110.89273487206289
3105,38,9,72.0,23.58495283014151,72.0,119.16990566028302
3105,39,9,67.33333333333333,19.595917942265423,67.33333333333333,106.52516921786417
3105,40,9,64.22222222222223,21.95892630445406,64.22222222222223,108.14007483113035
3105,41,9,58.888888888888886,17.149667959208745,58.888888888888886,93.18822480730637
3105,42,9,78.55555555555556,22.809598369497383,78.55555555555556,124.17475229455033
3105,43,9,85.22222222222223,30.572772926976125,85.22222222222223,146.36776807617449
3105,44,9,80.11111111111111,29.156664951792944,80.11111111111111,138.424441014697
3105,45,9,99.55555555555556,36.33218652624389,99.55555555555556,172.21992860804335
3105,46,9,93.77777777777777,36.90114421592431,93.77777777777777,167.5800662096264
3105,47,9,117.88888888888889,38.80864737543826,117.88888888888889,195.50618363976542
3105,48,9,122.77777777777777,46.091696046516276,122.77777777777777,214.96116987081032
3105,49,9,146.0,71.72691266184542,146.0,289.4538253236908
3105,50,9,162.22222222222223,93.73336889520426,162.22222222222223,349.6889600126308
3105,51,9,158.0,80.86562928710813,158.0,319.73125857421627
3105,52,9,149.77777777777777,88.76341839093651,149.77777777777777,327.30461455965076
3106,1,9,73.0,69.77463722585736,73.0,212.54927445171472
3106,2,9,99.55555555555556,78.34875734673638,99.55555555555556,256.2530702490283
3106,3,9,146.88888888888889,129.92829218884975,146.88888888888889,406.7454732665884
3106,4,9,174.33333333333334,162.4376803577298,174.33333333333334,499.20869404879295
3106,5,9,230.55555555555554,246.5218606488637,230.55555555555554,723.599276853283
3106,6,9,285.22222222222223,289.2614638081686,285.22222222222223,863.7451498385594
3106,7,9,351.6666666666667,483.71737616091485,351.6666666666667,1319.1014189884963
3106,8,9,434.1111111111111,512.8997086284131,434.1111111111111,1459.9105283679373
3106,9,9,401.22222222222223,427.8284638081534,401.22222222222223,1256.879149838529
3106,10,9,413.8888888888889,436.7815370538355,413.8888888888889,1287.4519629965598
3106,11,9,472.77777777777777,496.23980538087073,472.77777777777777,1465.2573885395193
3106,12,9,481.6666666666667,527.6660875970712,481.6666666666667,1536.998841860809
3106,13,9,454.6666666666667,481.57865401199,454.6666666666667,1417.8239746906468
3106,14,9,509.1111111111111,543.1655927165408,509.1111111111111,1595.4422965441927
3106,15,9,485.1111111111111,503.2515386077932,485.1111111111111,1491.6141883266973
3106,16,9,397.3333333333333,459.68358682902743,397.3333333333333,1316.7005069913882
3106,17,9,342.44444444444446,309.2519648729459,342.44444444444446,960.9483741903363
3106,18,9,283.3333333333333,229.91683278959806,283.3333333333333,743.1669989125294
3106,19,9,221.88888888888889,172.36766260267936,221.88888888888889,566.6242140942476
3106,20,9,184.22222222222223,147.17572641045277,184.22222222222223,478.57367504312776
3106,21,9,146.55555555555554,142.4123512121676,146.55555555555554,431.38025797989076
3106,22,9,95.44444444444444,78.31365000929134,95.44444444444444,252.07174446302713
3106,23,9,84.22222222222223,71.08230753460698,84.22222222222223,226.3868372914362
3106,24,9,59.888888888888886,50.67406744194816,59.888888888888886,161.23702377278522
3106,25,9,52.22222222222222,42.3520299920139,52.22222222222222,136.92628220625002
3106,26,9,36.22222222222222,30.127967811394853,36.22222222222222,96.47815784501194
3106,27,9,25.333333333333332,19.461500456028563,25.333333333333332,64.25633424539046
3106,28,9,24.555555555555557,22.209857671263403,24.555555555555557,68.97527089808236
3106,29,9,14.88888888888889,11.655947456603908,14.88888888888889,38.20078380209671
3106,30,9,14.333333333333334,11.236102527122116,14.333333333333334,36.80553838757756
3106,31,9,11.666666666666666,7.681145747868608,11.666666666666666,27.02895816240388
3106,32,9,10.0,6.5,10.0,23.0
3106,33,9,8.11111111111111,4.986091767217197,8.11111111111111,18.083294645545507
3106,34,9,8.222222222222221,6.057593948462083,8.222222222222221,20.337410119146387
3106,35,9,9.555555555555555,5.725188012439223,9.555555555555555,21.005931580434
3106,36,9,8.88888888888889,8.283182426526118,8.88888888888889,25.455253741941124
3106,37,9,9.88888888888889,5.441609239104836,9.88888888888889,20.772107367098563
3106,38,9,9.666666666666666,6.144102863722254,9.666666666666666,21.954872394111174
3106,39,9,9.666666666666666,8.54400374531753,9.666666666666666,26.75467415730173
3106,40,9,11.11111111111111,7.704616220884147,11.11111111111111,26.520343552879403
3106,41,9,12.88888888888889,6.772083217970015,12.88888888888889,26.43305532482892
3106,42,9,12.777777777777779,5.6075346137535735,12.777777777777779,23.992847005284926
3106,43,9,13.444444444444445,7.4349026743984865,13.444444444444445,28.314249793241416
3106,44,9,16.77777777777778,8.437680039231426,16.77777777777778,33.65313785624063
3106,45,9,17.77777777777778,12.39735634901427,17.77777777777778,42.57249047580632
3106,46,9,19.444444444444443,12.380540286182093,19.444444444444443,44.20552501680863
3106,47,9,27.22222222222222,16.543713139571917,27.22222222222222,60.309648501366055
3106,48,9,23.333333333333332,13.946325680981353,23.333333333333332,51.225984695296034
3106,49,9,26.444444444444443,16.07102292257023,26.444444444444443,58.5864902895849
3106,50,9,38.111111111111114,31.841185767981553,38.111111111111114,101.79348264707423
3106,51,9,34.0,24.964975465639856,34.0,83.9299509312797
3106,52,9,33.77777777777778,35.60820754326795,33.77777777777778,104.99419286431367
3107,1,9,445.44444444444446,784.2895050794558,445.44444444444446,2014.0234546033562
3107,2,9,537.0,936.518552939556,537.0,2410.037105879112
3107,3,9,683.6666666666666,1211.3054940847912,683.6666666666666,3106.277654836249
3107,4,9,781.3333333333334,1331.1531654922358,781.3333333333334,3443.639664317805
3107,5,9,1178.0,2266.2568256929753,1178.0,5710.513651385951
3107,6,9,1160.7777777777778,2104.4453412822218,1160.7777777777778,5369.668460342222
3107,7,9,1625.7777777777778,3477.009986244567,1625.7777777777778,8579.797750266911
3107,8,9,2259.777777777778,4170.157034746348,2259.777777777778,10600.091847270472
3107,9,9,2719.1111111111113,4643.060155878999,2719.1111111111113,12005.231422869108
3107,10,9,3038.5555555555557,4766.32712660155,3038.5555555555557,12571.209808758656
3107,11,9,3429.1111111111113,5025.272814595354,3429.1111111111113,13479.65674030182
3107,12,9,3548.5555555555557,5106.068255299549,3548.5555555555557,13760.692066154654
3107,13,9,3498.6666666666665,4960.204758878407,3498.6666666666665,13419.07618442348
3107,14,9,3979.4444444444443,5318.860759389907,3979.4444444444443,14617.165963224259
3107,15,9,4016.6666666666665,5342.496817968168,4016.6666666666665,14701.660302603002
3107,16,9,3471.777777777778,4576.692303885465,3471.777777777778,12625.162385548707
3107,17,9,3063.222222222222,3611.547859913315,3063.222222222222,10286.317942048852
3107,18,9,2488.5555555555557,2727.9695338800575,2488.5555555555557,7944.494623315671
3107,19,9,1836.5555555555557,1960.7629325795042,1836.5555555555557,5758.081420714564
3107,20,9,1462.6666666666667,1569.4975310589055,1462.6666666666667,4601.661728784477
3107,21,9,1067.5555555555557,1141.5798385473431,1067.5555555555557,3350.715232650242
3107,22,9,666.1111111111111,630.6122906438719,666.1111111111111,1927.335692398855
3107,23,9,603.1111111111111,711.6067109795348,603.1111111111111,2026.3245330701807
3107,24,9,430.77777777777777,469.17847824089756,430.77777777777777,1369.134734259573
3107,25,9,330.8888888888889,369.2592058583118,330.8888888888889,1069.4073006055125
3107,26,9,228.33333333333334,185.80096878111266,228.33333333333334,599.9352708955587
3107,27,9,174.22222222222223,148.24622910699767,174.22222222222223,470.7146804362176
3107,28,9,127.0,103.94108908415382,127.0,334.88217816830763
3107,29,9,100.66666666666667,63.810265631793136,100.66666666666667,228.28719793025294
3107,30,9,114.0,77.85081887815953,114.0,269.7016377563191
3107,31,9,100.33333333333333,89.9527653827274,100.33333333333333,280.23886409878816
3107,32,9,71.22222222222223,34.78425569772112,71.22222222222223,140.79073361766447
3107,33,9,88.55555555555556,49.2014001607452,88.55555555555556,186.95835587704596
3107,34,9,82.44444444444444,52.797043267381724,82.44444444444444,188.0385309792079
3107,35,9,72.77777777777777,34.38305461189341,72.77777777777777,141.5438870015646
3107,36,9,64.0,24.21776207662467,64.0,112.43552415324933
3107,37,9,76.66666666666667,27.694764848252458,76.66666666666667,132.05619636317158
3107,38,9,84.55555555555556,35.306200273858096,84.55555555555556,155.16795610327176
3107,39,9,90.44444444444444,43.90646624106497,90.44444444444444,178.25737692657438
3107,40,9,74.0,21.598611066455177,74.0,117.19722213291035
3107,41,9,80.33333333333333,42.97382924525112,80.33333333333333,166.28099182383556
3107,42,9,94.66666666666667,48.67494221876385,94.66666666666667,192.01655110419438
3107,43,9,103.0,40.06869101929835,103.0,183.13738203859668
3107,44,9,91.66666666666667,40.11857425183502,91.66666666666667,171.9038151703367
3107,45,9,108.22222222222223,56.050820194217,108.22222222222223,220.32386261065625
3107,46,9,113.11111111111111,79.5745632165902,113.11111111111111,272.2602375442915
3107,47,9,157.11111111111111,146.15269792621385,157.11111111111111,449.41650696353884
3107,48,9,186.0,192.92679958989626,186.0,571.8535991797926
3107,49,9,213.0,207.19917953505512,213.0,627.3983590701102
3107,50,9,226.88888888888889,272.37632259635035,226.88888888888889,771.6415340815896
3107,51,9,228.44444444444446,250.77286092752897,228.44444444444446,729.9901662995023
3107,52,9,231.0,367.05789734046044,231.0,965.1157946809209
3108,1,9,490.44444444444446,693.5124568295639,490.44444444444446,1877.4693581035722
3108,2,9,741.2222222222222,1116.6119265189875,741.2222222222222,2974.446075260197
3108,3,9,921.5555555555555,1566.7300430443586,921.5555555555555,4055.015641644273
3108,4,9,979.6666666666666,1494.0272755207652,979.6666666666666,3967.721217708197
3108,5,9,937.7777777777778,1395.490485257583,937.7777777777778,3728.758748292944
3108,6,9,824.4444444444445,1177.5059565784702,824.4444444444445,3179.4563576013848
3108,7,9,915.8888888888889,1353.9695754008328,915.8888888888889,3623.8280396905548
3108,8,9,945.2222222222222,1378.911869716279,945.2222222222222,3703.04596165478
3108,9,9,825.0,1146.4460301296351,825.0,3117.8920602592702
3108,10,9,750.8888888888889,915.9774075331286,750.8888888888889,2582.8437039551463
3108,11,9,642.3333333333334,678.136416954583,642.3333333333334,1998.6061672424994
3108,12,9,581.2222222222222,511.426137818986,581.2222222222222,1604.0744978601942
3108,13,9,491.6666666666667,415.7138438878359,491.6666666666667,1323.0943544423385
3108,14,9,501.44444444444446,453.60751512489054,501.44444444444446,1408.6594746942255
3108,15,9,455.3333333333333,331.1370562169085,455.3333333333333,1117.6074457671502
3108,16,9,376.77777777777777,286.8295564345565,376.77777777777777,950.4368906468908
3108,17,9,376.22222222222223,198.7515897909862,376.22222222222223,773.7254018041947
3108,18,9,305.44444444444446,165.76723976038744,305.44444444444446,636.9789239652193
3108,19,9,294.6666666666667,168.00892833418112,294.6666666666667,630.6845233350289
3108,20,9,267.77777777777777,168.28753502397154,267.77777777777777,604.3528478257208
3108,21,9,233.33333333333334,151.57423923609184,233.33333333333334,536.481811805517
3108,22,9,178.66666666666666,114.91627386928276,178.66666666666666,408.4992144052322
3108,23,9,157.55555555555554,79.32703056195774,157.55555555555554,316.209616679471
3108,24,9,128.55555555555554,77.01478934450043,128.55555555555554,282.5851342445564
3108,25,9,124.22222222222223,75.95356768739994,124.22222222222223,276.12935759702214
3108,26,9,113.22222222222223,73.81019200926417,113.22222222222223,260.84260624075057
3108,27,9,95.66666666666667,63.5963835449784,95.66666666666667,222.85943375662347
3108,28,9,76.88888888888889,51.213876157845256,76.88888888888889,179.3166412045794
3108,29,9,61.44444444444444,45.1638990541979,61.44444444444444,151.77224255284023
3108,30,9,55.22222222222222,35.523857398154895,55.22222222222222,126.269937018532
3108,31,9,49.22222222222222,28.66085212348796,49.22222222222222,106.54392646919814
3108,32,9,46.111111111111114,23.401092092274478,46.111111111111114,92.91329529566008
3108,33,9,41.111111111111114,24.08030546133315,41.111111111111114,89.27172203377742
3108,34,9,40.44444444444444,33.11386081050921,40.44444444444444,106.67216606546286
3108,35,9,34.0,20.402205763103165,34.0,74.80441152620634
3108,36,9,30.666666666666668,23.259406699226012,30.666666666666668,77.1854800651187
3108,37,9,34.666666666666664,23.18404623873926,34.666666666666664,81.03475914414518
3108,38,9,41.111111111111114,21.572230091279646,41.111111111111114,84.25557129367041
3108,39,9,37.666666666666664,23.942639787625758,37.666666666666664,85.55194624191819
3108,40,9,43.55555555555556,35.35219622283427,43.55555555555556,114.2599480012241
3108,41,9,28.444444444444443,11.864981153705125,28.444444444444443,52.17440675185469
3108,42,9,41.0,23.18943725061046,41.0,87.37887450122092
3108,43,9,43.77777777777778,21.776006163767597,43.77777777777778,87.32979010531298
3108,44,9,36.0,22.327113561766108,36.0,80.65422712353222
3108,45,9,59.55555555555556,39.55095166715685,59.55555555555556,138.65745888986925
3108,46,9,54.666666666666664,36.204281514760105,54.666666666666664,127.07522969618688
3108,47,9,92.88888888888889,57.02728391841146,92.88888888888889,206.94345672571183
3108,48,9,108.66666666666667,72.72379253036794,108.66666666666667,254.11425172740257
3108,49,9,129.77777777777777,103.1391993591401,129.77777777777777,336.05617649605796
3108,50,9,153.88888888888889,129.13892175138798,153.88888888888889,412.1667323916648
3108,51,9,216.66666666666666,258.68223750385334,216.66666666666666,734.0311416743733
3108,52,9,274.8333333333333,394.5535451621237,274.8333333333333,1063.9404236575808
3109,1,9,100.33333333333333,132.18074746346383,100.33333333333333,364.694828260261
3109,2,9,136.55555555555554,159.72250241521317,136.55555555555554,456.0005603859819
3109,3,9,179.11111111111111,220.44015312803407,179.11111111111111,619.9914173671792
3109,4,9,220.11111111111111,251.30829893004153,220.11111111111111,722.7277089711941
3109,5,9,232.88888888888889,249.1939227009983,232.88888888888889,731.2767342908854
3109,6,9,256.55555555555554,253.29188257379624,256.55555555555554,763.1393207031481
3109,7,9,332.44444444444446,447.11187389486514,332.44444444444446,1226.6681922341747
3109,8,9,459.77777777777777,595.3897416352119,459.77777777777777,1650.5572610482016
3109,9,9,486.55555555555554,516.5150315119375,486.55555555555554,1519.5856185794305
3109,10,9,512.5555555555555,511.23871897361,512.5555555555555,1535.0329935027755
3109,11,9,635.6666666666666,594.1056303385787,635.6666666666666,1823.877927343824
3109,12,9,662.4444444444445,632.4296623165123,662.4444444444445,1927.303769077469
3109,13,9,732.8888888888889,686.8055482530052,732.8888888888889,2106.4999853948993
3109,14,9,872.7777777777778,825.5353986622526,872.7777777777778,2523.848575102283
3109,15,9,911.6666666666666,873.8632616147678,911.6666666666666,2659.3931898962023
3109,16,9,778.1111111111111,775.1768257056651,778.1111111111111,2328.4647625224416
3109,17,9,764.7777777777778,681.4713452849243,764.7777777777778,2127.7204683476266
3109,18,9,652.7777777777778,649.7610671965846,652.7777777777778,1952.299912170947
3109,19,9,540.0,500.4950049700796,540.0,1540.9900099401593
3109,20,9,410.6666666666667,400.43070561584057,410.6666666666667,1211.5280778983479
3109,21,9,311.77777777777777,345.1151176700963,311.77777777777777,1002.0080131179704
3109,22,9,171.33333333333334,180.84247288731703,171.33333333333334,533.0182791079674
3109,23,9,161.22222222222223,186.6325117562437,161.22222222222223,534.4872457347096
3109,24,9,122.33333333333333,139.48566234563322,122.33333333333333,401.30465802459975
3109,25,9,84.55555555555556,97.7293598555612,84.55555555555556,280.01427526667794
3109,26,9,57.666666666666664,68.67677919064056,57.666666666666664,195.02022504794778
3109,27,9,38.55555555555556,38.797909451126074,38.55555555555556,116.1513744578077
3109,28,9,26.0,21.447610589527216,26.0,68.89522117905443
3109,29,9,19.88888888888889,17.59576969362554,19.88888888888889,55.08042827613997
3109,30,9,17.333333333333332,18.48648154733615,17.333333333333332,54.30629642800564
3109,31,9,15.555555555555555,12.991450179936718,15.555555555555555,41.53845591542899
3109,32,9,13.444444444444445,8.00173592277187,13.444444444444445,29.447916289988186
3109,33,9,10.222222222222221,7.102425250887506,10.222222222222221,24.427072723997235
3109,34,9,12.0,6.264982043070834,12.0,24.529964086141668
3109,35,9,11.0,5.024937810560445,11.0,21.04987562112089
3109,36,9,11.444444444444445,4.612784167699349,11.444444444444445,20.67001277984314
3109,37,9,13.444444444444445,5.681353516353104,13.444444444444445,24.807151477150654
3109,38,9,17.333333333333332,6.819090848492928,17.333333333333332,30.97151503031919
3109,39,9,16.444444444444443,9.139353247236796,16.444444444444443,34.72315093891804
3109,40,9,21.555555555555557,14.25755160529948,21.555555555555557,50.070658766154516
3109,41,9,16.22222222222222,9.162120084589835,16.22222222222222,34.54646239140189
3109,42,9,22.666666666666668,8.246211251235321,22.666666666666668,39.15908916913731
3109,43,9,19.77777777777778,7.446102634562892,19.77777777777778,34.66998304690356
3109,44,9,17.88888888888889,8.417904199449595,17.88888888888889,34.724697287788075
3109,45,9,25.22222222222222,17.50555467400118,25.22222222222222,60.23333157022458
3109,46,9,20.0,18.159019797334878,20.0,56.318039594669756
3109,47,9,25.77777777777778,14.52392661935623,25.77777777777778,54.825631016490235
3109,48,9,31.555555555555557,22.6225060012762,31.555555555555557,76.80056755810796
3109,49,9,37.111111111111114,28.984670277771166,37.111111111111114,95.08045166665345
3109,50,9,38.55555555555556,23.11444954520392,38.55555555555556,84.7844546459634
3109,51,9,46.0,29.732137494637012,46.0,105.46427498927403
3109,52,9,59.44444444444444,77.17206604580299,59.44444444444444,213.7885765360504
3110,1,9,34.55555555555556,59.00870933834919,34.55555555555556,152.57297423225396
3110,2,9,46.77777777777778,79.4556130455517,46.77777777777778,205.68900386888117
3110,3,9,51.22222222222222,95.84724536701326,51.22222222222222,242.91671295624874
3110,4,9,73.33333333333333,126.3576273914638,73.33333333333333,326.04858811626093
3110,5,9,95.22222222222223,159.47161015191526,95.22222222222223,414.16544252605274
3110,6,9,105.66666666666667,155.3560426890438,105.66666666666667,416.37875204475426
3110,7,9,142.11111111111111,233.84152991098722,142.11111111111111,609.7941709330855
3110,8,9,176.33333333333334,234.83664535161458,176.33333333333334,646.0066240365625
3110,9,9,211.44444444444446,245.1520503234223,211.44444444444446,701.7485450912891
3110,10,9,213.77777777777777,250.3940782934861,213.77777777777777,714.56593436475
3110,11,9,211.0,236.14508252343515,211.0,683.2901650468702
3110,12,9,240.22222222222223,262.95949202195465,240.22222222222223,766.1412062661316
3110,13,9,261.8888888888889,300.72098548506904,261.8888888888889,863.330859859027
3110,14,9,301.77777777777777,328.36290052995395,301.77777777777777,958.5035788376856
3110,15,9,315.6666666666667,381.7364928848171,315.6666666666667,1079.1396524363008
3110,16,9,295.77777777777777,361.3626218142165,295.77777777777777,1018.5030214062108
3110,17,9,281.77777777777777,333.3672066122348,281.77777777777777,948.5121910022474
3110,18,9,250.66666666666666,347.77614926846263,250.66666666666666,946.2189652035919
3110,19,9,199.55555555555554,274.07166540483126,199.55555555555554,747.6988863652181
3110,20,9,153.88888888888889,227.0547535532148,153.88888888888889,607.9983959953184
3110,21,9,111.66666666666667,142.73927280184665,111.66666666666667,397.14521227036
3110,22,9,67.77777777777777,78.44548708781433,67.77777777777777,224.66875195340643
3110,23,9,57.0,70.8078385491324,57.0,198.6156770982648
3110,24,9,44.0,60.49380133534344,44.0,164.9876026706869
3110,25,9,32.0,38.890872965260115,32.0,109.78174593052023
3110,26,9,22.11111111111111,24.440971975580492,22.11111111111111,70.99305506227209
3110,27,9,11.777777777777779,11.540989751509377,11.777777777777779,34.85975728079653
3110,28,9,8.222222222222221,7.102425250887506,8.222222222222221,22.427072723997235
3110,29,9,7.0,7.483314773547883,7.0,21.966629547095764
3110,30,9,8.777777777777779,5.044248650140519,8.777777777777779,18.866275078058816
3110,31,9,6.777777777777778,5.890199015690763,6.777777777777778,18.558175809159305
3110,32,9,6.555555555555555,2.833333333333333,6.555555555555555,12.222222222222221
3110,33,9,7.444444444444445,3.5746017649212027,7.444444444444445,14.59364797428685
3110,34,9,4.444444444444445,2.6034165586355513,4.444444444444445,9.651277561715547
3110,35,9,5.555555555555555,4.27525177946022,5.555555555555555,14.106059114475995
3110,36,9,6.111111111111111,3.9510898637098992,6.111111111111111,14.01329083853091
3110,37,9,9.444444444444445,4.772607021092118,9.444444444444445,18.98965848662868
3110,38,9,10.333333333333334,7.365459931328117,10.333333333333334,25.06425319598957
3110,39,9,8.88888888888889,8.608781046763305,8.88888888888889,26.1064509824155
3110,40,9,10.666666666666666,7.54983443527075,10.666666666666666,25.766335537208164
3110,41,9,11.777777777777779,9.107384061542835,11.777777777777779,29.992545900863448
3110,42,9,12.0,10.523782589924593,12.0,33.04756517984919
3110,43,9,12.88888888888889,11.450376024878446,12.88888888888889,35.78964093864578
3110,44,9,11.555555555555555,7.763876465901411,11.555555555555555,27.083308487358376
3110,45,9,12.777777777777779,7.628528327563872,12.777777777777779,28.034834432905523
3110,46,9,12.666666666666666,13.674794331177344,12.666666666666666,40.016255329021355
3110,47,9,15.11111111111111,11.406625754845782,15.11111111111111,37.924362620802675
3110,48,9,14.333333333333334,10.735455276791944,14.333333333333334,35.80424388691722
3110,49,9,16.444444444444443,13.76690879528799,16.444444444444443,43.97826203502042
3110,50,9,21.555555555555557,22.92984469589312,21.555555555555557,67.41524494734179
3110,51,9,25.11111111111111,21.710852381035412,25.11111111111111,68.53281587318193
3110,52,9,22.27777777777778,30.19841791293783,22.27777777777778,82.67461360365344
3111,1,9,4.888888888888889,10.276726672978663,4.888888888888889,25.442342234846215
3111,2,9,7.444444444444445,15.796448264650436,7.444444444444445,39.037340973745316
3111,3,9,10.88888888888889,18.83775759242886,10.88888888888889,48.564404073746616
3111,4,9,10.11111111111111,19.990275413588254,10.11111111111111,50.091661938287615
3111,5,9,18.77777777777778,47.74614585958164,18.77777777777778,114.27006949694106
3111,6,9,16.333333333333332,35.57386681259152,16.333333333333332,87.48106695851637
3111,7,9,31.0,81.02931568265895,31.0,193.0586313653179
3111,8,9,46.44444444444444,122.52664109399953,46.44444444444444,291.4977266324435
3111,9,9,59.333333333333336,160.78323917622757,59.333333333333336,380.89981168578845
3111,10,9,63.888888888888886,164.86088411479273,63.888888888888886,393.61065711847436
3111,11,9,58.44444444444444,134.73595577193854,58.44444444444444,327.9163559883215
3111,12,9,58.666666666666664,128.13176811392245,58.666666666666664,314.9302028945116
3111,13,9,82.77777777777777,186.02471460653942,82.77777777777777,454.8272069908566
3111,14,9,95.88888888888889,188.80839788290962,95.88888888888889,473.50568465470815
3111,15,9,108.33333333333333,209.093280618962,108.33333333333333,526.5198945712574
3111,16,9,117.0,228.92957432363343,117.0,574.8591486472669
3111,17,9,121.55555555555556,240.70838742714758,121.55555555555556,602.9723304098508
3111,18,9,86.44444444444444,170.54626286664208,86.44444444444444,427.5369701777286
3111,19,9,69.55555555555556,136.3452521277429,69.55555555555556,342.24605981104133
3111,20,9,54.22222222222222,111.24160392786703,54.22222222222222,276.7054300779563
3111,21,9,31.22222222222222,63.17787939179697,31.22222222222222,157.57798100581616
3111,22,9,29.22222222222222,62.772959500444486,29.22222222222222,154.7681412231112
3111,23,9,15.777777777777779,29.55409353109049,15.777777777777779,74.88596483995876
3111,24,9,8.333333333333334,11.832159566199232,8.333333333333334,31.997652465731797
3111,25,9,5.0,5.937171043518958,5.0,16.874342087037917
3111,26,9,4.0,5.522680508593631,4.0,15.045361017187261
3111,27,9,2.888888888888889,3.855011168740126,2.888888888888889,10.598911226369141
3111,28,9,2.3333333333333335,3.464101615137754,2.3333333333333335,9.261536563608841
3111,29,9,0.7777777777777778,0.8333333333333334,0.7777777777777778,2.4444444444444446
3111,30,9,1.3333333333333333,1.6583123951777,1.3333333333333333,4.649958123688733
3111,31,9,0.6666666666666666,1.0,0.6666666666666666,2.6666666666666665
3111,32,9,0.7777777777777778,1.3944333775567928,0.7777777777777778,3.566644532891363
3111,33,9,0.5555555555555556,0.881917103688197,0.5555555555555556,2.3193897629319498
3111,34,9,1.1111111111111112,1.536590742882148,1.1111111111111112,4.184292596875407
3111,35,9,1.0,1.4142135623730951,1.0,3.8284271247461903
3111,36,9,0.7777777777777778,0.6666666666666667,0.7777777777777778,2.111111111111111
3111,37,9,1.1111111111111112,0.927960727138337,1.1111111111111112,2.967032565387785
3111,38,9,1.1111111111111112,1.1666666666666667,1.1111111111111112,3.4444444444444446
3111,39,9,1.4444444444444444,1.3333333333333333,1.4444444444444444,4.111111111111111
3111,40,9,1.6666666666666667,1.7320508075688772,1.6666666666666667,5.130768281804421
3111,41,9,1.3333333333333333,1.118033988749895,1.3333333333333333,3.569401310833123
3111,42,9,2.111111111111111,2.0275875100994063,2.111111111111111,6.166286131309924
3111,43,9,2.0,2.23606797749979,2.0,6.47213595499958
3111,44,9,1.1111111111111112,1.536590742882148,1.1111111111111112,4.184292596875407
3111,45,9,2.111111111111111,2.5221243250702594,2.111111111111111,7.1553597612516295
3111,46,9,1.1111111111111112,1.536590742882148,1.1111111111111112,4.184292596875407
3111,47,9,2.111111111111111,2.147349787787521,2.111111111111111,6.405810686686154
3111,48,9,3.888888888888889,4.013864859597431,3.888888888888889,11.916618608083752
3111,49,9,2.6666666666666665,3.1224989991991996,2.6666666666666665,8.911664665065066
3111,50,9,4.555555555555555,5.547772325697745,4.555555555555555,15.651100206951046
3111,51,9,3.5555555555555554,4.693375946776241,3.5555555555555554,12.942307449108037
3111,52,9,3.5,5.623610939600996,3.5,14.747221879201993
3112,1,9,400.8888888888889,932.5382625453559,400.8888888888889,2265.9654139796007
3112,2,9,485.77777777777777,1029.6014736025022,485.77777777777777,2544.9807249827822
3112,3,9,506.8888888888889,974.631012799773,506.8888888888889,2456.150914488435
3112,4,9,536.2222222222222,1013.9110880370351,536.2222222222222,2564.0443982962925
3112,5,9,622.0,1127.2100514101176,622.0,2876.420102820235
3112,6,9,543.7777777777778,907.9398077209989,543.7777777777778,2359.6573932197757
3112,7,9,879.1111111111111,1909.8832715930862,879.1111111111111,4698.877654297284
3112,8,9,1119.2222222222222,2173.1388461035904,1119.2222222222222,5465.499914429403
3112,9,9,1147.2222222222222,2029.4422742331067,1147.2222222222222,5206.106770688435
3112,10,9,1145.0,1874.8967304894422,1145.0,4894.7934609788845
3112,11,9,1213.2222222222222,1836.7212484327729,1213.2222222222222,4886.664719087768
3112,12,9,1192.888888888889,1528.2541055436793,1192.888888888889,4249.397099976248
3112,13,9,1113.7777777777778,1438.924926618635,1113.7777777777778,3991.627631015048
3112,14,9,1332.4444444444443,1538.7452770935733,1332.4444444444443,4409.934998631591
3112,15,9,1386.3333333333333,1408.5572405834275,1386.3333333333333,4203.4478145001885
3112,16,9,1190.6666666666667,1205.5121318344331,1190.6666666666667,3601.6909303355333
3112,17,9,1140.3333333333333,1095.7077621336814,1140.3333333333333,3331.7488576006963
3112,18,9,935.8888888888889,877.5839624281606,935.8888888888889,2691.05681374521
3112,19,9,723.7777777777778,611.8314264929879,723.7777777777778,1947.4406307637537
3112,20,9,535.2222222222222,429.7969804971231,535.2222222222222,1394.8161832164683
3112,21,9,367.3333333333333,301.48465964290784,367.3333333333333,970.3026526191491
3112,22,9,239.55555555555554,190.836390077411,239.55555555555554,621.2283357103776
3112,23,9,206.11111111111111,161.62413529888138,206.11111111111111,529.3593817088739
3112,24,9,141.66666666666666,119.60664697248225,141.66666666666666,380.8799606116312
3112,25,9,95.0,81.16033513977132,95.0,257.32067027954264
3112,26,9,69.11111111111111,45.32230257953706,69.11111111111111,159.75571627018525
3112,27,9,50.55555555555556,46.430354056132046,50.55555555555556,143.41626366781963
3112,28,9,41.77777777777778,40.825169251877504,41.77777777777778,123.4281162815328
3112,29,9,32.55555555555556,36.469545894866556,32.55555555555556,105.49464734528867
3112,30,9,29.0,29.3981291921782,29.0,87.7962583843564
3112,31,9,25.88888888888889,22.40783593101108,25.88888888888889,70.70456075091104
3112,32,9,22.444444444444443,20.96491778609632,22.444444444444443,64.37428001663707
3112,33,9,22.0,21.071307505705477,22.0,64.14261501141095
3112,34,9,15.88888888888889,13.751767563157514,15.88888888888889,43.392424015203915
3112,35,9,18.666666666666668,11.926860441876563,18.666666666666668,42.5203875504198
3112,36,9,15.555555555555555,9.658042129633614,15.555555555555555,34.871639814822785
3112,37,9,19.333333333333332,10.344080432788601,19.333333333333332,40.02149419891053
3112,38,9,28.88888888888889,24.343605137923,28.88888888888889,77.57609916473488
3112,39,9,26.333333333333332,12.449899597988733,26.333333333333332,51.233132529310794
3112,40,9,23.88888888888889,15.11162172339922,23.88888888888889,54.11213233568733
3112,41,9,20.11111111111111,12.393994961718805,20.11111111111111,44.89910103454872
3112,42,9,29.333333333333332,24.140215409146624,29.333333333333332,77.61376415162658
3112,43,9,30.555555555555557,20.857319525235688,30.555555555555557,72.27019460602693
3112,44,9,33.888888888888886,39.60885142378041,33.888888888888886,113.1065917364497
3112,45,9,40.22222222222222,56.16444110328566,40.22222222222222,152.55110442879354
3112,46,9,47.333333333333336,65.7381167968782,47.333333333333336,178.80956692708975
3112,47,9,53.666666666666664,82.13555868197403,53.666666666666664,217.93778403061472
3112,48,9,90.22222222222223,164.31735892608683,90.22222222222223,418.8569400743959
3112,49,9,129.77777777777777,236.80623818735106,129.77777777777777,603.3902541524799
3112,50,9,160.55555555555554,302.2429118735091,160.55555555555554,765.0413793025738
3112,51,9,144.77777777777777,272.0982257282183,144.77777777777777,688.9742292342144
3112,52,9,165.77777777777777,370.92276075275356,165.77777777777777,907.623299283285
3201,1,9,46.55555555555556,63.44113632161532,46.55555555555556,173.43782819878618
3201,2,9,46.666666666666664,54.35531252784773,46.666666666666664,155.37729172236212
3201,3,9,49.666666666666664,61.06349154773252,49.666666666666664,171.7936497621317
3201,4,9,61.888888888888886,82.24421627756637,61.888888888888886,226.37732144402162
3201,5,9,72.66666666666667,100.86624807139403,72.66666666666667,274.3991628094547
3201,6,9,71.22222222222223,94.24672113365241,71.22222222222223,259.71566448952706
3201,7,9,106.77777777777777,159.6502253191158,106.77777777777777,426.0782284160094
3201,8,9,119.33333333333333,164.9545391918634,119.33333333333333,449.2424117170601
3201,9,9,111.55555555555556,146.6143846209429,111.55555555555556,404.78432479744134
3201,10,9,85.33333333333333,83.39364484179835,85.33333333333333,252.12062301693004
3201,11,9,118.0,112.50888853775065,118.0,343.0177770755013
3201,12,9,114.88888888888889,123.20252071735834,114.88888888888889,361.29393032360554
3201,13,9,116.33333333333333,122.05736356320335,116.33333333333333,360.44806045974
3201,14,9,146.22222222222223,152.54161545114317,146.22222222222223,451.3054531245086
3201,15,9,136.66666666666666,132.46508974065583,136.66666666666666,401.59684614797834
3201,16,9,117.33333333333333,116.81181447096866,117.33333333333333,350.95696227527066
3201,17,9,116.55555555555556,112.68552603496946,116.55555555555556,341.92660762549446
3201,18,9,115.33333333333333,129.00193796993904,115.33333333333333,373.3372092732114
3201,19,9,103.22222222222223,101.93352953981552,103.22222222222223,307.08928130185325
3201,20,9,98.66666666666667,108.07636189287646,98.66666666666667,314.8193904524196
3201,21,9,96.77777777777777,107.38805540861816,96.77777777777777,311.5538885950141
3201,22,9,75.77777777777777,82.434485771699,75.77777777777777,240.64674932117578
3201,23,9,69.55555555555556,79.25766699681348,69.55555555555556,228.07088954918254
3201,24,9,61.55555555555556,65.7250163771587,61.55555555555556,193.00558830987296
3201,25,9,53.55555555555556,57.46109795137731,53.55555555555556,168.4777514583102
3201,26,9,43.77777777777778,44.575155013128615,43.77777777777778,132.92808780403502
3201,27,9,39.22222222222222,53.14785456106807,39.22222222222222,145.51793134435837
3201,28,9,26.88888888888889,29.683515814524252,26.88888888888889,86.2559205179374
3201,29,9,28.333333333333332,41.59026328361003,28.333333333333332,111.51385990055338
3201,30,9,22.333333333333332,29.95413160150032,22.333333333333332,82.24159653633397
3201,31,9,24.77777777777778,33.696356545544276,24.77777777777778,92.17049086886632
3201,32,9,25.22222222222222,33.24822468109304,25.22222222222222,91.7186715844083
3201,33,9,23.22222222222222,20.09836919863013,23.22222222222222,63.41896061948248
3201,34,9,20.555555555555557,28.71894457980268,20.555555555555557,77.99344471516092
3201,35,9,18.0,20.71231517720798,18.0,59.42463035441596
3201,36,9,12.777777777777779,16.686654681045102,12.777777777777779,46.15108713986798
3201,37,9,14.555555555555555,16.455326729596642,14.555555555555555,47.46620901474884
3201,38,9,12.88888888888889,14.27799394561824,12.88888888888889,41.44487678012537
3201,39,9,11.444444444444445,11.88603288645029,11.444444444444445,35.216510217345025
3201,40,9,13.88888888888889,14.920157878223378,13.88888888888889,43.72920464533564
3201,41,9,9.555555555555555,7.715424666068471,9.555555555555555,24.986404887692498
3201,42,9,14.555555555555555,14.85017770189225,14.555555555555555,44.255910959340056
3201,43,9,12.11111111111111,11.794537341969422,12.11111111111111,35.700185795049954
3201,44,9,14.333333333333334,21.817424229271428,14.333333333333334,57.96818179187619
3201,45,9,20.11111111111111,28.0644100438814,20.11111111111111,76.2399311988739
3201,46,9,27.666666666666668,40.10922587136281,27.666666666666668,107.88511840939229
3201,47,9,23.333333333333332,32.00781154655844,23.333333333333332,87.34895642645021
3201,48,9,28.22222222222222,42.23972590399285,28.22222222222222,112.70167403020793
3201,49,9,27.0,33.481338085566414,27.0,93.96267617113283
3201,50,9,30.333333333333332,39.2587569849072,30.333333333333332,108.85084730314773
3201,51,9,25.333333333333332,29.2702921065028,25.333333333333332,83.87391754633893
3201,52,9,25.38888888888889,29.80329027324183,25.38888888888889,84.99546943537256
3202,1,9,56.44444444444444,41.57256039478177,56.44444444444444,139.58956523400798
3202,2,9,77.22222222222223,60.01828425108839,77.22222222222223,197.258790724399
3202,3,9,79.88888888888889,67.8554427523033,79.88888888888889,215.5997743934955
3202,4,9,92.88888888888889,98.04902401916661,92.88888888888889,288.98693692722213
3202,5,9,73.0,59.59236528281119,73.0,192.18473056562237
3202,6,9,86.11111111111111,70.03114386550537,86.11111111111111,226.17339884212186
3202,7,9,95.11111111111111,93.13893445338051,95.11111111111111,281.38898001787214
3202,8,9,103.33333333333333,100.50373127401788,103.33333333333333,304.3407958813691
3202,9,9,110.33333333333333,77.69330730506972,110.33333333333333,265.7199479434728
3202,10,9,101.22222222222223,61.21228997876525,101.22222222222223,223.64680217975274
3202,11,9,107.44444444444444,68.08654623182012,107.44444444444444,243.61753690808467
3202,12,9,122.77777777777777,66.50522118183237,122.77777777777777,255.7882201414425
3202,13,9,129.0,67.45739396092915,129.0,263.9147879218583
3202,14,9,129.77777777777777,77.93711852798026,129.77777777777777,285.6520148337383
3202,15,9,143.0,75.04332082204252,143.0,293.08664164408503
3202,16,9,123.0,55.15886148208645,123.0,233.3177229641729
3202,17,9,151.22222222222223,73.52002750573781,151.22222222222223,298.2622772336979
3202,18,9,151.88888888888889,88.04749349703893,151.88888888888889,327.98387588296674
3202,19,9,151.33333333333334,94.54099639838795,151.33333333333334,340.41532613010924
3202,20,9,143.77777777777777,67.09466777952213,143.77777777777777,277.967113336822
3202,21,9,125.77777777777777,58.428969222847364,125.77777777777777,242.6357162234725
3202,22,9,123.55555555555556,61.23951157363828,123.55555555555556,246.0345787028321
3202,23,9,121.11111111111111,72.58692107474398,121.11111111111111,266.2849532605991
3202,24,9,107.22222222222223,61.12646271824049,107.22222222222223,229.4751476587032
3202,25,9,95.44444444444444,53.29660193462411,95.44444444444444,202.03764831369267
3202,26,9,94.44444444444444,66.43815001772533,94.44444444444444,227.3207444798951
3202,27,9,82.88888888888889,54.59726285365514,82.88888888888889,192.08341459619916
3202,28,9,75.66666666666667,51.91098149717457,75.66666666666667,179.4886296610158
3202,29,9,77.44444444444444,53.338801802981834,77.44444444444444,184.12204805040813
3202,30,9,68.44444444444444,44.28913837249239,68.44444444444444,157.0227211894292
3202,31,9,66.11111111111111,38.49819620594076,66.11111111111111,143.10750352299263
3202,32,9,65.66666666666667,36.345563690772494,65.66666666666667,138.35779404821164
3202,33,9,66.66666666666667,30.97579700346708,66.66666666666667,128.61826067360084
3202,34,9,57.77777777777778,38.632168518534456,57.77777777777778,135.04211481484668
3202,35,9,55.333333333333336,40.28647415696737,55.333333333333336,135.9062816472681
3202,36,9,45.77777777777778,43.08357511215202,45.77777777777778,131.9449280020818
3202,37,9,49.44444444444444,39.604643386574985,49.44444444444444,128.6537312175944
3202,38,9,53.55555555555556,53.07332454046739,53.55555555555556,159.70220463649034
3202,39,9,53.666666666666664,56.25833271614081,53.666666666666664,166.18333209894828
3202,40,9,53.55555555555556,57.074756046590146,53.55555555555556,167.70506764873585
3202,41,9,41.666666666666664,39.77750620639761,41.666666666666664,121.2216790794619
3202,42,9,50.0,49.17062130988381,50.0,148.34124261976763
3202,43,9,43.55555555555556,42.38546658676506,43.55555555555556,128.32648872908567
3202,44,9,39.22222222222222,41.38169214090265,39.22222222222222,121.98560650402752
3202,45,9,40.888888888888886,31.841185767981553,40.888888888888886,104.571260424852
3202,46,9,40.22222222222222,43.513727080594286,40.22222222222222,127.24967638341079
3202,47,9,47.0,20.904544960366874,47.0,88.80908992073375
3202,48,9,55.0,43.243496620879306,55.0,141.48699324175863
3202,49,9,48.0,34.31836243179444,48.0,116.63672486358888
3202,50,9,73.33333333333333,60.5413082118317,73.33333333333333,194.41594975699672
3202,51,9,51.44444444444444,27.568601302528528,51.44444444444444,106.5816470495015
3202,52,9,46.94444444444444,28.888194436097557,46.94444444444444,104.72083331663956
3203,1,9,358.44444444444446,319.67839742118605,358.44444444444446,997.8012392868166
3203,2,9,471.1111111111111,411.7020902437965,471.1111111111111,1294.5152915987042
3203,3,9,505.3333333333333,478.5527661606398,505.3333333333333,1462.438865654613
3203,4,9,522.8888888888889,492.63435843545375,522.8888888888889,1508.1576057597963
3203,5,9,493.6666666666667,498.58549918745126,493.6666666666667,1490.8376650415692
3203,6,9,475.77777777777777,545.2012880069566,475.77777777777777,1566.180353791691
3203,7,9,497.0,510.45567878122387,497.0,1517.9113575624478
3203,8,9,616.7777777777778,755.8908283902143,616.7777777777778,2128.5594345582067
3203,9,9,643.1111111111111,857.1686596645441,643.1111111111111,2357.4484304401994
3203,10,9,647.2222222222222,864.6115858837682,647.2222222222222,2376.4453939897585
3203,11,9,731.4444444444445,954.750767361712,731.4444444444445,2640.9459791678682
3203,12,9,739.2222222222222,849.217401166771,739.2222222222222,2437.657024555764
3203,13,9,687.5555555555555,731.9375163070805,687.5555555555555,2151.4305881697164
3203,14,9,748.5555555555555,844.0933169844302,748.5555555555555,2436.742189524416
3203,15,9,698.5555555555555,671.0352284178363,698.5555555555555,2040.626012391228
3203,16,9,645.1111111111111,625.6971001300159,645.1111111111111,1896.5053113711429
3203,17,9,673.2222222222222,579.8680405440917,673.2222222222222,1832.9583033104057
3203,18,9,634.4444444444445,583.3547615111904,634.4444444444445,1801.1539674668252
3203,19,9,686.5555555555555,617.3716690760742,686.5555555555555,1921.2988937077039
3203,20,9,651.4444444444445,603.6659074171555,651.4444444444445,1858.7762592787553
3203,21,9,557.1111111111111,507.43877572679753,557.1111111111111,1571.9886625647061
3203,22,9,472.22222222222223,388.05308199322997,472.22222222222223,1248.328386208682
3203,23,9,456.77777777777777,349.5757349194083,456.77777777777777,1155.9292476165945
3203,24,9,381.8888888888889,272.2106006589587,381.8888888888889,926.3100902068063
3203,25,9,331.44444444444446,233.7932372370462,331.44444444444446,799.0309189185368
3203,26,9,305.0,190.2721734778893,305.0,685.5443469557786
3203,27,9,265.6666666666667,169.38491668386533,265.6666666666667,604.4365000343973
3203,28,9,251.55555555555554,143.60545873252096,251.55555555555554,538.7664730205975
3203,29,9,232.88888888888889,127.22857820124813,232.88888888888889,487.34604529138517
3203,30,9,235.33333333333334,139.78465581028556,235.33333333333334,514.9026449539044
3203,31,9,222.55555555555554,129.0950339005253,222.55555555555554,480.74562335660613
3203,32,9,207.66666666666666,122.29472596968358,207.66666666666666,452.25611860603385
3203,33,9,178.66666666666666,99.32144783479548,178.66666666666666,377.3095623362576
3203,34,9,177.88888888888889,112.8510571997937,177.88888888888889,403.59100328847626
3203,35,9,163.22222222222223,92.70487821276961,163.22222222222223,348.63197864776146
3203,36,9,135.11111111111111,74.55609372218417,135.11111111111111,284.22329855547946
3203,37,9,172.33333333333334,116.78826995893039,172.33333333333334,405.9098732511941
3203,38,9,176.33333333333334,118.861263664829,176.33333333333334,414.05586066299134
3203,39,9,158.66666666666666,86.82309600561362,158.66666666666666,332.3128586778939
3203,40,9,151.22222222222223,92.78439763475562,151.22222222222223,336.79101749173344
3203,41,9,135.44444444444446,69.95554143724267,135.44444444444446,275.35552731892983
3203,42,9,182.55555555555554,118.53808576899569,182.55555555555554,419.63172709354694
3203,43,9,164.66666666666666,93.33675588962797,164.66666666666666,351.34017844592256
3203,44,9,146.66666666666666,89.2370438775288,146.66666666666666,325.1407544217243
3203,45,9,171.55555555555554,97.66282700074669,171.55555555555554,366.8812095570489
3203,46,9,164.0,98.38190890605854,164.0,360.76381781211705
3203,47,9,219.88888888888889,127.92912534333654,219.88888888888889,475.74713957556196
3203,48,9,250.22222222222223,163.1975626179645,250.22222222222223,576.6173474581512
3203,49,9,298.22222222222223,236.11690842556035,298.22222222222223,770.4560390733429
3203,50,9,344.1111111111111,284.3670359080164,344.1111111111111,912.8451829271439
3203,51,9,289.77777777777777,225.72537394906328,289.77777777777777,741.2285256759044
3203,52,9,289.05555555555554,244.04129318166173,289.05555555555554,777.138141918879
3204,1,9,146.0,340.43060966957717,146.0,826.8612193391543
3204,2,9,168.88888888888889,385.57179760857906,168.88888888888889,940.032484106047
3204,3,9,232.88888888888889,550.7672930658747,232.88888888888889,1334.4234750206383
3204,4,9,209.33333333333334,463.9275266676898,209.33333333333334,1137.1883866687128
3204,5,9,229.88888888888889,496.51597266463756,229.88888888888889,1222.920834218164
3204,6,9,196.66666666666666,384.25056929040454,196.66666666666666,965.1678052474757
3204,7,9,200.33333333333334,374.1152897169534,200.33333333333334,948.5639127672401
3204,8,9,256.6666666666667,394.4103193376157,256.6666666666667,1045.487305341898
3204,9,9,283.6666666666667,418.3912642491475,283.6666666666667,1120.4491951649618
3204,10,9,308.1111111111111,384.13065630213777,308.1111111111111,1076.3724237153865
3204,11,9,328.8888888888889,388.6770653268741,328.8888888888889,1106.243019542637
3204,12,9,262.44444444444446,305.87338520665344,262.44444444444446,874.1912148577513
3204,13,9,276.1111111111111,334.825493520298,276.1111111111111,945.762098151707
3204,14,9,273.22222222222223,318.45202848222596,273.22222222222223,910.1262791866741
3204,15,9,292.3333333333333,317.8030050204057,292.3333333333333,927.9393433741448
3204,16,9,264.1111111111111,353.82002644156694,264.1111111111111,971.751163994245
3204,17,9,257.3333333333333,276.7092336731827,257.3333333333333,810.7518006796988
3204,18,9,224.77777777777777,255.97303460412473,224.77777777777777,736.7238469860272
3204,19,9,223.0,237.96585889576681,223.0,698.9317177915336
3204,20,9,194.22222222222223,200.60768789965266,194.22222222222223,595.4375980215275
3204,21,9,139.33333333333334,102.80685774791485,139.33333333333334,344.947048829163
3204,22,9,102.88888888888889,62.42284126112101,102.88888888888889,227.7345714111309
3204,23,9,115.66666666666667,72.65672714897086,115.66666666666667,260.9801209646084
3204,24,9,94.33333333333333,58.68560300448484,94.33333333333333,211.704539342303
3204,25,9,76.77777777777777,41.62864932284549,76.77777777777777,160.03507642346875
3204,26,9,70.22222222222223,45.713175829780674,70.22222222222223,161.6485738817836
3204,27,9,58.44444444444444,38.63001136134673,58.44444444444444,135.70446716713792
3204,28,9,49.333333333333336,37.613162589710534,49.333333333333336,124.5596585127544
3204,29,9,42.77777777777778,31.50308626856176,42.77777777777778,105.78395031490129
3204,30,9,45.888888888888886,40.692273358846776,45.888888888888886,127.27343560658244
3204,31,9,39.55555555555556,43.46007107423753,39.55555555555556,126.47569770403062
3204,32,9,39.666666666666664,39.2587569849072,39.666666666666664,118.18418063648107
3204,33,9,35.77777777777778,26.05656240651181,35.77777777777778,87.8909025908014
3204,34,9,29.444444444444443,24.955515978993056,29.444444444444443,79.35547640243055
3204,35,9,27.333333333333332,21.20141504711419,27.333333333333332,69.7361634275617
3204,36,9,26.11111111111111,23.50236394729498,26.11111111111111,73.11583900570108
3204,37,9,27.11111111111111,21.02049264672717,27.11111111111111,69.15209640456546
3204,38,9,29.77777777777778,44.563936590526254,29.77777777777778,118.90565095883028
3204,39,9,33.333333333333336,43.62338822237447,33.333333333333336,120.58010977808229
3204,40,9,44.44444444444444,76.91734380344772,44.44444444444444,198.2791320513399
3204,41,9,44.888888888888886,79.01968812334754,44.888888888888886,202.92826513558396
3204,42,9,45.22222222222222,84.04132581322385,45.22222222222222,213.30487384866993
3204,43,9,63.44444444444444,137.3290856948293,63.44444444444444,338.10261583410306
3204,44,9,65.77777777777777,144.00067515273824,65.77777777777777,353.77912808325425
3204,45,9,60.111111111111114,118.55425387185022,60.111111111111114,297.21961885481153
3204,46,9,55.111111111111114,98.1942519250038,55.111111111111114,251.4996149611187
3204,47,9,70.66666666666667,146.11553647713168,70.66666666666667,362.89773962093005
3204,48,9,77.88888888888889,143.0327274126838,77.88888888888889,363.95434371425654
3204,49,9,88.11111111111111,167.41523560032135,88.11111111111111,422.9415823117538
3204,50,9,105.55555555555556,207.38618029603074,105.55555555555556,520.3279161476171
3204,51,9,98.11111111111111,191.44610497764407,98.11111111111111,481.0033210663993
3204,52,9,105.0,214.6468029112011,105.0,534.2936058224022
3301,1,9,237.77777777777777,472.63193337357603,237.77777777777777,1183.0416445249298
3301,2,9,271.0,441.43827428078777,271.0,1153.8765485615754
3301,3,9,285.44444444444446,439.56259824714135,285.44444444444446,1164.5696409387272
3301,4,9,260.1111111111111,405.62989425227414,260.1111111111111,1071.3708996156593
3301,5,9,218.55555555555554,327.6969297655652,218.55555555555554,873.9494150866859
3301,6,9,168.11111111111111,238.31515082157725,168.11111111111111,644.7414127542656
3301,7,9,189.55555555555554,281.91226964745215,189.55555555555554,753.3800948504598
3301,8,9,215.77777777777777,344.0159072549472,215.77777777777777,903.8095922876721
3301,9,9,199.44444444444446,303.9128621460069,199.44444444444446,807.2701687364582
3301,10,9,186.11111111111111,339.6724320740662,186.11111111111111,865.4559752592435
3301,11,9,166.11111111111111,265.0733127101088,166.11111111111111,696.2577365313286
3301,12,9,130.55555555555554,163.71935675960182,130.55555555555554,457.9942690747592
3301,13,9,108.88888888888889,125.24720001305862,108.88888888888889,359.3832889150061
3301,14,9,127.44444444444444,141.59635510060906,127.44444444444444,410.6371546456626
3301,15,9,146.55555555555554,140.5294551963316,146.55555555555554,427.61446594821876
3301,16,9,101.77777777777777,119.83507184645255,101.77777777777777,341.4479214706829
3301,17,9,102.88888888888889,99.04095673564099,102.88888888888889,300.97080236017086
3301,18,9,110.0,109.80664825045886,110.0,329.6132965009177
3301,19,9,103.11111111111111,107.33410972804083,103.11111111111111,317.7793305671928
3301,20,9,112.44444444444444,124.51015130413172,112.44444444444444,361.4647470527079
3301,21,9,84.44444444444444,88.21863622714748,84.44444444444444,260.8817168987394
3301,22,9,57.111111111111114,55.873617308270916,57.111111111111114,168.85834572765293
3301,23,9,59.111111111111114,70.259242175753,59.111111111111114,199.62959546261712
3301,24,9,51.44444444444444,54.09970219675685,51.44444444444444,159.64384883795816
3301,25,9,39.22222222222222,53.78377491813348,39.22222222222222,146.78977205848918
3301,26,9,41.333333333333336,41.28861828639946,41.333333333333336,123.91056990613225
3301,27,9,35.55555555555556,38.36701418898502,35.55555555555556,112.28958393352559
3301,28,9,27.555555555555557,38.688212387984244,27.555555555555557,104.93198033152404
3301,29,9,26.444444444444443,36.2391746288154,26.444444444444443,98.92279370207524
3301,30,9,23.22222222222222,29.617468569147572,23.22222222222222,82.45715936051737
3301,31,9,27.333333333333332,33.28663395418648,27.333333333333332,93.90660124170628
3301,32,9,25.333333333333332,38.616706229299254,25.333333333333332,102.56674579193184
3301,33,9,15.555555555555555,21.231527919058905,15.555555555555555,58.01861139367337
3301,34,9,18.555555555555557,31.085008891389716,18.555555555555557,80.72557333833498
3301,35,9,16.11111111111111,28.550150807151805,16.11111111111111,73.21141272541472
3301,36,9,14.666666666666666,21.447610589527216,14.666666666666666,57.561887845721095
3301,37,9,14.777777777777779,19.44079330800172,14.777777777777779,53.65936439378122
3301,38,9,15.333333333333334,24.63736998950984,15.333333333333334,64.60807331235301
3301,39,9,15.0,15.524174696260024,15.0,46.04834939252005
3301,40,9,16.444444444444443,19.436506316151,16.444444444444443,55.31745707674644
3301,41,9,17.0,27.13392710243027,17.0,71.26785420486054
3301,42,9,14.333333333333334,13.341664064126334,14.333333333333334,41.016661461586004
3301,43,9,21.555555555555557,25.754179811785463,21.555555555555557,73.06391517912648
3301,44,9,25.11111111111111,33.0357550407299,25.11111111111111,91.18262119257092
3301,45,9,39.55555555555556,52.08913301042529,39.55555555555556,143.73382157640614
3301,46,9,34.44444444444444,41.608626242376445,34.44444444444444,117.66169692919733
3301,47,9,42.55555555555556,63.273436588965026,42.55555555555556,169.10242873348562
3301,48,9,55.22222222222222,82.00880711511688,55.22222222222222,219.239836452456
3301,49,9,77.0,93.18798205777395,77.0,263.3759641155479
3301,50,9,131.22222222222223,207.22136580103037,131.22222222222223,545.664953824283
3301,51,9,102.77777777777777,178.8111977602198,102.77777777777777,460.4001732982174
3301,52,9,117.05555555555556,218.83504695952558,117.05555555555556,554.7256494746067
3302,1,9,143.11111111111111,175.39202122990406,143.11111111111111,493.8951535709192
3302,2,9,156.0,166.988772077646,156.0,489.977544155292
3302,3,9,168.0,198.48110741327497,168.0,564.9622148265499
3302,4,9,175.11111111111111,212.58436233907497,175.11111111111111,600.279835789261
3302,5,9,189.22222222222223,241.06367300869798,189.22222222222223,671.3495682396182
3302,6,9,169.77777777777777,235.17694284186203,169.77777777777777,640.1316634615018
3302,7,9,167.44444444444446,220.424653289458,167.44444444444446,608.2937510233605
3302,8,9,254.33333333333334,421.13626060931875,254.33333333333334,1096.6058545519709
3302,9,9,330.0,672.1779898211485,330.0,1674.355979642297
3302,10,9,406.1111111111111,873.5563010539795,406.1111111111111,2153.2237132190703
3302,11,9,451.22222222222223,930.3662958450528,451.22222222222223,2311.954813912328
3302,12,9,440.44444444444446,865.4529321562079,440.44444444444446,2171.35030875686
3302,13,9,415.8888888888889,727.395773366268,415.8888888888889,1870.680435621425
3302,14,9,436.22222222222223,774.8926986650762,436.22222222222223,1986.0076195523745
3302,15,9,425.6666666666667,702.0012464376399,425.6666666666667,1829.6691595419466
3302,16,9,372.8888888888889,642.8270460326876,372.8888888888889,1658.542980954264
3302,17,9,353.1111111111111,465.4579584786483,353.1111111111111,1284.0270280684076
3302,18,9,321.0,372.4694618354638,321.0,1065.9389236709276
3302,19,9,349.3333333333333,414.66522641764885,349.3333333333333,1178.663786168631
3302,20,9,283.6666666666667,291.24388405595744,283.6666666666667,866.1544347785816
3302,21,9,269.8888888888889,261.88568328778706,269.8888888888889,793.660255464463
3302,22,9,201.77777777777777,185.97363911168821,201.77777777777777,573.7250560011541
3302,23,9,217.44444444444446,184.0788629304782,217.44444444444446,585.6021703054009
3302,24,9,175.77777777777777,134.81077273142694,175.77777777777777,445.39932324063165
3302,25,9,160.22222222222223,120.979107470854,160.22222222222223,402.18043716393026
3302,26,9,164.88888888888889,135.63134265762878,164.88888888888889,436.1515742041464
3302,27,9,139.22222222222223,125.27248079464397,139.22222222222223,389.76718381151017
3302,28,9,135.77777777777777,115.09211286810424,135.77777777777777,365.96200351398625
3302,29,9,118.55555555555556,88.51004337236412,118.55555555555556,295.5756423002838
3302,30,9,117.77777777777777,108.43405574100991,117.77777777777777,334.6458892597976
3302,31,9,92.88888888888889,83.39431102366103,92.88888888888889,259.677510936211
3302,32,9,89.11111111111111,81.4469834377622,89.11111111111111,252.0050779866355
3302,33,9,79.22222222222223,65.51102536554014,79.22222222222223,210.2442729533025
3302,34,9,71.11111111111111,65.71043380705314,71.11111111111111,202.53197872521739
3302,35,9,68.77777777777777,67.72144744794255,68.77777777777777,204.22067267366288
3302,36,9,57.44444444444444,54.403839733770425,57.44444444444444,166.25212391198528
3302,37,9,51.0,46.73061095256513,51.0,144.46122190513026
3302,38,9,48.888888888888886,45.39670815280675,48.888888888888886,139.6823051945024
3302,39,9,41.0,39.02242944769072,41.0,119.04485889538144
3302,40,9,47.22222222222222,39.880376683833425,47.22222222222222,126.98297558988907
3302,41,9,34.44444444444444,31.828097300620687,34.44444444444444,98.10063904568582
3302,42,9,49.0,34.241787336527864,49.0,117.48357467305573
3302,43,9,48.55555555555556,41.27078600872266,48.55555555555556,131.09712757300088
3302,44,9,36.111111111111114,31.876497786160748,36.111111111111114,99.86410668343261
3302,45,9,50.666666666666664,48.65953144040744,50.666666666666664,147.98572954748155
3302,46,9,51.333333333333336,51.59699603659112,51.333333333333336,154.5273254065156
3302,47,9,60.666666666666664,55.639464411512805,60.666666666666664,171.94559548969227
3302,48,9,67.55555555555556,75.56637994358191,67.55555555555556,218.6883154427194
3302,49,9,65.77777777777777,80.72294868526821,65.77777777777777,227.2236751483142
3302,50,9,83.55555555555556,109.87164228215477,83.55555555555556,303.2988401198651
3302,51,9,64.33333333333333,71.48950971995822,64.33333333333333,207.31235277324976
3302,52,9,65.11111111111111,77.83226266215772,65.11111111111111,220.77563643542655
3303,1,9,72.55555555555556,167.11232084373006,72.55555555555556,406.78019724301566
3303,2,9,88.77777777777777,200.12294832038737,88.77777777777777,489.0236744185525
3303,3,9,145.66666666666666,354.54477855413415,145.66666666666666,854.7562237749349
3303,4,9,154.44444444444446,319.054114184064,154.44444444444446,792.5526728125725
3303,5,9,182.55555555555554,354.5381189347315,182.55555555555554,891.6317934250185
3303,6,9,148.0,278.92920248693935,148.0,705.8584049738787
3303,7,9,190.44444444444446,381.7109872374357,190.44444444444446,953.8664189193158
3303,8,9,245.66666666666666,480.46357822419793,245.66666666666666,1206.5938231150626
3303,9,9,242.44444444444446,425.987708482038,242.44444444444446,1094.4198614085203
3303,10,9,187.44444444444446,325.69007933582776,187.44444444444446,838.8246031161
3303,11,9,238.33333333333334,370.7917205116641,238.33333333333334,979.9167743566616
3303,12,9,213.44444444444446,315.267390920434,213.44444444444446,843.9792262853125
3303,13,9,201.0,290.55980451535277,201.0,782.1196090307055
3303,14,9,232.66666666666666,312.8865609130568,232.66666666666666,858.4397884927803
3303,15,9,238.66666666666666,307.7600526384151,238.66666666666666,854.1867719434969
3303,16,9,146.66666666666666,181.25810326713673,146.66666666666666,509.1828732009401
3303,17,9,144.44444444444446,215.4925237166658,144.44444444444446,575.4294918777761
3303,18,9,163.77777777777777,254.95576958453879,163.77777777777777,673.6893169468553
3303,19,9,134.11111111111111,206.67936788927702,134.11111111111111,547.4698468896652
3303,20,9,102.11111111111111,162.00034293516515,102.11111111111111,426.11179698144144
3303,21,9,107.44444444444444,128.30151120613417,107.44444444444444,364.0474668567128
3303,22,9,80.66666666666667,128.07810117268292,80.66666666666667,336.8228690120325
3303,23,9,68.44444444444444,129.54160635787167,68.44444444444444,327.5276571601878
3303,24,9,72.11111111111111,153.72251335152933,72.11111111111111,379.5561378141698
3303,25,9,39.22222222222222,73.31060253772604,39.22222222222222,185.8434272976743
3303,26,9,44.666666666666664,109.08139163028679,44.666666666666664,262.82944992724026
3303,27,9,32.888888888888886,69.66606857797497,32.888888888888886,172.22102604483882
3303,28,9,12.333333333333334,18.103866990231673,12.333333333333334,48.54106731379668
3303,29,9,23.444444444444443,55.364950806243634,23.444444444444443,134.1743460569317
3303,30,9,17.555555555555557,28.218394316080033,17.555555555555557,73.99234418771562
3303,31,9,6.444444444444445,5.981452814975453,6.444444444444445,18.407350074395353
3303,32,9,5.888888888888889,6.808899405271832,5.888888888888889,19.506687699432554
3303,33,9,8.333333333333334,14.730919862656235,8.333333333333334,37.7951730586458
3303,34,9,7.555555555555555,17.60050504325878,7.555555555555555,42.75656564207312
3303,35,9,9.333333333333334,19.849433241279208,9.333333333333334,49.03219981589175
3303,36,9,3.6666666666666665,2.6457513110645907,3.6666666666666665,8.958169288795848
3303,37,9,7.777777777777778,18.157490037019006,7.777777777777778,44.09275785181579
3303,38,9,4.777777777777778,3.2702361450580972,4.777777777777778,11.318250067893972
3303,39,9,3.0,3.5355339059327378,3.0,10.071067811865476
3303,40,9,2.6666666666666665,2.692582403567252,2.6666666666666665,8.05183147380117
3303,41,9,5.111111111111111,5.8618351316896575,5.111111111111111,16.834781374490426
3303,42,9,7.222222222222222,11.680943645290155,7.222222222222222,30.58410951280253
3303,43,9,7.111111111111111,14.69221260093629,7.111111111111111,36.49553631298369
3303,44,9,3.3333333333333335,3.8078865529319543,3.3333333333333335,10.949106439197243
3303,45,9,8.555555555555555,7.26483157256779,8.555555555555555,23.085218700691136
3303,46,9,5.0,6.782329983125268,5.0,18.564659966250538
3303,47,9,7.333333333333333,8.231038816577165,7.333333333333333,23.795410966487662
3303,48,9,12.555555555555555,11.413929112175955,12.555555555555555,35.383413779907464
3303,49,9,13.555555555555555,17.299646752976713,13.555555555555555,48.15484906150898
3303,50,9,23.555555555555557,25.68613979907798,23.555555555555557,74.92783515371153
3303,51,9,24.0,37.8021163428716,24.0,99.6042326857432
3303,52,9,20.333333333333332,27.97320146139873,20.333333333333332,76.27973625613079
3304,1,9,106.44444444444444,137.69995562010098,106.44444444444444,381.8443556846464
3304,2,9,101.66666666666667,127.30769811759222,101.66666666666667,356.28206290185113
3304,3,9,118.22222222222223,139.23341712550348,118.22222222222223,396.6890564732292
3304,4,9,162.33333333333334,241.21411650233077,162.33333333333334,644.7615663379949
3304,5,9,149.88888888888889,204.64813976948608,149.88888888888889,559.1851684278611
3304,6,9,164.22222222222223,233.76739388641104,164.22222222222223,631.7570099950443
3304,7,9,194.11111111111111,248.8309890490152,194.11111111111111,691.7730892091415
3304,8,9,262.8888888888889,375.98485489592673,262.8888888888889,1014.8585986807424
3304,9,9,283.55555555555554,513.0195198798752,283.55555555555554,1309.594595315306
3304,10,9,281.77777777777777,536.2377685732743,281.77777777777777,1354.2533149243263
3304,11,9,329.77777777777777,591.7444080381703,329.77777777777777,1513.2665938541184
3304,12,9,330.44444444444446,584.4732909019691,330.44444444444446,1499.3910262483828
3304,13,9,360.55555555555554,595.5243721106448,360.55555555555554,1551.604299776845
3304,14,9,402.77777777777777,681.5091301255211,402.77777777777777,1765.79603802882
3304,15,9,453.44444444444446,734.1769390125094,453.44444444444446,1921.798322469463
3304,16,9,417.6666666666667,655.0627832505828,417.6666666666667,1727.7922331678324
3304,17,9,380.0,500.9156615639004,380.0,1381.8313231278007
3304,18,9,334.44444444444446,433.2969856550791,334.44444444444446,1201.0384157546027
3304,19,9,344.77777777777777,389.70847366261415,344.77777777777777,1124.194725103006
3304,20,9,341.55555555555554,326.92625740031616,341.55555555555554,995.4080703561879
3304,21,9,273.6666666666667,279.13571967772236,273.6666666666667,831.9381060221115
3304,22,9,197.44444444444446,207.01455933768952,197.44444444444446,611.4735631198234
3304,23,9,185.44444444444446,179.14736330121573,185.44444444444446,543.739171046876
3304,24,9,152.0,140.5844941663198,152.0,433.1689883326396
3304,25,9,128.55555555555554,124.52922459317644,128.55555555555554,377.6140047419084
3304,26,9,108.88888888888889,97.83844393238842,108.88888888888889,304.5657767536657
3304,27,9,88.0,79.35993951610598,88.0,246.71987903221196
3304,28,9,84.0,63.94137940332536,84.0,211.8827588066507
3304,29,9,54.333333333333336,42.91561487384283,54.333333333333336,140.164563081019
3304,30,9,45.44444444444444,35.612887804526295,45.44444444444444,116.67022005349703
3304,31,9,41.333333333333336,39.993749511642434,41.333333333333336,121.32083235661821
3304,32,9,46.44444444444444,45.036405027241884,46.44444444444444,136.5172544989282
3304,33,9,40.55555555555556,36.25641705654018,40.55555555555556,113.06838966863592
3304,34,9,37.77777777777778,31.57838571625289,37.77777777777778,100.93454921028356
3304,35,9,37.111111111111114,33.86902878901476,37.111111111111114,104.84916868914064
3304,36,9,25.88888888888889,21.751117468100603,25.88888888888889,69.39112382509009
3304,37,9,23.88888888888889,14.903392604072106,23.88888888888889,53.695674097033105
3304,38,9,30.11111111111111,22.025238048909053,30.11111111111111,74.16158720892922
3304,39,9,22.444444444444443,18.180422926262683,22.444444444444443,58.80529029696981
3304,40,9,17.444444444444443,13.286375644914521,17.444444444444443,44.017195734273486
3304,41,9,17.22222222222222,17.462658573208273,17.22222222222222,52.14753936863877
3304,42,9,19.77777777777778,18.369660977939805,19.77777777777778,56.51709973365739
3304,43,9,19.0,14.361406616345072,19.0,47.72281323269014
3304,44,9,19.88888888888889,15.719768163402128,19.88888888888889,51.328425215693144
3304,45,9,27.666666666666668,18.309833423600555,27.666666666666668,64.28633351386777
3304,46,9,22.77777777777778,17.297238058269432,22.77777777777778,57.37225389431664
3304,47,9,35.44444444444444,33.85672426236445,35.44444444444444,103.15789296917335
3304,48,9,33.44444444444444,47.83333333333333,33.44444444444444,129.1111111111111
3304,49,9,41.111111111111114,50.95204717291653,41.111111111111114,143.01520545694416
3304,50,9,57.666666666666664,76.64039404909137,57.666666666666664,210.9474547648494
3304,51,9,40.111111111111114,42.85861769949086,40.111111111111114,125.82834651009283
3304,52,9,42.27777777777778,74.26351354766649,42.27777777777778,190.80480487311075
3305,1,9,87.22222222222223,102.63744172788235,87.22222222222223,292.49710567798695
3305,2,9,140.11111111111111,200.09275626846443,140.11111111111111,540.2966236480399
3305,3,9,194.33333333333334,292.3696290656743,194.33333333333334,779.072591464682
3305,4,9,227.66666666666666,326.3092858010633,227.66666666666666,880.2852382687933
3305,5,9,215.33333333333334,270.8260511841503,215.33333333333334,756.985435701634
3305,6,9,229.0,302.5880037278411,229.0,834.1760074556822
3305,7,9,286.22222222222223,314.3281636195593,286.22222222222223,914.8785494613408
3305,8,9,410.77777777777777,494.9860547979554,410.77777777777777,1400.7498873736886
3305,9,9,507.0,669.1018233423072,507.0,1845.2036466846143
3305,10,9,571.4444444444445,795.2127248590642,571.4444444444445,2161.869894162573
3305,11,9,757.5555555555555,1136.1630727046966,757.5555555555555,3029.881700964949
3305,12,9,734.2222222222222,1087.6980024089612,734.2222222222222,2909.6182270401446
3305,13,9,722.5555555555555,1001.9889110053952,722.5555555555555,2726.5333775663457
3305,14,9,757.0,1072.320148090112,757.0,2901.640296180224
3305,15,9,838.0,1144.5572288007272,838.0,3127.1144576014544
3305,16,9,655.4444444444445,890.604164473633,655.4444444444445,2436.6527733917105
3305,17,9,605.0,749.5318538928149,605.0,2104.06370778563
3305,18,9,569.6666666666666,747.3653724919292,569.6666666666666,2064.397411650525
3305,19,9,540.1111111111111,674.5197262579584,540.1111111111111,1889.1505636270279
3305,20,9,402.1111111111111,483.3395401900315,402.1111111111111,1368.790191491174
3305,21,9,385.44444444444446,570.7416471379829,385.44444444444446,1526.9277387204102
3305,22,9,231.0,317.35232786289754,231.0,865.7046557257951
3305,23,9,207.0,234.7791515445952,207.0,676.5583030891904
3305,24,9,143.44444444444446,157.56436074753003,143.44444444444446,458.5731659395045
3305,25,9,94.11111111111111,88.3691751184264,94.11111111111111,270.84946134796394
3305,26,9,85.88888888888889,84.15973568822035,85.88888888888889,254.2083602653296
3305,27,9,63.55555555555556,47.78627185476785,63.55555555555556,159.12809926509124
3305,28,9,60.55555555555556,61.695038518326406,60.55555555555556,183.94563259220837
3305,29,9,39.55555555555556,30.31547093115622,39.55555555555556,100.186497417868
3305,30,9,38.888888888888886,36.16090583919478,38.888888888888886,111.21070056727845
3305,31,9,25.22222222222222,14.420278930882178,25.22222222222222,54.06278008398658
3305,32,9,25.0,11.6940155635265,25.0,48.388031127053
3305,33,9,23.666666666666668,15.676415406590882,23.666666666666668,55.01949747984843
3305,34,9,27.555555555555557,20.94105483918558,27.555555555555557,69.43766523392671
3305,35,9,22.444444444444443,14.275075403575904,22.444444444444443,50.99459525159625
3305,36,9,14.444444444444445,8.790777996160395,14.444444444444445,32.02600043676524
3305,37,9,15.777777777777779,10.94049562151754,15.777777777777779,37.658769020812855
3305,38,9,15.88888888888889,10.982309006357047,15.88888888888889,37.853506901602984
3305,39,9,16.555555555555557,15.621388471508471,16.555555555555557,47.7983324985725
3305,40,9,20.77777777777778,16.513462521362516,20.77777777777778,53.80470282050281
3305,41,9,19.0,19.364916731037084,19.0,57.72983346207417
3305,42,9,25.555555555555557,23.098220229657905,25.555555555555557,71.75199601487137
3305,43,9,19.77777777777778,14.626839865276589,19.77777777777778,49.03145750833096
3305,44,9,21.666666666666668,16.635804759614125,21.666666666666668,54.93827618589492
3305,45,9,27.22222222222222,20.885268598810132,27.22222222222222,68.99275941984249
3305,46,9,21.666666666666668,19.26136028425822,21.666666666666668,60.189387235183105
3305,47,9,27.0,19.267848867997692,27.0,65.53569773599538
3305,48,9,24.555555555555557,11.91754076048317,24.555555555555557,48.3906370765219
3305,49,9,34.22222222222222,33.2106074085441,34.22222222222222,100.64343703931041
3305,50,9,43.0,35.344730866141845,43.0,113.68946173228369
3305,51,9,42.666666666666664,35.33411948810951,42.666666666666664,113.33490564288567
3305,52,9,41.166666666666664,37.70775782249589,41.166666666666664,116.58218231165844
3306,1,9,603.3333333333334,621.3638225709636,603.3333333333334,1846.0609784752605
3306,2,9,720.2222222222222,691.021667130955,720.2222222222222,2102.2655564841325
3306,3,9,853.1111111111111,794.7843173535265,853.1111111111111,2442.679745818164
3306,4,9,1037.888888888889,975.0490301062357,1037.888888888889,2987.9869491013606
3306,5,9,1127.2222222222222,1031.44507582539,1127.2222222222222,3190.112373873002
3306,6,9,1355.0,1350.9876017195716,1355.0,4056.975203439143
3306,7,9,1589.4444444444443,1658.1057800326787,1589.4444444444443,4905.656004509801
3306,8,9,1951.6666666666667,2043.7411773509873,1951.6666666666667,6039.149021368641
3306,9,9,2316.6666666666665,2711.771100222141,2316.6666666666665,7740.208867110949
3306,10,9,2429.1111111111113,3021.910506800476,2429.1111111111113,8472.932124712064
3306,11,9,3056.4444444444443,3665.027663985332,3056.4444444444443,10386.499772415107
3306,12,9,3571.4444444444443,4212.137584146294,3571.4444444444443,11995.719612737033
3306,13,9,3852.777777777778,4369.283630578867,3852.777777777778,12591.345038935511
3306,14,9,4402.222222222223,4948.534044991955,4402.222222222223,14299.290312206133
3306,15,9,4758.222222222223,5443.423481086553,4758.222222222223,15645.069184395328
3306,16,9,4587.666666666667,5855.717035513243,4587.666666666667,16299.100737693152
3306,17,9,4589.444444444444,5947.1223526826625,4589.444444444444,16483.68914980977
3306,18,9,3901.8888888888887,5042.99443397582,3901.8888888888887,13987.87775684053
3306,19,9,3793.777777777778,5334.039435028995,3793.777777777778,14461.856647835768
3306,20,9,3546.3333333333335,4576.064165852573,3546.3333333333335,12698.46166503848
3306,21,9,2811.0,3864.5135528291266,2811.0,10540.027105658253
3306,22,9,2304.4444444444443,3454.2194889407037,2304.4444444444443,9212.883422325853
3306,23,9,1710.111111111111,2115.7236613298796,1710.111111111111,5941.558433770871
3306,24,9,1412.2222222222222,2008.3934361684328,1412.2222222222222,5429.009094559087
3306,25,9,1085.888888888889,1450.7333011656938,1085.888888888889,3987.3554912202762
3306,26,9,875.5555555555555,1045.8746472583498,875.5555555555555,2967.3048500722552
3306,27,9,635.0,656.3516587927542,635.0,1947.7033175855083
3306,28,9,515.2222222222222,432.63430798359536,515.2222222222222,1380.490838189413
3306,29,9,428.6666666666667,342.6361043439526,428.6666666666667,1113.9388753545718
3306,30,9,354.77777777777777,256.03992744188247,354.77777777777777,866.8576326615428
3306,31,9,317.55555555555554,259.37863785936145,317.55555555555554,836.3128312742784
3306,32,9,297.0,188.27440080903193,297.0,673.5488016180639
3306,33,9,320.3333333333333,209.4862764001499,320.3333333333333,739.3058861336331
3306,34,9,235.77777777777777,167.1434846006402,235.77777777777777,570.0647469790581
3306,35,9,239.88888888888889,140.94807948713282,239.88888888888889,521.7850478631545
3306,36,9,188.55555555555554,124.7598804815786,188.55555555555554,438.0753165187127
3306,37,9,199.44444444444446,140.72056629284072,199.44444444444446,480.8855770301259
3306,38,9,176.11111111111111,117.24594283433058,176.11111111111111,410.6029967797723
3306,39,9,172.55555555555554,92.6324877015498,172.55555555555554,357.8205309586551
3306,40,9,167.66666666666666,122.25690164567398,167.66666666666666,412.1804699580146
3306,41,9,161.55555555555554,121.32818212508494,161.55555555555554,404.2119198057254
3306,42,9,192.22222222222223,142.94559959804445,192.22222222222223,478.11342141831113
3306,43,9,195.55555555555554,126.77451549021113,195.55555555555554,449.1045865359778
3306,44,9,192.55555555555554,147.17346152679082,192.55555555555554,486.9024786091372
3306,45,9,213.88888888888889,159.1260855771646,213.88888888888889,532.1410600432181
3306,46,9,203.55555555555554,127.99522560540208,203.55555555555554,459.5460067663597
3306,47,9,266.55555555555554,225.7006375218683,266.55555555555554,717.9568305992921
3306,48,9,331.3333333333333,249.47194231015237,331.3333333333333,830.277217953638
3306,49,9,406.44444444444446,350.13465663624015,406.44444444444446,1106.7137577169246
3306,50,9,485.1111111111111,425.90563639274734,485.1111111111111,1336.9223838966059
3306,51,9,435.0,372.64225471623587,435.0,1180.2845094324716
3306,52,9,511.77777777777777,544.2625234612838,511.77777777777777,1600.3028247003454
3501,1,9,117.77777777777777,173.66402749114292,117.77777777777777,465.1058327600636
3501,2,9,160.22222222222223,258.65361865716176,160.22222222222223,677.5294595365458
3501,3,9,235.55555555555554,438.13129057141964,235.55555555555554,1111.818136698395
3501,4,9,281.1111111111111,523.5067918481203,281.1111111111111,1328.1246948073517
3501,5,9,369.0,686.3231746050835,369.0,1741.646349210167
3501,6,9,417.3333333333333,791.5274789923594,417.3333333333333,2000.388291318052
3501,7,9,390.77777777777777,680.1021573590576,390.77777777777777,1750.982092495893
3501,8,9,453.8888888888889,732.0084433332113,453.8888888888889,1917.9057755553115
3501,9,9,464.77777777777777,731.5488325767765,464.77777777777777,1927.8754429313308
3501,10,9,445.0,623.02989494887,445.0,1691.05978989774
3501,11,9,456.8888888888889,605.7052592731147,456.8888888888889,1668.2994074351184
3501,12,9,414.44444444444446,529.9125189857075,414.44444444444446,1474.2694824158593
3501,13,9,364.55555555555554,391.3211951553069,364.55555555555554,1147.1979458661694
3501,14,9,411.8888888888889,465.9751722046048,411.8888888888889,1343.8392332980984
3501,15,9,389.1111111111111,464.3835818707538,389.1111111111111,1317.8782748526187
3501,16,9,366.55555555555554,415.1298324353211,366.55555555555554,1196.8152204261978
3501,17,9,362.77777777777777,391.7300657907744,362.77777777777777,1146.2379093593265
3501,18,9,334.0,401.8320544705213,334.0,1137.6641089410427
3501,19,9,241.66666666666666,243.99282776344063,241.66666666666666,729.6523221935479
3501,20,9,225.11111111111111,230.4769209945133,225.11111111111111,686.0649531001377
3501,21,9,210.33333333333334,215.52494055213194,210.33333333333334,641.3832144375972
3501,22,9,129.66666666666666,121.94773470630768,129.66666666666666,373.562136079282
3501,23,9,121.33333333333333,109.17875251164945,121.33333333333333,339.69083835663224
3501,24,9,109.33333333333333,98.64456396578576,109.33333333333333,306.62246126490487
3501,25,9,82.33333333333333,69.85520739357948,82.33333333333333,222.0437481204923
3501,26,9,67.77777777777777,55.339357101835255,67.77777777777777,178.45649198144827
3501,27,9,46.111111111111114,27.406406388125955,46.111111111111114,100.92392388736303
3501,28,9,45.55555555555556,35.756506789363215,45.55555555555556,117.06856913428199
3501,29,9,49.111111111111114,40.473585350338205,49.111111111111114,130.05828181178754
3501,30,9,36.22222222222222,22.476530969979432,36.22222222222222,81.17528416218109
3501,31,9,32.666666666666664,18.131464364468744,32.666666666666664,68.92959539560415
3501,32,9,31.555555555555557,16.310357990484995,31.555555555555557,64.17627153652555
3501,33,9,29.11111111111111,17.244161652893165,29.11111111111111,63.59943441689744
3501,34,9,30.333333333333332,15.88238017426859,30.333333333333332,62.09809368187051
3501,35,9,28.77777777777778,14.289662152914758,28.77777777777778,57.357102083607295
3501,36,9,29.22222222222222,16.701629993639674,29.22222222222222,62.62548220950157
3501,37,9,35.0,18.708286933869708,35.0,72.41657386773942
3501,38,9,44.111111111111114,28.86366420105235,44.111111111111114,101.83843951321582
3501,39,9,46.77777777777778,26.77114947932652,46.77777777777778,100.32007673643082
3501,40,9,46.111111111111114,24.59900630332679,46.111111111111114,95.30912371776469
3501,41,9,36.111111111111114,17.251408960172242,36.111111111111114,70.6139290314556
3501,42,9,45.888888888888886,19.277217411003882,45.888888888888886,84.44332371089665
3501,43,9,49.111111111111114,22.557950064469757,49.111111111111114,94.22701124005063
3501,44,9,41.77777777777778,17.548345917619827,41.77777777777778,76.87446961301742
3501,45,9,45.0,17.269916039170543,45.0,79.53983207834108
3501,46,9,45.22222222222222,34.02490917613807,45.22222222222222,113.27204057449836
3501,47,9,52.666666666666664,30.87474696252586,52.666666666666664,114.41616059171838
3501,48,9,54.0,33.66006535941367,54.0,121.32013071882734
3501,49,9,71.11111111111111,51.84699712723111,71.11111111111111,174.80510536557335
3501,50,9,76.44444444444444,51.89679930186232,76.44444444444444,180.2380430481691
3501,51,9,65.88888888888889,39.47924912040642,65.88888888888889,144.84738712970173
3501,52,9,57.22222222222222,48.16580160699544,57.22222222222222,153.5538254362131
3502,1,9,569.6666666666666,1166.9175206500245,569.6666666666666,2903.5017079667155
3502,2,9,773.2222222222222,1561.443945341761,773.2222222222222,3896.1101129057442
3502,3,9,916.3333333333334,1782.1528413691124,916.3333333333334,4480.639016071558
3502,4,9,1086.2222222222222,2024.8891190493478,1086.2222222222222,5136.000460320918
3502,5,9,1269.3333333333333,2238.0883583987475,1269.3333333333333,5745.510050130828
3502,6,9,1397.6666666666667,2188.4388271094076,1397.6666666666667,5774.544320885482
3502,7,9,1476.7777777777778,2384.1195323314737,1476.7777777777778,6245.016842440726
3502,8,9,1664.5555555555557,2302.0885143229784,1664.5555555555557,6268.7325842015125
3502,9,9,1614.5555555555557,1913.6692576769315,1614.5555555555557,5441.894070909419
3502,10,9,1616.4444444444443,1750.1807843128029,1616.4444444444443,5116.8060130700505
3502,11,9,1825.2222222222222,1791.0463267164378,1825.2222222222222,5407.314875655098
3502,12,9,1777.7777777777778,1688.729017469779,1777.7777777777778,5155.235812717336
3502,13,9,1584.4444444444443,1521.8464205621335,1584.4444444444443,4628.137285568711
3502,14,9,1725.888888888889,1605.699726322176,1725.888888888889,4937.288341533241
3502,15,9,1757.2222222222222,1648.9312279305175,1757.2222222222222,5055.084678083257
3502,16,9,1472.888888888889,1369.4115930249427,1472.888888888889,4211.712074938774
3502,17,9,1450.7777777777778,1401.0140771756878,1450.7777777777778,4252.805932129153
3502,18,9,1216.111111111111,1278.3715661383865,1216.111111111111,3772.854243387884
3502,19,9,1016.8888888888889,1057.512345606949,1016.8888888888889,3131.913580102787
3502,20,9,868.0,858.9487761211375,868.0,2585.897552242275
3502,21,9,626.8888888888889,649.3037510373024,626.8888888888889,1925.4963909634937
3502,22,9,425.1111111111111,445.70097723822767,425.1111111111111,1316.5130655875664
3502,23,9,344.77777777777777,285.9553189651216,344.77777777777777,916.688415708021
3502,24,9,271.55555555555554,214.10167626101804,271.55555555555554,699.7589080775916
3502,25,9,198.22222222222223,138.21430622205665,198.22222222222223,474.6508346663355
3502,26,9,155.77777777777777,111.26969238945728,155.77777777777777,378.3171625566923
3502,27,9,118.88888888888889,64.40389049670145,118.88888888888889,247.6966698822918
3502,28,9,96.0,64.68384651518491,96.0,225.36769303036982
3502,29,9,90.66666666666667,57.7537877545707,90.66666666666667,206.17424217580808
3502,30,9,79.77777777777777,61.32246280478667,79.77777777777777,202.4227033873511
3502,31,9,65.88888888888889,46.13958291002544,65.88888888888889,158.16805470893976
3502,32,9,70.22222222222223,43.522344197486014,70.22222222222223,157.26691061719424
3502,33,9,71.55555555555556,44.44128460989599,71.55555555555556,160.43812477534755
3502,34,9,81.33333333333333,47.4262585494576,81.33333333333333,176.18585043224851
3502,35,9,81.77777777777777,55.34839152535911,81.77777777777777,192.474560828496
3502,36,9,72.22222222222223,48.427207687873604,72.22222222222223,169.07663759796944
3502,37,9,90.77777777777777,63.625422941183224,90.77777777777777,218.0286236601442
3502,38,9,97.66666666666667,66.30610831590103,97.66666666666667,230.2788832984687
3502,39,9,106.88888888888889,86.31547434331291,106.88888888888889,279.5198375755147
3502,40,9,111.11111111111111,89.76976724438529,111.11111111111111,290.6506455998817
3502,41,9,97.33333333333333,78.93985051924028,97.33333333333333,255.21303437181388
3502,42,9,103.33333333333333,65.32036435905728,103.33333333333333,233.9740620514479
3502,43,9,106.88888888888889,57.361669354291905,106.88888888888889,221.6122275974727
3502,44,9,85.88888888888889,43.66189541363397,85.88888888888889,173.21267971615683
3502,45,9,102.66666666666667,64.0117176773128,102.66666666666667,230.69010202129226
3502,46,9,100.33333333333333,67.96874281609158,100.33333333333333,236.27081896551647
3502,47,9,117.88888888888889,102.57003027742124,117.88888888888889,323.02894944373134
3502,48,9,135.44444444444446,126.3923564847882,135.44444444444446,388.22915741402085
3502,49,9,161.55555555555554,190.6928886397649,161.55555555555554,542.9413328350854
3502,50,9,219.22222222222223,330.7381055222462,219.22222222222223,880.6984332667146
3502,51,9,204.55555555555554,299.1329600324541,204.55555555555554,802.8214756204637
3502,52,9,285.55555555555554,582.3890690747704,285.55555555555554,1450.3336937050963
3503,1,9,157.44444444444446,241.15042562221984,157.44444444444446,639.7452956888842
3503,2,9,180.55555555555554,254.48728411804345,180.55555555555554,689.5301237916424
3503,3,9,212.88888888888889,309.8602283467678,212.88888888888889,832.6093455824246
3503,4,9,232.66666666666666,338.23845139191377,232.66666666666666,909.1435694504942
3503,5,9,248.22222222222223,353.040287282407,248.22222222222223,954.3027967870362
3503,6,9,236.22222222222223,342.24288808453633,236.22222222222223,920.707998391295
3503,7,9,237.88888888888889,329.3092939944318,237.88888888888889,896.5074768777525
3503,8,9,284.3333333333333,407.8354447568284,284.3333333333333,1100.0042228469902
3503,9,9,283.3333333333333,382.5307177208126,283.3333333333333,1048.3947687749585
3503,10,9,261.55555555555554,369.32272848794156,261.55555555555554,1000.2010125314387
3503,11,9,285.55555555555554,362.3244785793223,285.55555555555554,1010.2045127142002
3503,12,9,287.6666666666667,353.5070720650437,287.6666666666667,994.680810796754
3503,13,9,252.66666666666666,283.49206338097014,252.66666666666666,819.6507934286069
3503,14,9,254.55555555555554,250.92982640128253,254.55555555555554,756.4152083581206
3503,15,9,257.77777777777777,235.28587812370816,257.77777777777777,728.3495340251941
3503,16,9,223.22222222222223,194.74392017324817,223.22222222222223,612.7100625687185
3503,17,9,225.0,185.63674205285977,225.0,596.2734841057195
3503,18,9,180.44444444444446,163.5520644253009,180.44444444444446,507.54857329504625
3503,19,9,134.55555555555554,123.84981944991998,134.55555555555554,382.2551944553955
3503,20,9,112.44444444444444,89.2708114546842,112.44444444444444,290.98606735381287
3503,21,9,99.55555555555556,80.09230785648381,99.55555555555556,259.74017126852317
3503,22,9,72.11111111111111,63.80917732670679,72.11111111111111,199.7294657645247
3503,23,9,69.11111111111111,66.06331138469454,69.11111111111111,201.2377338805002
3503,24,9,52.888888888888886,46.31534422965149,52.888888888888886,145.51957734819186
3503,25,9,35.77777777777778,35.597674705582165,35.77777777777778,106.9731271889421
3503,26,9,31.555555555555557,35.26014432440369,31.555555555555557,102.07584420436294
3503,27,9,20.77777777777778,17.78888541883511,20.77777777777778,56.355548615448
3503,28,9,17.11111111111111,12.820339742421458,17.11111111111111,42.75179059595403
3503,29,9,22.77777777777778,18.518759257694466,22.77777777777778,59.81529629316671
3503,30,9,20.333333333333332,16.046806535881213,20.333333333333332,52.42694640509576
3503,31,9,15.777777777777779,10.779352691346752,15.777777777777779,37.33648316047128
3503,32,9,14.444444444444445,9.302030841583884,14.444444444444445,33.048506127612214
3503,33,9,14.11111111111111,8.403041777303688,14.11111111111111,30.917194665718487
3503,34,9,17.77777777777778,10.544877640088785,17.77777777777778,38.86753305795535
3503,35,9,18.666666666666668,12.216791722870616,18.666666666666668,43.1002501124079
3503,36,9,15.11111111111111,10.325265667822359,15.11111111111111,35.76164244675583
3503,37,9,19.0,9.137833441248533,19.0,37.27566688249706
3503,38,9,18.555555555555557,9.645090864153524,18.555555555555557,37.845737283862604
3503,39,9,18.666666666666668,8.514693182963201,18.666666666666668,35.69605303259307
3503,40,9,19.333333333333332,14.696938456699069,19.333333333333332,48.727210246731474
3503,41,9,21.88888888888889,15.600035612494965,21.88888888888889,53.08896011387882
3503,42,9,28.11111111111111,18.784597709589395,28.11111111111111,65.6803065302899
3503,43,9,24.11111111111111,18.414969755910843,24.11111111111111,60.94105062293279
3503,44,9,23.0,19.12459149890528,23.0,61.24918299781056
3503,45,9,32.111111111111114,25.389192801487624,32.111111111111114,82.88949671408636
3503,46,9,27.77777777777778,23.096416268426676,27.77777777777778,73.97061031463113
3503,47,9,35.0,27.667670664513846,35.0,90.3353413290277
3503,48,9,37.22222222222222,25.34155568319444,37.22222222222222,87.9053335886111
3503,49,9,39.77777777777778,37.15769697444184,39.77777777777778,114.09317172666147
3503,50,9,40.111111111111114,34.217847844525686,40.111111111111114,108.54680680016249
3503,51,9,39.111111111111114,30.55914120375622,39.111111111111114,100.22939351862355
3503,52,9,36.833333333333336,34.92849839314596,36.833333333333336,106.69033011962526
3504,1,9,19.11111111111111,17.64542748451029,19.11111111111111,54.401966080131686
3504,2,9,37.22222222222222,34.3939594179624,37.22222222222222,106.01014105814701
3504,3,9,43.22222222222222,39.32485784391909,43.22222222222222,121.87193791006041
3504,4,9,66.22222222222223,76.42116489850468,66.22222222222223,219.0645520192316
3504,5,9,86.88888888888889,115.93364960662244,86.88888888888889,318.75618810213376
3504,6,9,98.22222222222223,126.7278361073227,98.22222222222223,351.67789443686763
3504,7,9,112.22222222222223,131.9476958663714,112.22222222222223,376.117613954965
3504,8,9,184.66666666666666,249.38173549801118,184.66666666666666,683.430137662689
3504,9,9,228.33333333333334,313.4142625982423,228.33333333333334,855.161858529818
3504,10,9,234.11111111111111,350.9246516150028,234.11111111111111,935.9604143411167
3504,11,9,289.22222222222223,408.236076853142,289.22222222222223,1105.6943759285061
3504,12,9,301.44444444444446,388.99971436721876,301.44444444444446,1079.4438731788819
3504,13,9,279.1111111111111,325.6637239716931,279.1111111111111,930.4385590544973
3504,14,9,305.44444444444446,380.41066990527196,305.44444444444446,1066.2657842549884
3504,15,9,298.0,365.3813076773359,298.0,1028.7626153546717
3504,16,9,239.33333333333334,302.4508224488735,239.33333333333334,844.2349782310804
3504,17,9,271.1111111111111,318.71517238925276,271.1111111111111,908.5414558896166
3504,18,9,241.55555555555554,295.65271481550405,241.55555555555554,832.8609851865637
3504,19,9,211.55555555555554,250.1045337009663,211.55555555555554,711.7646229574882
3504,20,9,177.44444444444446,220.05516985014864,177.44444444444446,617.5547841447417
3504,21,9,132.44444444444446,158.4661723453235,132.44444444444446,449.3767891350915
3504,22,9,93.11111111111111,102.95077032791504,93.11111111111111,299.0126517669412
3504,23,9,84.11111111111111,98.50183303426952,84.11111111111111,281.11477717965016
3504,24,9,72.33333333333333,91.19758768739445,72.33333333333333,254.7285087081222
3504,25,9,46.666666666666664,61.61168720299746,46.666666666666664,169.89004107266157
3504,26,9,63.77777777777778,126.44443223979633,63.77777777777778,316.6666422573704
3504,27,9,35.0,51.783201909499574,35.0,138.56640381899916
3504,28,9,29.22222222222222,54.75577087800376,29.22222222222222,138.73376397822975
3504,29,9,15.88888888888889,13.26126355635507,15.88888888888889,42.41141600159903
3504,30,9,11.88888888888889,9.116529554118229,11.88888888888889,30.121947997125346
3504,31,9,9.88888888888889,7.440504761849906,9.88888888888889,24.769898412588702
3504,32,9,7.666666666666667,4.898979485566357,7.666666666666667,17.46462563779938
3504,33,9,9.88888888888889,7.007932013876213,9.88888888888889,23.904752916641314
3504,34,9,9.666666666666666,6.5383484153110105,9.666666666666666,22.743363497288687
3504,35,9,7.555555555555555,5.659308948783215,7.555555555555555,18.874173453121983
3504,36,9,7.111111111111111,3.370624736026114,7.111111111111111,13.852360583163339
3504,37,9,9.555555555555555,5.570258322356135,9.555555555555555,20.696072200267825
3504,38,9,10.0,5.5,10.0,21.0
3504,39,9,9.11111111111111,4.136557881996952,9.11111111111111,17.384226875105014
3504,40,9,10.444444444444445,7.451696302036053,10.444444444444445,25.347837048516553
3504,41,9,7.111111111111111,2.891558595482912,7.111111111111111,12.894228302076936
3504,42,9,9.555555555555555,4.304390523381652,9.555555555555555,18.164336602318862
3504,43,9,8.88888888888889,4.428443418528808,8.88888888888889,17.745775725946505
3504,44,9,9.0,4.47213595499958,9.0,17.94427190999916
3504,45,9,12.88888888888889,8.053639618899712,12.88888888888889,28.996168126688314
3504,46,9,13.444444444444445,4.558264777059114,13.444444444444445,22.560973998562673
3504,47,9,16.0,7.713624310270756,16.0,31.427248620541512
3504,48,9,17.0,8.874119674649425,17.0,34.74823934929885
3504,49,9,20.666666666666668,8.874119674649425,20.666666666666668,38.414906015965514
3504,50,9,21.333333333333332,13.756816492197604,21.333333333333332,48.846966317728544
3504,51,9,25.11111111111111,28.215441005079313,25.11111111111111,81.54199312126974
3504,52,9,21.5,31.71750305430741,21.5,84.93500610861483
3505,1,9,68.11111111111111,97.17695771689455,68.11111111111111,262.4650265449002
3505,2,9,76.88888888888889,85.44215066997735,76.88888888888889,247.7731902288436
3505,3,9,88.11111111111111,94.16932149649965,88.11111111111111,276.4497541041104
3505,4,9,119.0,123.3774695801466,119.0,365.7549391602932
3505,5,9,128.66666666666666,143.51829151714426,128.66666666666666,415.7032497009552
3505,6,9,143.77777777777777,174.45757204674277,143.77777777777777,492.6929218712633
3505,7,9,212.55555555555554,257.404405125044,212.55555555555554,727.3643658056435
3505,8,9,294.77777777777777,428.3056087006619,294.77777777777777,1151.3889951791016
3505,9,9,382.77777777777777,607.2449624693847,382.77777777777777,1597.2677027165473
3505,10,9,438.77777777777777,735.7507692448879,438.77777777777777,1910.2793162675537
3505,11,9,428.55555555555554,674.7822076624262,428.55555555555554,1778.119970880408
3505,12,9,398.44444444444446,529.8743037530484,398.44444444444446,1458.1930519505413
3505,13,9,409.77777777777777,457.2564318240307,409.77777777777777,1324.290641425839
3505,14,9,389.1111111111111,359.8372703196698,389.1111111111111,1108.7856517504506
3505,15,9,391.77777777777777,317.2127747182393,391.77777777777777,1026.2033272142564
3505,16,9,386.55555555555554,375.08602716947183,386.55555555555554,1136.7276098944992
3505,17,9,362.6666666666667,233.56209024582736,362.6666666666667,829.7908471583214
3505,18,9,296.3333333333333,196.4185581863384,296.3333333333333,689.1704497060101
3505,19,9,244.66666666666666,140.75155416548694,244.66666666666666,526.1697749976405
3505,20,9,197.22222222222223,109.13727339660105,197.22222222222223,415.4967690154243
3505,21,9,173.11111111111111,121.3017358124405,173.11111111111111,415.7145827359921
3505,22,9,117.77777777777777,72.2906940376453,117.77777777777777,262.35916585306836
3505,23,9,120.0,104.46051885760477,120.0,328.92103771520954
3505,24,9,110.11111111111111,115.40412085844731,110.11111111111111,340.91935282800574
3505,25,9,58.888888888888886,31.962651816004115,58.888888888888886,122.81419252089711
3505,26,9,59.55555555555556,38.81723557619447,59.55555555555556,137.1900267079445
3505,27,9,45.44444444444444,22.30533070316999,45.44444444444444,90.05510585078443
3505,28,9,37.55555555555556,18.662201846989486,37.55555555555556,74.87995924953452
3505,29,9,35.22222222222222,23.091003539137148,35.22222222222222,81.40422930049652
3505,30,9,30.11111111111111,16.120208159670618,30.11111111111111,62.35152743045235
3505,31,9,28.444444444444443,10.125600119389357,28.444444444444443,48.69564468322316
3505,32,9,29.11111111111111,14.092945437739802,29.11111111111111,57.297001986590715
3505,33,9,24.77777777777778,7.361687608452592,24.77777777777778,39.50115299468296
3505,34,9,22.333333333333332,6.96419413859206,22.333333333333332,36.261721610517455
3505,35,9,26.22222222222222,6.722681343366235,26.22222222222222,39.667584908954694
3505,36,9,23.77777777777778,4.409585518440984,23.77777777777778,32.59694881465975
3505,37,9,33.111111111111114,16.189845926107854,33.111111111111114,65.49080296332681
3505,38,9,36.333333333333336,17.528548142958105,36.333333333333336,71.39042961924955
3505,39,9,41.77777777777778,28.81743299540132,41.77777777777778,99.41264376858041
3505,40,9,43.111111111111114,28.117807722351166,43.111111111111114,99.34672655581345
3505,41,9,41.0,20.670026608594387,41.0,82.34005321718877
3505,42,9,49.55555555555556,27.554995514022096,49.55555555555556,104.66554658359975
3505,43,9,47.77777777777778,28.292126898563925,47.77777777777778,104.36203157490563
3505,44,9,35.0,13.937359864766353,35.0,62.87471972953271
3505,45,9,45.44444444444444,30.606825673005975,45.44444444444444,106.6580957904564
3505,46,9,46.22222222222222,29.848692508122433,46.22222222222222,105.91960723846708
3505,47,9,47.77777777777778,37.32217095031377,47.77777777777778,122.42211967840532
3505,48,9,52.333333333333336,50.84781214565676,52.333333333333336,154.02895762464686
3505,49,9,60.0,56.264998000533154,60.0,172.5299960010663
3505,50,9,63.333333333333336,64.29035697521051,63.333333333333336,191.91404728375437
3505,51,9,56.77777777777778,52.75362020226142,56.77777777777778,162.28501818230063
3505,52,9,57.111111111111114,54.80064882016554,57.111111111111114,166.71240875144218
3506,1,9,4.222222222222222,5.517648452415616,4.222222222222222,15.257519127053456
3506,2,9,5.555555555555555,6.654154925892376,5.555555555555555,18.863865407340306
3506,3,9,7.0,6.48074069840786,7.0,19.96148139681572
3506,4,9,9.88888888888889,9.597453365925311,9.88888888888889,29.08379562073951
3506,5,9,10.88888888888889,13.968217893171309,10.88888888888889,38.825324675231506
3506,6,9,11.11111111111111,19.238272040677433,11.11111111111111,49.587655192465974
3506,7,9,12.777777777777779,22.24172755080964,12.777777777777779,57.261232879397056
3506,8,9,16.666666666666668,23.48935929309269,16.666666666666668,63.64538525285205
3506,9,9,28.22222222222222,36.96206764298291,28.22222222222222,102.14635750818803
3506,10,9,38.666666666666664,52.99764145695542,38.666666666666664,144.6619495805775
3506,11,9,41.77777777777778,59.369137137442415,41.77777777777778,160.51605205266262
3506,12,9,40.111111111111114,56.00991975633523,40.111111111111114,152.1309506237816
3506,13,9,33.22222222222222,52.49947089680471,33.22222222222222,138.22116401583165
3506,14,9,37.333333333333336,60.86460383506986,37.333333333333336,159.06254100347306
3506,15,9,36.0,62.71562803639935,36.0,161.4312560727987
3506,16,9,30.22222222222222,51.36335702078325,30.22222222222222,132.9489362637887
3506,17,9,33.22222222222222,50.901320655209375,33.22222222222222,135.02486353264098
3506,18,9,25.444444444444443,42.48856055196243,25.444444444444443,110.4215655483693
3506,19,9,20.88888888888889,29.27646001672865,20.88888888888889,79.44180892234618
3506,20,9,19.11111111111111,26.75090860346824,19.11111111111111,72.6129283180476
3506,21,9,13.666666666666666,16.454482671904337,13.666666666666666,46.57563201047534
3506,22,9,8.555555555555555,7.055336829505574,8.555555555555555,22.666229214566705
3506,23,9,5.666666666666667,6.0,5.666666666666667,17.666666666666668
3506,24,9,5.333333333333333,6.18465843842649,5.333333333333333,17.702650210186313
3506,25,9,3.4444444444444446,2.788866755113585,3.4444444444444446,9.022177954671616
3506,26,9,3.0,3.905124837953327,3.0,10.810249675906654
3506,27,9,1.8888888888888888,0.7817359599705717,1.8888888888888888,3.452360808830032
3506,28,9,1.7777777777777777,1.3944333775567928,1.7777777777777777,4.566644532891363
3506,29,9,2.7777777777777777,3.073181485764296,2.7777777777777777,8.92414074930637
3506,30,9,2.111111111111111,2.5221243250702594,2.111111111111111,7.1553597612516295
3506,31,9,1.1111111111111112,1.90029237516523,1.1111111111111112,4.911695861441571
3506,32,9,0.8888888888888888,1.0540925533894598,0.8888888888888888,2.9970739956678085
3506,33,9,0.6666666666666666,0.7071067811865476,0.6666666666666666,2.080880229039762
3506,34,9,1.3333333333333333,0.8660254037844387,1.3333333333333333,3.0653841409022107
3506,35,9,1.0,0.7071067811865476,1.0,2.414213562373095
3506,36,9,0.4444444444444444,0.7264831572567789,0.4444444444444444,1.8974107589580023
3506,37,9,1.4444444444444444,1.130388330520878,1.4444444444444444,3.7052211054862
3506,38,9,1.1111111111111112,1.452966314513558,1.1111111111111112,4.017043740138227
3506,39,9,1.8888888888888888,1.3642254619787417,1.8888888888888888,4.617339812846373
3506,40,9,1.5555555555555556,1.4240006242195886,1.5555555555555556,4.403556803994733
3506,41,9,1.3333333333333333,1.3228756555322954,1.3333333333333333,3.9790846443979238
3506,42,9,1.1111111111111112,1.1666666666666667,1.1111111111111112,3.4444444444444446
3506,43,9,1.6666666666666667,1.8027756377319943,1.6666666666666667,5.272217942130656
3506,44,9,2.888888888888889,2.088327347690278,2.888888888888889,7.065543584269445
3506,45,9,1.8888888888888888,2.6666666666666665,1.8888888888888888,7.222222222222221
3506,46,9,3.0,1.9364916731037085,3.0,6.872983346207417
3506,47,9,2.888888888888889,2.3154073315749675,2.888888888888889,7.519703552038823
3506,48,9,4.111111111111111,4.78132942926035,4.111111111111111,13.673769969631811
3506,49,9,2.6666666666666665,2.6457513110645907,2.6666666666666665,7.9581692887958475
3506,50,9,3.0,5.70087712549569,3.0,14.40175425099138
3506,51,9,3.3333333333333335,4.272001872658765,3.3333333333333335,11.877337078650864
3506,52,9,2.5,2.7613402542968153,2.5,8.02268050859363
3507,1,9,120.22222222222223,90.66253054291197,120.22222222222223,301.5472833080462
3507,2,9,136.0,88.81441324469807,136.0,313.62882648939615
3507,3,9,165.33333333333334,112.4444307202451,165.33333333333334,390.2221947738235
3507,4,9,212.22222222222223,196.39168629156492,212.22222222222223,605.0055948053521
3507,5,9,252.22222222222223,282.22498905030443,252.22222222222223,816.672200322831
3507,6,9,336.44444444444446,465.48123246569,336.44444444444446,1267.4069093758244
3507,7,9,343.8888888888889,409.99556230660727,343.8888888888889,1163.8800135021033
3507,8,9,598.2222222222222,978.5029097782206,598.2222222222222,2555.2280417786633
3507,9,9,786.0,1380.6836169086675,786.0,3547.367233817335
3507,10,9,908.4444444444445,1700.436422739109,908.4444444444445,4309.317289922663
3507,11,9,1133.0,2022.7224846725762,1133.0,5178.4449693451525
3507,12,9,1269.4444444444443,2214.314911609859,1269.4444444444443,5698.074267664162
3507,13,9,1236.3333333333333,1832.8616969100533,1236.3333333333333,4902.05672715344
3507,14,9,1428.5555555555557,2132.3763804210967,1428.5555555555557,5693.308316397749
3507,15,9,1612.888888888889,2329.0298111254633,1612.888888888889,6270.948511139815
3507,16,9,1526.6666666666667,2210.5197352658943,1526.6666666666667,5947.7061371984555
3507,17,9,1543.2222222222222,2207.0614387561673,1543.2222222222222,5957.345099734557
3507,18,9,1311.2222222222222,1863.881486158507,1311.2222222222222,5038.9851945392365
3507,19,9,1244.6666666666667,1901.7152783737104,1244.6666666666667,5048.097223414087
3507,20,9,769.4444444444445,1115.4281813625555,769.4444444444445,3000.3008071695554
3507,21,9,561.5555555555555,738.1553209032485,561.5555555555555,2037.8661973620524
3507,22,9,340.3333333333333,432.3803302649185,340.3333333333333,1205.0939938631702
3507,23,9,245.77777777777777,285.3150792447613,245.77777777777777,816.4079362673003
3507,24,9,163.88888888888889,153.8996787232225,163.88888888888889,471.68824633533393
3507,25,9,141.44444444444446,130.09238170537805,141.44444444444446,401.62920785520055
3507,26,9,110.55555555555556,91.683028842735,110.55555555555556,293.92161324102557
3507,27,9,80.66666666666667,55.328564051491526,80.66666666666667,191.32379476964974
3507,28,9,73.0,49.71921157862421,73.0,172.43842315724842
3507,29,9,64.44444444444444,35.79494067291881,64.44444444444444,136.03432579028208
3507,30,9,57.44444444444444,26.42021532421297,57.44444444444444,110.28487509287038
3507,31,9,50.888888888888886,21.026438383880212,50.888888888888886,92.94176565664931
3507,32,9,50.111111111111114,20.91915655831064,50.111111111111114,91.9494242277324
3507,33,9,53.111111111111114,14.35657031157202,53.111111111111114,81.82425173425516
3507,34,9,55.77777777777778,20.698899595013366,55.77777777777778,97.17557696780452
3507,35,9,58.22222222222222,22.325869399520467,58.22222222222222,102.87396102126316
3507,36,9,47.666666666666664,22.929238975596203,47.666666666666664,93.52514461785907
3507,37,9,72.44444444444444,29.7157833108565,72.44444444444444,131.87601106615745
3507,38,9,75.44444444444444,30.021288742786805,75.44444444444444,135.48702193001805
3507,39,9,72.66666666666667,31.13679495388053,72.66666666666667,134.94025657442774
3507,40,9,79.55555555555556,41.140342460628325,79.55555555555556,161.8362404768122
3507,41,9,74.33333333333333,31.0724958765787,74.33333333333333,136.4783250864907
3507,42,9,89.77777777777777,33.98447357903965,89.77777777777777,157.74672493585706
3507,43,9,84.22222222222223,19.79127192588805,84.22222222222223,123.80476607399834
3507,44,9,73.33333333333333,23.124662159694356,73.33333333333333,119.58265765272205
3507,45,9,87.77777777777777,28.89973087148814,87.77777777777777,145.57723952075406
3507,46,9,75.44444444444444,34.51127030084198,75.44444444444444,144.4669850461284
3507,47,9,82.55555555555556,30.21221239462244,82.55555555555556,142.97998034480042
3507,48,9,105.33333333333333,46.62081080376016,105.33333333333333,198.57495494085364
3507,49,9,87.22222222222223,44.29384206009278,87.22222222222223,175.80990634240777
3507,50,9,101.88888888888889,56.646810246571796,101.88888888888889,215.1825093820325
3507,51,9,88.22222222222223,29.684919478490162,88.22222222222223,147.59206117920255
3507,52,9,63.05555555555556,34.28597056782523,63.05555555555556,131.62749669120603
3508,1,9,134.88888888888889,240.08875673615188,134.88888888888889,615.0664023611927
3508,2,9,149.22222222222223,259.3683566752977,149.22222222222223,667.9589355728176
3508,3,9,189.55555555555554,324.1847895533931,189.55555555555554,837.9251346623417
3508,4,9,239.22222222222223,386.6063171295116,239.22222222222223,1012.4348564812453
3508,5,9,271.44444444444446,430.0479947375384,271.44444444444446,1131.540433919521
3508,6,9,288.55555555555554,422.49204463253244,288.55555555555554,1133.5396448206204
3508,7,9,298.22222222222223,486.740120027561,298.22222222222223,1271.7024622773442
3508,8,9,360.1111111111111,503.31487272989574,360.1111111111111,1366.7408565709025
3508,9,9,485.3333333333333,674.9127721417043,485.3333333333333,1835.1588776167418
3508,10,9,528.0,705.4787381629584,528.0,1938.9574763259168
3508,11,9,583.5555555555555,739.5994035812749,583.5555555555555,2062.7543627181053
3508,12,9,555.6666666666666,651.7110172461412,555.6666666666666,1859.0887011589489
3508,13,9,511.0,619.6509097871156,511.0,1750.301819574231
3508,14,9,528.2222222222222,617.2063629325644,528.2222222222222,1762.634948087351
3508,15,9,497.22222222222223,583.4806718687813,497.22222222222223,1664.1835659597848
3508,16,9,391.77777777777777,447.8679430864018,391.77777777777777,1287.5136639505813
3508,17,9,358.22222222222223,406.2812381152303,358.22222222222223,1170.7846984526827
3508,18,9,306.22222222222223,381.23640230760293,306.22222222222223,1068.695026837428
3508,19,9,234.44444444444446,251.28326203266658,234.44444444444446,737.0109685097776
3508,20,9,224.22222222222223,273.4519051761104,224.22222222222223,771.1260325744431
3508,21,9,186.11111111111111,217.0186883913713,186.11111111111111,620.1484878938537
3508,22,9,115.66666666666667,127.91598805466032,115.66666666666667,371.4986427759873
3508,23,9,108.88888888888889,125.13637005727435,108.88888888888889,359.1616290034376
3508,24,9,108.88888888888889,125.5950282101609,108.88888888888889,360.07894530921067
3508,25,9,84.66666666666667,92.8735699755318,84.66666666666667,270.41380661773024
3508,26,9,71.22222222222223,70.07813099993781,71.22222222222223,211.37848422209785
3508,27,9,52.77777777777778,47.39667123801465,52.77777777777778,147.57112025380707
3508,28,9,44.77777777777778,39.72334885737159,44.77777777777778,124.22447549252095
3508,29,9,50.666666666666664,47.6366455578056,50.666666666666664,145.93995778227787
3508,30,9,45.888888888888886,37.90265308802421,45.888888888888886,121.6941950649373
3508,31,9,34.333333333333336,28.071337695236398,34.333333333333336,90.47600872380613
3508,32,9,33.333333333333336,29.16333314283537,33.333333333333336,91.65999961900408
3508,33,9,37.55555555555556,29.86683407691176,37.55555555555556,97.28922370937909
3508,34,9,31.88888888888889,24.543046084606353,31.88888888888889,80.97498105810159
3508,35,9,33.111111111111114,23.693060399853607,33.111111111111114,80.49723191081833
3508,36,9,24.88888888888889,13.00427280208744,24.88888888888889,50.89743449306377
3508,37,9,27.77777777777778,12.527746981977424,27.77777777777778,52.83327174173263
3508,38,9,34.0,13.601470508735444,34.0,61.20294101747089
3508,39,9,32.77777777777778,17.079064507297947,32.77777777777778,66.93590679237367
3508,40,9,31.88888888888889,15.267976654131717,31.88888888888889,62.42484219715232
3508,41,9,33.44444444444444,16.148615351719098,33.44444444444444,65.74167514788263
3508,42,9,38.888888888888886,20.36813960849422,38.888888888888886,79.62516810587732
3508,43,9,39.77777777777778,13.330207967036541,39.77777777777778,66.43819371185086
3508,44,9,37.888888888888886,27.02981892486724,37.888888888888886,91.94852673862337
3508,45,9,47.888888888888886,39.48558105322893,47.888888888888886,126.86005099534674
3508,46,9,53.55555555555556,49.47249516426049,53.55555555555556,152.50054588407653
3508,47,9,63.77777777777778,64.62154783386455,63.77777777777778,193.02087344550688
3508,48,9,67.11111111111111,79.38111306293904,67.11111111111111,225.8733372369892
3508,49,9,65.22222222222223,68.57437162996423,65.22222222222223,202.3709654821507
3508,50,9,80.66666666666667,111.09005356016351,80.66666666666667,302.8467737869937
3508,51,9,80.77777777777777,102.45825708279662,80.77777777777777,285.694291943371
3508,52,9,75.44444444444444,129.0669507572631,75.44444444444444,333.57834595897066
3509,1,9,84.88888888888889,148.02233314980248,84.88888888888889,380.93355518849387
3509,2,9,119.22222222222223,252.08668041855057,119.22222222222223,623.3955830593234
3509,3,9,182.11111111111111,417.0681732176541,182.11111111111111,1016.2474575464192
3509,4,9,312.6666666666667,774.5200126529979,312.6666666666667,1861.7066919726626
3509,5,9,356.6666666666667,848.4310520012808,356.6666666666667,2053.5287706692284
3509,6,9,380.0,914.1584928227709,380.0,2208.3169856455415
3509,7,9,281.77777777777777,585.5166047555308,281.77777777777777,1452.8109872888394
3509,8,9,390.8888888888889,819.4741369385072,390.8888888888889,2029.8371627659033
3509,9,9,380.1111111111111,728.9688684101064,380.1111111111111,1838.048847931324
3509,10,9,333.6666666666667,559.5167557812723,333.6666666666667,1452.7001782292114
3509,11,9,353.22222222222223,560.8840739800378,353.22222222222223,1474.9903701822977
3509,12,9,372.0,590.7871867263202,372.0,1553.5743734526404
3509,13,9,273.55555555555554,369.5781754619417,273.55555555555554,1012.711906479439
3509,14,9,285.8888888888889,409.359696490887,285.8888888888889,1104.608281870663
3509,15,9,255.55555555555554,284.6546640717095,255.55555555555554,824.8648836989745
3509,16,9,203.0,236.97890201450423,203.0,676.9578040290085
3509,17,9,199.88888888888889,207.3267013944685,199.88888888888889,614.5422916778259
3509,18,9,186.44444444444446,195.68987653370775,186.44444444444446,577.8241975118599
3509,19,9,178.88888888888889,182.73645260623593,178.88888888888889,544.3617941013607
3509,20,9,156.22222222222223,160.9664388760727,156.22222222222223,478.1550999743676
3509,21,9,128.66666666666666,137.15319901482428,128.66666666666666,402.9730646963152
3509,22,9,92.88888888888889,98.13822451578748,92.88888888888889,289.16533792046386
3509,23,9,86.55555555555556,93.19617898700449,86.55555555555556,272.9479135295645
3509,24,9,81.77777777777777,83.60289734479568,81.77777777777777,248.98357246736913
3509,25,9,53.44444444444444,48.94157514606347,53.44444444444444,151.32759473657137
3509,26,9,46.0,47.77028364998475,46.0,141.5405672999695
3509,27,9,35.333333333333336,34.40930106817051,35.333333333333336,104.15193546967436
3509,28,9,23.11111111111111,19.419348884839344,23.11111111111111,61.9498088807898
3509,29,9,28.444444444444443,30.81440860665312,28.444444444444443,90.07326165775069
3509,30,9,26.88888888888889,20.805314492002065,26.88888888888889,68.49951787289302
3509,31,9,24.0,19.880895352071043,24.0,63.761790704142086
3509,32,9,25.555555555555557,18.201037821447922,25.555555555555557,61.9576311984514
3509,33,9,22.444444444444443,14.69788344550935,22.444444444444443,51.84021133546314
3509,34,9,25.444444444444443,15.5492050529208,25.444444444444443,56.542854550286044
3509,35,9,31.88888888888889,21.12725990541867,31.88888888888889,74.14340869972622
3509,36,9,26.88888888888889,18.100030693651078,26.88888888888889,63.08895027619104
3509,37,9,33.888888888888886,16.45785864294353,33.888888888888886,66.80460617477596
3509,38,9,35.77777777777778,22.179820658527525,35.77777777777778,80.13741909483284
3509,39,9,33.111111111111114,22.340794773488053,33.111111111111114,77.79270065808723
3509,40,9,36.22222222222222,17.00571799261779,36.22222222222222,70.23365820745781
3509,41,9,31.333333333333332,16.575584454250777,31.333333333333332,64.48450224183489
3509,42,9,36.666666666666664,21.598611066455177,36.666666666666664,79.86388879957701
3509,43,9,37.888888888888886,25.344843876242585,37.888888888888886,88.57857664137406
3509,44,9,32.0,27.59075932264279,32.0,87.18151864528558
3509,45,9,38.0,31.85906464414798,38.0,101.71812928829596
3509,46,9,34.77777777777778,36.427248653232716,34.77777777777778,107.63227508424322
3509,47,9,45.77777777777778,46.31084586189767,45.77777777777778,138.39946950157312
3509,48,9,41.333333333333336,30.923292192132454,41.333333333333336,103.17991771759824
3509,49,9,34.666666666666664,22.494443758403985,34.666666666666664,79.65555418347464
3509,50,9,32.111111111111114,19.160143817599884,32.111111111111114,70.43139874631089
3509,51,9,27.444444444444443,15.460523205175747,27.444444444444443,58.36549085479594
3509,52,9,23.0,21.095023109728988,23.0,65.19004621945797
3510,1,9,2.111111111111111,2.9767618499152917,2.111111111111111,8.064634810941694
3510,2,9,1.5555555555555556,1.810463415200036,1.5555555555555556,5.1764823859556275
3510,3,9,3.4444444444444446,4.126472801046649,3.4444444444444446,11.697390046537743
3510,4,9,2.6666666666666665,3.24037034920393,2.6666666666666665,9.147407365074526
3510,5,9,4.555555555555555,10.10088004966784,4.555555555555555,24.757315654891237
3510,6,9,6.555555555555555,14.92574211815874,6.555555555555555,36.40703979187303
3510,7,9,5.666666666666667,9.66953980290686,5.666666666666667,25.005746272480387
3510,8,9,5.777777777777778,11.099299277181618,5.777777777777778,27.976376332141015
3510,9,9,6.888888888888889,12.80082462621495,6.888888888888889,32.490538141318794
3510,10,9,2.0,3.122498999199199,2.0,8.244997998398398
3510,11,9,5.777777777777778,9.640769909319713,5.777777777777778,25.059317596417205
3510,12,9,6.222222222222222,9.079892314584157,6.222222222222222,24.382006851390535
3510,13,9,4.444444444444445,5.101742621671322,4.444444444444445,14.647929687787089
3510,14,9,6.666666666666667,10.111874208078342,6.666666666666667,26.890415082823353
3510,15,9,9.777777777777779,14.558311867948305,9.777777777777779,38.89440151367439
3510,16,9,10.11111111111111,16.966470201874966,10.11111111111111,44.04405151486104
3510,17,9,5.777777777777778,10.88321847820967,5.777777777777778,27.54421473419712
3510,18,9,7.666666666666667,14.6799182559032,7.666666666666667,37.026503178473064
3510,19,9,4.444444444444445,6.654154925892377,4.444444444444445,17.7527542962292
3510,20,9,3.7777777777777777,5.890199015690764,3.7777777777777777,15.558175809159305
3510,21,9,4.555555555555555,8.156456202161436,4.555555555555555,20.86846795987843
3510,22,9,3.4444444444444446,6.043821454822915,3.4444444444444446,15.532087354090274
3510,23,9,4.111111111111111,6.372684764768387,4.111111111111111,16.856480640647884
3510,24,9,1.2222222222222223,2.048034287907418,1.2222222222222223,5.318290798037058
3510,25,9,1.5555555555555556,1.8782379449307742,1.5555555555555556,5.312031445417104
3510,26,9,1.3333333333333333,3.0413812651491097,1.3333333333333333,7.416095863631552
3510,27,9,1.0,2.0,1.0,5.0
3510,28,9,1.2222222222222223,1.922093765778466,1.2222222222222223,5.066409753779155
3510,29,9,0.2222222222222222,0.44095855184409843,0.2222222222222222,1.104139325910419
3510,30,9,0.4444444444444444,0.7264831572567789,0.4444444444444444,1.8974107589580023
3510,31,9,0.5555555555555556,0.7264831572567789,0.5555555555555556,2.0085218700691136
3510,32,9,0.5555555555555556,1.1303883305208782,0.5555555555555556,2.8163322165973117
3510,33,9,0.3333333333333333,0.7071067811865476,0.3333333333333333,1.7475468957064284
3510,34,9,0.5555555555555556,1.0137937550497034,0.5555555555555556,2.583143065654962
3510,35,9,0.7777777777777778,1.3017082793177759,0.7777777777777778,3.3811943364133294
3510,36,9,0.3333333333333333,0.7071067811865476,0.3333333333333333,1.7475468957064284
3510,37,9,0.3333333333333333,0.7071067811865476,0.3333333333333333,1.7475468957064284
3510,38,9,0.7777777777777778,1.0929064207170003,0.7777777777777778,2.9635906192117782
3510,39,9,0.3333333333333333,0.5,0.3333333333333333,1.3333333333333333
3510,40,9,0.4444444444444444,0.7264831572567789,0.4444444444444444,1.8974107589580023
3510,41,9,1.2222222222222223,1.3944333775567925,1.2222222222222223,4.011088977335808
3510,42,9,0.8888888888888888,0.7817359599705717,0.8888888888888888,2.452360808830032
3510,43,9,1.0,1.118033988749895,1.0,3.23606797749979
3510,44,9,0.5555555555555556,0.7264831572567789,0.5555555555555556,2.0085218700691136
3510,45,9,1.2222222222222223,1.0929064207170003,1.2222222222222223,3.408035063656223
3510,46,9,0.8888888888888888,2.3154073315749675,0.8888888888888888,5.519703552038823
3510,47,9,0.5555555555555556,1.3333333333333335,0.5555555555555556,3.2222222222222223
3510,48,9,2.3333333333333335,4.123105625617661,2.3333333333333335,10.579544584568655
3510,49,9,1.1111111111111112,1.0540925533894598,1.1111111111111112,3.219296217890031
3510,50,9,1.2222222222222223,2.048034287907418,1.2222222222222223,5.318290798037058
3510,51,9,0.5555555555555556,1.0137937550497031,0.5555555555555556,2.583143065654962
3510,52,9,0.5,1.3228756555322954,0.5,3.1457513110645907
3511,1,9,12.222222222222221,17.94977560986333,12.222222222222221,48.12177344194888
3511,2,9,14.555555555555555,16.171820484341822,14.555555555555555,46.8991965242392
3511,3,9,15.0,15.5,15.0,46.0
3511,4,9,12.777777777777779,14.881009523699808,12.777777777777779,42.53979682517739
3511,5,9,23.444444444444443,24.311062868121947,23.444444444444443,72.06657018068833
3511,6,9,26.88888888888889,36.79824875060105,26.88888888888889,100.48538639009098
3511,7,9,31.22222222222222,50.556349200119705,31.22222222222222,132.33492062246162
3511,8,9,51.666666666666664,96.63074045043845,51.666666666666664,244.92814756754356
3511,9,9,66.11111111111111,142.6196378873229,66.11111111111111,351.35038688575696
3511,10,9,79.11111111111111,171.72029906540203,79.11111111111111,422.5517092419152
3511,11,9,81.66666666666667,182.74435695801935,81.66666666666667,447.1553805827054
3511,12,9,86.77777777777777,205.97012998113206,86.77777777777777,498.7180377400419
3511,13,9,71.11111111111111,144.44933752396068,71.11111111111111,360.0097861590325
3511,14,9,68.88888888888889,134.75389089414492,68.88888888888889,338.3966706771787
3511,15,9,81.44444444444444,173.79306021178687,81.44444444444444,429.0305648680182
3511,16,9,63.44444444444444,131.6340676944148,63.44444444444444,326.71257983327405
3511,17,9,65.11111111111111,125.51737374208844,65.11111111111111,316.145858595288
3511,18,9,63.77777777777778,118.11940756896999,63.77777777777778,300.01659291571775
3511,19,9,46.44444444444444,70.05196483880933,46.44444444444444,186.54837412206308
3511,20,9,39.77777777777778,61.397837457392946,39.77777777777778,162.57345269256368
3511,21,9,28.88888888888889,42.83236055964125,28.88888888888889,114.55361000817139
3511,22,9,16.0,23.895606290697042,16.0,63.791212581394085
3511,23,9,15.88888888888889,22.391094459876477,15.88888888888889,60.67107780864184
3511,24,9,9.333333333333334,13.181426326464068,9.333333333333334,35.69618598626147
3511,25,9,9.88888888888889,8.908485343261844,9.88888888888889,27.70585957541258
3511,26,9,7.777777777777778,8.348319857578796,7.777777777777778,24.47441749293537
3511,27,9,5.111111111111111,4.78132942926035,5.111111111111111,14.673769969631811
3511,28,9,3.888888888888889,2.934469476943168,3.888888888888889,9.757827842775225
3511,29,9,4.0,3.9370039370059056,4.0,11.874007874011811
3511,30,9,4.888888888888889,2.6666666666666665,4.888888888888889,10.222222222222221
3511,31,9,2.5555555555555554,1.4240006242195884,2.5555555555555554,5.403556803994732
3511,32,9,3.111111111111111,2.5712081034235856,3.111111111111111,8.253527317958282
3511,33,9,4.111111111111111,2.891558595482912,4.111111111111111,9.894228302076936
3511,34,9,3.111111111111111,2.758824226207808,3.111111111111111,8.628759563526728
3511,35,9,3.3333333333333335,3.4641016151377544,3.3333333333333335,10.261536563608843
3511,36,9,3.111111111111111,1.90029237516523,3.111111111111111,6.911695861441571
3511,37,9,5.666666666666667,2.0,5.666666666666667,9.666666666666668
3511,38,9,5.0,4.272001872658765,5.0,13.54400374531753
3511,39,9,5.333333333333333,3.4641016151377544,5.333333333333333,12.261536563608843
3511,40,9,6.333333333333333,4.69041575982343,6.333333333333333,15.714164852980193
3511,41,9,4.888888888888889,4.594682917363407,4.888888888888889,14.078254723615704
3511,42,9,5.333333333333333,5.049752469181039,5.333333333333333,15.43283827169541
3511,43,9,6.111111111111111,2.9767618499152917,6.111111111111111,12.064634810941694
3511,44,9,7.555555555555555,5.8760341879347315,7.555555555555555,19.30762393142502
3511,45,9,6.444444444444445,3.811532208676424,6.444444444444445,14.067508861797293
3511,46,9,5.777777777777778,4.684489774185065,5.777777777777778,15.146757326147906
3511,47,9,8.88888888888889,9.532109478552536,8.88888888888889,27.953107845993962
3511,48,9,9.777777777777779,10.802520282065869,9.777777777777779,31.382818341909516
3511,49,9,9.444444444444445,9.645090864153525,9.444444444444445,28.734626172751497
3511,50,9,13.0,11.926860441876563,13.0,36.85372088375313
3511,51,9,8.222222222222221,5.562773089426212,8.222222222222221,19.347768401074646
3511,52,9,5.944444444444445,5.659308948783214,5.944444444444445,17.263062342010873
3512,1,9,216.66666666666666,187.776462848782,216.66666666666666,592.2195923642306
3512,2,9,258.8888888888889,245.11856541500708,258.8888888888889,749.1260197189031
3512,3,9,352.3333333333333,439.2396839995221,352.3333333333333,1230.8127013323774
3512,4,9,480.1111111111111,731.8444924375061,480.1111111111111,1943.8000959861233
3512,5,9,615.3333333333334,1084.0781798375983,615.3333333333334,2783.48969300853
3512,6,9,729.7777777777778,1349.4616313346758,729.7777777777778,3428.7010404471293
3512,7,9,801.4444444444445,1447.4145148428552,801.4444444444445,3696.2734741301547
3512,8,9,1164.5555555555557,2207.5032339223826,1164.5555555555557,5579.562023400321
3512,9,9,1331.3333333333333,2507.7718197635127,1331.3333333333333,6346.876972860358
3512,10,9,1342.2222222222222,2570.33022089467,1342.2222222222222,6482.882664011562
3512,11,9,1383.2222222222222,2505.88610963157,1383.2222222222222,6394.994441485362
3512,12,9,1389.111111111111,2645.998792726692,1389.111111111111,6681.108696564495
3512,13,9,1290.3333333333333,2077.257266204646,1290.3333333333333,5444.847865742625
3512,14,9,1302.111111111111,2039.3294513420608,1302.111111111111,5380.770013795232
3512,15,9,1363.4444444444443,2089.703992860658,1363.4444444444443,5542.852430165761
3512,16,9,1104.111111111111,1571.4564458205996,1104.111111111111,4247.0240027523105
3512,17,9,1007.8888888888889,1219.3945674436602,1007.8888888888889,3446.6780237762096
3512,18,9,802.6666666666666,904.9028953429203,802.6666666666666,2612.4724573525073
3512,19,9,669.7777777777778,595.7692040080996,669.7777777777778,1861.316185793977
3512,20,9,527.2222222222222,442.12180951005394,527.2222222222222,1411.46584124233
3512,21,9,426.3333333333333,347.8965363437814,426.3333333333333,1122.1264060208962
3512,22,9,268.44444444444446,199.11686964639077,268.44444444444446,666.6781837372259
3512,23,9,231.11111111111111,156.71586107063672,231.11111111111111,544.5428332523845
3512,24,9,200.11111111111111,157.4622529722953,200.11111111111111,515.0356170557017
3512,25,9,151.33333333333334,96.38594295850407,151.33333333333334,344.1052192503415
3512,26,9,125.55555555555556,67.58533700276841,125.55555555555556,260.7262295610924
3512,27,9,94.77777777777777,57.314434869799115,94.77777777777777,209.406647517376
3512,28,9,81.0,46.6074028454708,81.0,174.2148056909416
3512,29,9,66.22222222222223,37.93342120669377,66.22222222222223,142.08906463560976
3512,30,9,65.66666666666667,32.546121120649694,65.66666666666667,130.75890890796606
3512,31,9,60.666666666666664,38.632887544163715,60.666666666666664,137.9324417549941
3512,32,9,66.55555555555556,27.71331408867907,66.55555555555556,121.9821837329137
3512,33,9,62.111111111111114,30.37039859980621,62.111111111111114,122.85190831072353
3512,34,9,61.0,26.851443164195103,61.0,114.7028863283902
3512,35,9,75.33333333333333,30.92733418838423,75.33333333333333,137.1880017101018
3512,36,9,68.33333333333333,28.138052526783014,68.33333333333333,124.60943838689936
3512,37,9,93.44444444444444,36.32874588776466,93.44444444444444,166.10193621997377
3512,38,9,101.33333333333333,59.1100668245266,101.33333333333333,219.5534669823865
3512,39,9,113.77777777777777,63.31030283014325,113.77777777777777,240.3983834380643
3512,40,9,128.88888888888889,71.15905501839602,128.88888888888889,271.2069989256809
3512,41,9,120.11111111111111,73.73846425788315,120.11111111111111,267.5880396268774
3512,42,9,142.44444444444446,73.91229787916066,142.44444444444446,290.2690402027658
3512,43,9,145.33333333333334,66.21555708441937,145.33333333333334,277.76444750217206
3512,44,9,135.44444444444446,64.28862868173327,135.44444444444446,264.021701807911
3512,45,9,151.22222222222223,76.85502224607345,151.22222222222223,304.9322667143691
3512,46,9,145.55555555555554,81.561496907412,145.55555555555554,308.6785493703795
3512,47,9,153.0,87.91757503480177,153.0,328.8351500696035
3512,48,9,162.33333333333334,101.29659421717987,162.33333333333334,364.9265217676931
3512,49,9,179.88888888888889,115.4755866454512,179.88888888888889,410.8400621797913
3512,50,9,177.88888888888889,124.54461494224111,177.88888888888889,426.9781187733711
3512,51,9,154.66666666666666,77.90378681424929,154.66666666666666,310.47424029516526
3512,52,9,145.88888888888889,80.01787994636643,145.88888888888889,305.9246487816217
3513,1,9,244.33333333333334,265.80255830221046,244.33333333333334,775.9384499377543
3513,2,9,262.8888888888889,283.92624237838794,262.8888888888889,830.7413736456648
3513,3,9,301.8888888888889,321.78581558407933,301.8888888888889,945.4605200570476
3513,4,9,306.44444444444446,288.7243976143647,306.44444444444446,883.8932396731739
3513,5,9,355.1111111111111,323.33707042513873,355.1111111111111,1001.7852519613886
3513,6,9,379.22222222222223,324.3897261696869,379.22222222222223,1028.001674561596
3513,7,9,433.8888888888889,387.13707018459377,433.8888888888889,1208.1630292580764
3513,8,9,542.3333333333334,462.4467536917088,542.3333333333334,1467.226840716751
3513,9,9,573.8888888888889,446.8555259937054,573.8888888888889,1467.5999408762996
3513,10,9,719.3333333333334,619.0113084589004,719.3333333333334,1957.3559502511343
3513,11,9,873.1111111111111,720.3713355701427,873.1111111111111,2313.8537822513963
3513,12,9,983.3333333333334,815.477467499869,983.3333333333334,2614.2882683330713
3513,13,9,993.8888888888889,787.8744259786017,993.8888888888889,2569.637740846092
3513,14,9,1052.7777777777778,887.7890765516573,1052.7777777777778,2828.3559308810927
3513,15,9,1113.111111111111,831.7922583861376,1113.111111111111,2776.6956278833864
3513,16,9,984.2222222222222,802.3116255199375,984.2222222222222,2588.845473262097
3513,17,9,998.6666666666666,893.6986348876226,998.6666666666666,2786.0639364419117
3513,18,9,948.0,922.7930428866485,948.0,2793.586085773297
3513,19,9,806.7777777777778,767.2264622941811,806.7777777777778,2341.23070236614
3513,20,9,658.5555555555555,602.4448338045382,658.5555555555555,1863.445223164632
3513,21,9,490.55555555555554,494.15132072855755,490.55555555555554,1478.8581970126706
3513,22,9,402.6666666666667,457.0339155905172,402.6666666666667,1316.734497847701
3513,23,9,308.1111111111111,324.4073228382971,308.1111111111111,956.9257567877053
3513,24,9,236.55555555555554,256.7129287312538,236.55555555555554,749.9814130180631
3513,25,9,176.66666666666666,169.88967008032006,176.66666666666666,516.4460068273067
3513,26,9,150.66666666666666,138.38442831474936,150.66666666666666,427.43552329616534
3513,27,9,129.88888888888889,119.83681033435056,129.88888888888889,369.56250955759003
3513,28,9,103.55555555555556,78.94160992643727,103.55555555555556,261.4387754084301
3513,29,9,96.77777777777777,77.0710350549702,96.77777777777777,250.91984788771816
3513,30,9,83.77777777777777,62.36741492513895,83.77777777777777,208.51260762805566
3513,31,9,95.55555555555556,67.21441644303532,95.55555555555556,229.9843884416262
3513,32,9,86.88888888888889,62.80414883676962,86.88888888888889,212.4971865624281
3513,33,9,88.55555555555556,60.09598803395928,88.55555555555556,208.74753162347412
3513,34,9,87.55555555555556,58.03255791172553,87.55555555555556,203.62067137900664
3513,35,9,91.77777777777777,64.30936513793651,91.77777777777777,220.3965080536508
3513,36,9,83.55555555555556,48.20817127601686,83.55555555555556,179.97189810758928
3513,37,9,108.22222222222223,70.69083706142152,108.22222222222223,249.60389634506527
3513,38,9,108.44444444444444,75.28464503321895,108.44444444444444,259.01373451088233
3513,39,9,108.88888888888889,67.86281095792533,108.88888888888889,244.61451080473955
3513,40,9,125.55555555555556,81.64268355326017,125.55555555555556,288.8409226620759
3513,41,9,136.22222222222223,102.0487356337375,136.22222222222223,340.3196934896972
3513,42,9,154.88888888888889,120.78953229113485,154.88888888888889,396.4679534711586
3513,43,9,149.77777777777777,105.53764467925387,149.77777777777777,360.8530671362855
3513,44,9,145.55555555555554,99.82874224279188,145.55555555555554,345.21304004113927
3513,45,9,155.0,105.51540171936986,155.0,366.0308034387397
3513,46,9,167.11111111111111,135.54560528143696,167.11111111111111,438.202321673985
3513,47,9,183.77777777777777,151.21902805019096,183.77777777777777,486.2158338781597
3513,48,9,184.55555555555554,143.23068029503239,184.55555555555554,471.0169161456203
3513,49,9,213.22222222222223,193.565736752258,213.22222222222223,600.3536957267382
3513,50,9,227.11111111111111,227.5749571264622,227.11111111111111,682.2610253640355
3513,51,9,197.55555555555554,166.25591050479312,197.55555555555554,530.0673765651418
3513,52,9,194.0,176.44262523551387,194.0,546.8852504710278
3514,1,9,22.555555555555557,21.125287637752482,22.555555555555557,64.80613083106053
3514,2,9,45.77777777777778,73.35832907342183,45.77777777777778,192.49443592462143
3514,3,9,70.88888888888889,112.69476967060676,70.88888888888889,296.2784282301024
3514,4,9,118.11111111111111,228.59923689966928,118.11111111111111,575.3095849104496
3514,5,9,111.44444444444444,175.688012618328,111.44444444444444,462.82046968110046
3514,6,9,141.11111111111111,234.35093580165434,141.11111111111111,609.8129827144198
3514,7,9,110.77777777777777,166.69791373752835,110.77777777777777,444.1736052528345
3514,8,9,167.66666666666666,263.4155462382583,167.66666666666666,694.4977591431832
3514,9,9,252.77777777777777,414.3880360778342,252.77777777777777,1081.5538499334461
3514,10,9,244.44444444444446,406.1404040203065,244.44444444444446,1056.7252524850574
3514,11,9,265.22222222222223,434.3189432254187,265.22222222222223,1133.8601086730596
3514,12,9,299.6666666666667,503.43370963812106,299.6666666666667,1306.5340859429089
3514,13,9,219.0,301.23578804650685,219.0,821.4715760930137
3514,14,9,251.77777777777777,343.9330522709971,251.77777777777777,939.643882319772
3514,15,9,282.77777777777777,371.06730446705274,282.77777777777777,1024.9123867118833
3514,16,9,220.77777777777777,301.01112013419777,220.77777777777777,822.8000180461734
3514,17,9,208.22222222222223,226.53078034661084,208.22222222222223,661.2837829154439
3514,18,9,195.55555555555554,231.59129469342707,195.55555555555554,658.7381449424097
3514,19,9,139.88888888888889,169.1511487135429,139.88888888888889,478.19118631597473
3514,20,9,102.44444444444444,122.01240829431151,102.44444444444444,346.4692610330675
3514,21,9,81.55555555555556,93.74048099822072,81.55555555555556,269.036517551997
3514,22,9,48.55555555555556,44.791492247722424,48.55555555555556,138.1385400510004
3514,23,9,35.111111111111114,33.062230885273166,35.111111111111114,101.23557288165745
3514,24,9,27.11111111111111,17.381343765978254,27.11111111111111,61.873798643067616
3514,25,9,22.333333333333332,26.758176320519308,22.333333333333332,75.84968597437195
3514,26,9,19.333333333333332,22.566568192793518,19.333333333333332,64.46646971892037
3514,27,9,13.88888888888889,17.86368134263235,13.88888888888889,49.616251574153594
3514,28,9,8.222222222222221,6.610177338350647,8.222222222222221,21.442576898923516
3514,29,9,7.888888888888889,4.512328790226961,7.888888888888889,16.913546469342812
3514,30,9,6.0,5.937171043518958,6.0,17.874342087037917
3514,31,9,6.777777777777778,8.714610974934248,6.777777777777778,24.206999727646274
3514,32,9,6.111111111111111,2.5221243250702594,6.111111111111111,11.15535976125163
3514,33,9,5.222222222222222,3.192874010111336,5.222222222222222,11.607970242444894
3514,34,9,5.888888888888889,4.648775226993784,5.888888888888889,15.186439342876458
3514,35,9,4.555555555555555,2.788866755113585,4.555555555555555,10.133289065782726
3514,36,9,4.666666666666667,4.358898943540674,4.666666666666667,13.384464553748014
3514,37,9,5.0,2.8284271247461903,5.0,10.65685424949238
3514,38,9,6.222222222222222,3.3829638550307397,6.222222222222222,12.9881499322837
3514,39,9,7.555555555555555,4.216370213557839,7.555555555555555,15.988295982671234
3514,40,9,9.333333333333334,6.103277807866851,9.333333333333334,21.539888949067034
3514,41,9,8.555555555555555,9.696792138525904,8.555555555555555,27.949139832607365
3514,42,9,8.88888888888889,6.173419725817378,8.88888888888889,21.235728340523643
3514,43,9,8.222222222222221,6.26054665699765,8.222222222222221,20.743315536217523
3514,44,9,9.88888888888889,8.100068586815244,9.88888888888889,26.089026062519377
3514,45,9,8.666666666666666,4.716990566028302,8.666666666666666,18.10064779872327
3514,46,9,8.333333333333334,5.477225575051661,8.333333333333334,19.287784483436656
3514,47,9,11.0,3.6742346141747673,11.0,18.348469228349536
3514,48,9,11.666666666666666,6.18465843842649,11.666666666666666,24.03598354351965
3514,49,9,12.11111111111111,10.080233683358294,12.11111111111111,32.2715784778277
3514,50,9,18.666666666666668,12.186057606953941,18.666666666666668,43.03878188057455
3514,51,9,11.666666666666666,5.049752469181039,11.666666666666666,21.766171605028745
3514,52,9,13.277777777777779,15.225618031608583,13.277777777777779,43.729013840994945
3515,1,9,431.44444444444446,476.81340981329146,431.44444444444446,1385.0712640710274
3515,2,9,503.0,534.8359561585215,503.0,1572.671912317043
3515,3,9,679.5555555555555,831.162154923922,679.5555555555555,2341.8798654033994
3515,4,9,684.6666666666666,806.1727482370017,684.6666666666666,2297.01216314067
3515,5,9,853.1111111111111,1062.6181633640142,853.1111111111111,2978.3474378391393
3515,6,9,984.0,1156.2393783295913,984.0,3296.4787566591826
3515,7,9,1177.2222222222222,1670.9185930033948,1177.2222222222222,4519.059408229012
3515,8,9,1638.0,2163.200926867405,1638.0,5964.40185373481
3515,9,9,2123.5555555555557,2987.5637696587796,2123.5555555555557,8098.683094873115
3515,10,9,2607.8888888888887,3994.8536407622137,2607.8888888888887,10597.596170413315
3515,11,9,3072.6666666666665,5081.153166358991,3072.6666666666665,13234.972999384649
3515,12,9,3166.5555555555557,4856.945828169981,3166.5555555555557,12880.447211895516
3515,13,9,2704.3333333333335,3261.140176380034,2704.3333333333335,9226.613686093402
3515,14,9,2866.3333333333335,3337.9596312717745,2866.3333333333335,9542.252595876882
3515,15,9,3333.5555555555557,3943.0798911229,3333.5555555555557,11219.715337801355
3515,16,9,2984.6666666666665,3525.561905569097,2984.6666666666665,10035.79047780486
3515,17,9,3277.777777777778,3823.139703757168,3277.777777777778,10924.057185292113
3515,18,9,2876.4444444444443,3286.878462580839,2876.4444444444443,9450.201369606122
3515,19,9,2250.1111111111113,2653.7459111812327,2250.1111111111113,7557.602933473577
3515,20,9,1733.6666666666667,2045.265386202974,1733.6666666666667,5824.1974390726145
3515,21,9,1360.111111111111,1670.6602320972122,1360.111111111111,4701.431575305535
3515,22,9,881.4444444444445,978.3541167582307,881.4444444444445,2838.1526779609057
3515,23,9,700.1111111111111,704.26263645824,700.1111111111111,2108.636384027591
3515,24,9,508.1111111111111,441.3760993881648,508.1111111111111,1390.8633098874407
3515,25,9,383.1111111111111,317.71860365913597,383.1111111111111,1018.548318429383
3515,26,9,369.55555555555554,339.6156324107855,369.55555555555554,1048.7868203771266
3515,27,9,294.6666666666667,239.42013282094717,294.6666666666667,773.5069323085611
3515,28,9,236.88888888888889,148.29905971081243,236.88888888888889,533.4870083105137
3515,29,9,219.77777777777777,134.6196287487246,219.77777777777777,489.017035275227
3515,30,9,206.55555555555554,109.88870632498036,206.55555555555554,426.3329682055163
3515,31,9,184.77777777777777,81.98441586328737,184.77777777777777,348.7466095043525
3515,32,9,179.11111111111111,86.47607247736862,179.11111111111111,352.06325606584835
3515,33,9,164.55555555555554,80.80239957933043,164.55555555555554,326.1603547142164
3515,34,9,150.77777777777777,65.41746284016558,150.77777777777777,281.61270345810897
3515,35,9,158.33333333333334,69.80508577460529,158.33333333333334,297.94350488254395
3515,36,9,131.66666666666666,63.69065865572439,131.66666666666666,259.04798397811544
3515,37,9,171.22222222222223,84.4375179907868,171.22222222222223,340.09725820379583
3515,38,9,178.33333333333334,81.24038404635961,178.33333333333334,340.81410142605256
3515,39,9,166.11111111111111,71.61083096230006,166.11111111111111,309.3327730357112
3515,40,9,163.55555555555554,74.85003525568828,163.55555555555554,313.2556260669321
3515,41,9,159.44444444444446,89.76930309286007,159.44444444444446,338.9830506301646
3515,42,9,207.11111111111111,115.96383535874928,207.11111111111111,439.0387818286097
3515,43,9,192.22222222222223,102.62160807765801,192.22222222222223,397.46543837753825
3515,44,9,174.33333333333334,90.98351499035417,174.33333333333334,356.30036331404165
3515,45,9,222.55555555555554,130.93997776759312,222.55555555555554,484.4355110907418
3515,46,9,207.33333333333334,129.10751333675356,207.33333333333334,465.5483600068404
3515,47,9,234.55555555555554,148.37461972243696,234.55555555555554,531.3047950004295
3515,48,9,276.77777777777777,171.3357652226891,276.77777777777777,619.449308223156
3515,49,9,292.3333333333333,197.62780674793717,292.3333333333333,687.5889468292077
3515,50,9,301.77777777777777,224.22632415585025,301.77777777777777,750.2304260894782
3515,51,9,277.6666666666667,175.69291391516052,277.6666666666667,629.0524944969877
3515,52,9,279.3888888888889,239.24409315824522,279.3888888888889,757.8770752053794
5201,1,9,9.777777777777779,11.289129481250733,9.777777777777779,32.356036740279244
5201,2,9,11.777777777777779,11.289129481250734,11.777777777777779,34.35603674027925
5201,3,9,16.77777777777778,17.071744036402503,16.77777777777778,50.921265850582785
5201,4,9,16.0,12.757350822173073,16.0,41.51470164434615
5201,5,9,17.22222222222222,14.033689623347255,17.22222222222222,45.28960146891673
5201,6,9,16.22222222222222,13.800161029656302,16.22222222222222,43.822544281534825
5201,7,9,12.444444444444445,11.181582078479671,12.444444444444445,34.807608601403786
5201,8,9,26.22222222222222,16.490738141285384,26.22222222222222,59.20369850479299
5201,9,9,19.88888888888889,14.961988875517557,19.88888888888889,49.812866639924
5201,10,9,23.0,15.732132722552274,23.0,54.464265445104544
5201,11,9,25.444444444444443,21.714690367992304,25.444444444444443,68.87382518042905
5201,12,9,27.77777777777778,19.123138979896698,27.77777777777778,66.02405573757117
5201,13,9,24.22222222222222,12.060035010083697,24.22222222222222,48.34229224238962
5201,14,9,29.22222222222222,19.31176958345466,29.22222222222222,67.84576138913154
5201,15,9,23.77777777777778,17.838005618466557,23.77777777777778,59.45378901471089
5201,16,9,23.666666666666668,17.95132307101624,23.666666666666668,59.56931280869915
5201,17,9,23.0,19.96872554771586,23.0,62.93745109543172
5201,18,9,20.444444444444443,18.6956620042666,20.444444444444443,57.835768452977646
5201,19,9,27.555555555555557,27.143650782048052,27.555555555555557,81.84285711965165
5201,20,9,29.77777777777778,39.62883349840675,29.77777777777778,109.03544477459127
5201,21,9,26.77777777777778,29.405687280600063,26.77777777777778,85.5891523389779
5201,22,9,14.777777777777779,13.497942230001001,14.777777777777779,41.77366223777978
5201,23,9,17.0,13.0862523283024,17.0,43.1725046566048
5201,24,9,13.666666666666666,15.198684153570664,13.666666666666666,44.06403497380799
5201,25,9,8.666666666666666,10.331989159885913,8.666666666666666,29.330644986438493
5201,26,9,7.111111111111111,6.489307444643929,7.111111111111111,20.08972600039897
5201,27,9,4.111111111111111,3.822448313726572,4.111111111111111,11.756007738564254
5201,28,9,2.888888888888889,3.2956199888808646,2.888888888888889,9.480128866650618
5201,29,9,1.7777777777777777,1.563471919941143,1.7777777777777777,4.904721617660064
5201,30,9,2.2222222222222223,2.488864087178013,2.2222222222222223,7.199950396578249
5201,31,9,1.2222222222222223,1.922093765778466,1.2222222222222223,5.066409753779155
5201,32,9,1.6666666666666667,2.179449471770337,1.6666666666666667,6.025565610207341
5201,33,9,2.0,1.8708286933869707,2.0,5.741657386773941
5201,34,9,0.5555555555555556,1.3333333333333335,0.5555555555555556,3.2222222222222223
5201,35,9,0.6666666666666666,1.6583123951776997,0.6666666666666666,3.983291457022066
5201,36,9,0.6666666666666666,1.6583123951776997,0.6666666666666666,3.983291457022066
5201,37,9,0.8888888888888888,1.3642254619787417,0.8888888888888888,3.6173398128463723
5201,38,9,0.6666666666666666,1.3228756555322954,0.6666666666666666,3.3124179777312572
5201,39,9,0.7777777777777778,0.6666666666666667,0.7777777777777778,2.111111111111111
5201,40,9,0.8888888888888888,1.9649710204252657,0.8888888888888888,4.81883092973942
5201,41,9,0.3333333333333333,0.5,0.3333333333333333,1.3333333333333333
5201,42,9,0.4444444444444444,0.7264831572567789,0.4444444444444444,1.8974107589580023
5201,43,9,0.8888888888888888,0.927960727138337,0.8888888888888888,2.744810343165563
5201,44,9,0.8888888888888888,0.927960727138337,0.8888888888888888,2.744810343165563
5201,45,9,1.3333333333333333,1.224744871391589,1.3333333333333333,3.782823076116511
5201,46,9,1.2222222222222223,1.6414763002993509,1.2222222222222223,4.5051748228209245
5201,47,9,3.7777777777777777,4.409585518440983,3.7777777777777777,12.596948814659743
5201,48,9,4.0,6.0,4.0,16.0
5201,49,9,3.5555555555555554,4.27525177946022,3.5555555555555554,12.106059114475995
5201,50,9,4.444444444444445,6.405292950191878,4.444444444444445,17.2550303448282
5201,51,9,3.5555555555555554,4.977728174356026,3.5555555555555554,13.511011904267608
5201,52,9,2.2222222222222223,3.4560735588879536,2.2222222222222223,9.13436933999813
5202,1,9,36.44444444444444,51.44198458241845,36.44444444444444,139.32841360928134
5202,2,9,74.66666666666667,82.95631380431509,74.66666666666667,240.57929427529683
5202,3,9,112.66666666666667,154.581693612148,112.66666666666667,421.8300538909627
5202,4,9,84.77777777777777,95.99450215738631,84.77777777777777,276.7667820925504
5202,5,9,91.88888888888889,94.47942162773388,91.88888888888889,280.84773214435666
5202,6,9,82.66666666666667,82.57420904858851,82.66666666666667,247.81508476384369
5202,7,9,60.55555555555556,39.85633924205506,60.55555555555556,140.26823403966569
5202,8,9,73.66666666666667,57.708318291213445,73.66666666666667,189.08330324909355
5202,9,9,72.66666666666667,47.97916214358062,72.66666666666667,168.62499095382793
5202,10,9,66.33333333333333,43.439613257946945,66.33333333333333,153.2125598492272
5202,11,9,64.33333333333333,37.52332607858744,64.33333333333333,139.3799854905082
5202,12,9,53.111111111111114,29.641374986850916,53.111111111111114,112.39386108481295
5202,13,9,55.0,22.22048604328897,55.0,99.44097208657794
5202,14,9,55.44444444444444,26.77737436302853,55.44444444444444,108.99919317050151
5202,15,9,59.333333333333336,37.118054905934926,59.333333333333336,133.5694431452032
5202,16,9,59.0,39.242833740697165,59.0,137.48566748139433
5202,17,9,56.55555555555556,30.18323670148345,56.55555555555556,116.92202895852246
5202,18,9,51.666666666666664,31.184932259025356,51.666666666666664,114.03653118471738
5202,19,9,46.888888888888886,34.897866856172044,46.888888888888886,116.68462260123297
5202,20,9,36.333333333333336,24.677925358506133,36.333333333333336,85.6891840503456
5202,21,9,37.666666666666664,24.166091947189145,37.666666666666664,85.99885056104495
5202,22,9,28.88888888888889,23.986686121911696,28.88888888888889,76.86226113271228
5202,23,9,28.77777777777778,21.28836406219239,28.77777777777778,71.35450590216256
5202,24,9,20.444444444444443,20.323084848953858,20.444444444444443,61.09061414235216
5202,25,9,15.0,13.693063937629153,15.0,42.38612787525831
5202,26,9,13.0,11.789826122551595,13.0,36.57965224510319
5202,27,9,5.777777777777778,4.918784854457901,5.777777777777778,15.61534748669358
5202,28,9,7.111111111111111,5.710613899670605,7.111111111111111,18.53233891045232
5202,29,9,6.777777777777778,5.562773089426212,6.777777777777778,17.903323956630203
5202,30,9,4.555555555555555,4.693375946776241,4.555555555555555,13.942307449108037
5202,31,9,4.0,4.031128874149275,4.0,12.06225774829855
5202,32,9,5.111111111111111,3.9510898637098992,5.111111111111111,13.01329083853091
5202,33,9,4.888888888888889,5.109903238918631,4.888888888888889,15.10869536672615
5202,34,9,5.0,6.284902544988268,5.0,17.569805089976533
5202,35,9,6.444444444444445,6.821127309893708,6.444444444444445,20.08669906423186
5202,36,9,2.888888888888889,2.260776661041756,2.888888888888889,7.4104422109724
5202,37,9,5.111111111111111,8.565110105019732,5.111111111111111,22.241331321150575
5202,38,9,3.0,2.7838821814150108,3.0,8.567764362830022
5202,39,9,2.3333333333333335,2.23606797749979,2.3333333333333335,6.8054692883329135
5202,40,9,2.888888888888889,2.1473497877875207,2.888888888888889,7.183588464463931
5202,41,9,4.333333333333333,3.6742346141747673,4.333333333333333,11.681802561682868
5202,42,9,6.222222222222222,3.1135902820449006,6.222222222222222,12.449402786312024
5202,43,9,4.666666666666667,6.4807406984078595,4.666666666666667,17.628148063482385
5202,44,9,4.0,3.082207001484488,4.0,10.164414002968975
5202,45,9,6.555555555555555,5.876034187934731,6.555555555555555,18.307623931425017
5202,46,9,6.777777777777778,4.969350505291858,6.777777777777778,16.716478788361492
5202,47,9,10.0,9.17877987534291,10.0,28.35755975068582
5202,48,9,12.666666666666666,13.444329659748751,12.666666666666666,39.55532598616417
5202,49,9,13.555555555555555,9.709674442419672,13.555555555555555,32.9749044403949
5202,50,9,12.777777777777779,8.288211172770906,12.777777777777779,29.35420012331959
5202,51,9,12.222222222222221,5.953523699830584,12.222222222222221,24.129269621883388
5202,52,9,7.833333333333333,6.1339220731926485,7.833333333333333,20.10117747971863
5203,1,9,1351.888888888889,881.6936038733134,1351.888888888889,3115.2760966355154
5203,2,9,1778.6666666666667,1203.3891722963108,1778.6666666666667,4185.445011259289
5203,3,9,2255.777777777778,1647.3279711230682,2255.777777777778,5550.433720023914
5203,4,9,2569.0,1853.5193551727482,2569.0,6276.038710345496
5203,5,9,2804.0,1842.852544291051,2804.0,6489.705088582102
5203,6,9,2795.6666666666665,1762.1545051441997,2795.6666666666665,6319.975676955066
5203,7,9,2517.222222222222,1731.1326334063615,2517.222222222222,5979.487489034946
5203,8,9,3229.222222222222,2282.2308591473484,3229.222222222222,7793.683940516919
5203,9,9,3211.6666666666665,2353.6494003993034,3211.6666666666665,7918.965467465274
5203,10,9,3085.4444444444443,2368.657853675321,3085.4444444444443,7822.760151795086
5203,11,9,3133.5555555555557,2173.0365339261502,3133.5555555555557,7479.628623407856
5203,12,9,2804.3333333333335,1875.3794282757822,2804.3333333333335,6555.092189884897
5203,13,9,2480.1111111111113,1699.3899967668137,2480.1111111111113,5878.891104644739
5203,14,9,2805.3333333333335,1953.915300108989,2805.3333333333335,6713.163933551312
5203,15,9,2465.222222222222,1395.4435475663086,2465.222222222222,5256.10931735484
5203,16,9,2143.0,1194.3200994708245,2143.0,4531.640198941649
5203,17,9,2469.222222222222,1533.6413187067062,2469.222222222222,5536.504859635635
5203,18,9,2304.777777777778,1717.717946708494,2304.777777777778,5740.213671194766
5203,19,9,2322.3333333333335,1735.4942379622005,2322.3333333333335,5793.3218092577345
5203,20,9,2022.111111111111,1500.138114011877,2022.111111111111,5022.387339134865
5203,21,9,1717.3333333333333,1369.458925999608,1717.3333333333333,4456.2511853325495
5203,22,9,1400.5555555555557,968.1851722567217,1400.5555555555557,3336.925900068999
5203,23,9,1446.2222222222222,1192.5965136811546,1446.2222222222222,3831.4152495845315
5203,24,9,1178.111111111111,872.6689584894783,1178.111111111111,2923.4490280900677
5203,25,9,896.7777777777778,585.6047681196291,896.7777777777778,2067.9873140170357
5203,26,9,780.2222222222222,529.464535587082,780.2222222222222,1839.151293396386
5203,27,9,549.1111111111111,281.48554334301275,549.1111111111111,1112.0821977971366
5203,28,9,483.1111111111111,267.1055242991262,483.1111111111111,1017.3221597093635
5203,29,9,434.55555555555554,214.87153784942709,434.55555555555554,864.2986312544097
5203,30,9,416.44444444444446,263.6143542711166,416.44444444444446,943.6731529866777
5203,31,9,403.6666666666667,265.2187776157638,403.6666666666667,934.1042218981943
5203,32,9,371.8888888888889,140.28314621190643,371.8888888888889,652.4551813127018
5203,33,9,341.8888888888889,116.30933372309856,341.8888888888889,574.5075563350861
5203,34,9,346.3333333333333,111.5616421535646,346.3333333333333,569.4566176404626
5203,35,9,331.44444444444446,99.18935314728984,331.44444444444446,529.8231507390242
5203,36,9,285.3333333333333,65.53243471747406,285.3333333333333,416.3982027682814
5203,37,9,343.6666666666667,82.30127581028134,343.6666666666667,508.26921828722936
5203,38,9,367.0,67.92090988789829,367.0,502.8418197757966
5203,39,9,395.6666666666667,120.51763356455352,395.6666666666667,636.7019337957737
5203,40,9,419.3333333333333,105.39568302354704,419.3333333333333,630.1246993804274
5203,41,9,416.6666666666667,85.37856873946764,416.6666666666667,587.4238041456019
5203,42,9,497.55555555555554,89.49037812959435,497.55555555555554,676.5363118147443
5203,43,9,473.0,77.31267683892467,473.0,627.6253536778494
5203,44,9,430.44444444444446,113.4902100525758,430.44444444444446,657.4248645495961
5203,45,9,546.0,152.09783035927896,546.0,850.195660718558
5203,46,9,512.3333333333334,161.98456716613467,512.3333333333334,836.3024676656028
5203,47,9,651.7777777777778,149.33333333333334,651.7777777777778,950.4444444444446
5203,48,9,677.6666666666666,213.39985941888528,677.6666666666666,1104.4663855044373
5203,49,9,760.4444444444445,285.08600066958354,760.4444444444445,1330.6164457836117
5203,50,9,813.6666666666666,338.1608345151756,813.6666666666666,1489.9883356970179
5203,51,9,782.7777777777778,235.74073564923913,782.7777777777778,1254.259249076256
5203,52,9,655.5555555555555,307.94159799835063,655.5555555555555,1271.4387515522567
5204,1,9,126.55555555555556,188.66578327237238,126.55555555555556,503.8871221003003
5204,2,9,194.66666666666666,283.0587394870542,194.66666666666666,760.784145640775
5204,3,9,206.33333333333334,248.06148431386924,206.33333333333334,702.4563019610719
5204,4,9,261.77777777777777,278.5806785196067,261.77777777777777,818.9391348169911
5204,5,9,336.44444444444446,363.14842389548903,336.44444444444446,1062.7412922354224
5204,6,9,378.44444444444446,425.5385150345122,378.44444444444446,1229.521474513469
5204,7,9,403.0,519.6655174244295,403.0,1442.331034848859
5204,8,9,432.1111111111111,446.02310602827646,432.1111111111111,1324.157323167664
5204,9,9,461.44444444444446,458.1397469962389,461.44444444444446,1377.7239384369223
5204,10,9,414.0,353.1469240981719,414.0,1120.2938481963438
5204,11,9,483.77777777777777,395.3538850756932,483.77777777777777,1274.485547929164
5204,12,9,535.4444444444445,414.94972921762195,535.4444444444445,1365.3439028796884
5204,13,9,560.5555555555555,475.7202726159332,560.5555555555555,1511.996100787422
5204,14,9,608.0,464.14922169492,608.0,1536.29844338984
5204,15,9,620.3333333333334,501.9721107790751,620.3333333333334,1624.2775548914835
5204,16,9,664.8888888888889,571.2679853721115,664.8888888888889,1807.424859633112
5204,17,9,679.5555555555555,517.2891143043489,679.5555555555555,1714.1337841642535
5204,18,9,691.0,512.9644237176688,691.0,1716.9288474353375
5204,19,9,661.4444444444445,485.5770049928001,661.4444444444445,1632.5984544300445
5204,20,9,615.6666666666666,488.18413534239306,615.6666666666666,1592.0349373514528
5204,21,9,563.5555555555555,506.2514471858602,563.5555555555555,1576.058449927276
5204,22,9,449.3333333333333,411.12346077547073,449.3333333333333,1271.5802548842748
5204,23,9,438.3333333333333,396.2164812321668,438.3333333333333,1230.766295797667
5204,24,9,324.3333333333333,273.08606701917256,324.3333333333333,870.5054673716784
5204,25,9,288.22222222222223,283.029935597711,288.22222222222223,854.2820934176443
5204,26,9,222.88888888888889,230.58319780745325,222.88888888888889,684.0552845037954
5204,27,9,164.22222222222223,176.45663615870174,164.22222222222223,517.1354945396257
5204,28,9,146.22222222222223,149.56167438366168,146.22222222222223,445.3455709895456
5204,29,9,108.0,94.64274932608414,108.0,297.28549865216826
5204,30,9,94.66666666666667,86.37273875477146,94.66666666666667,267.4121441762096
5204,31,9,77.44444444444444,82.70446044668797,77.44444444444444,242.85336533782038
5204,32,9,68.11111111111111,64.73879139365448,68.11111111111111,197.58869389842008
5204,33,9,59.111111111111114,50.51594907661452,59.111111111111114,160.14300926434015
5204,34,9,62.0,45.29624708516148,62.0,152.59249417032296
5204,35,9,47.111111111111114,33.85426282037627,47.111111111111114,114.81963675186365
5204,36,9,39.44444444444444,38.00694381001684,39.44444444444444,115.45833206447813
5204,37,9,45.55555555555556,20.845329879322556,45.55555555555556,87.24621531420067
5204,38,9,44.77777777777778,26.5507899024576,44.77777777777778,97.87935758269298
5204,39,9,39.77777777777778,20.364047840359355,39.77777777777778,80.5058734584965
5204,40,9,39.0,18.553975315279473,39.0,76.10795063055895
5204,41,9,33.888888888888886,16.104692207897397,33.888888888888886,66.09827330468369
5204,42,9,45.666666666666664,20.54872258803452,45.666666666666664,86.7641118427357
5204,43,9,39.55555555555556,20.03815804353728,39.55555555555556,79.63187164263012
5204,44,9,44.44444444444444,23.157672114825743,44.44444444444444,90.75978867409593
5204,45,9,49.666666666666664,26.358110706194406,49.666666666666664,102.38288807905548
5204,46,9,52.44444444444444,33.71613527345294,52.44444444444444,119.87671499135033
5204,47,9,57.44444444444444,29.108036309201243,57.44444444444444,115.66051706284694
5204,48,9,70.77777777777777,60.83744278357239,70.77777777777777,192.45266334492254
5204,49,9,79.0,79.1580697086532,79.0,237.3161394173064
5204,50,9,85.88888888888889,76.03855016444692,85.88888888888889,237.96598921778272
5204,51,9,87.33333333333333,84.3712036182962,87.33333333333333,256.07574056992576
5204,52,9,89.55555555555556,122.70198766840649,89.55555555555556,334.95953089236855
5205,1,9,183.44444444444446,120.18018879073945,183.44444444444446,423.8048220259234
5205,2,9,245.55555555555554,148.71038221246616,245.55555555555554,542.9763199804879
5205,3,9,328.77777777777777,231.34918293446478,328.77777777777777,791.4761436467073
5205,4,9,368.1111111111111,222.46822494709465,368.1111111111111,813.0475610053004
5205,5,9,446.6666666666667,265.96522329056484,446.6666666666667,978.5971132477964
5205,6,9,479.3333333333333,285.1109433185615,479.3333333333333,1049.5552199704564
5205,7,9,450.77777777777777,301.95727254769747,450.77777777777777,1054.6923228731728
5205,8,9,619.1111111111111,415.5651105556277,619.1111111111111,1450.2413322223665
5205,9,9,669.3333333333334,475.70868186317557,669.3333333333334,1620.7506970596846
5205,10,9,648.6666666666666,499.4286735861288,648.6666666666666,1647.5240138389242
5205,11,9,741.3333333333334,513.2384923210651,741.3333333333334,1767.8103179754635
5205,12,9,700.6666666666666,470.14253157952004,700.6666666666666,1640.9517298257067
5205,13,9,671.8888888888889,393.422941770191,671.8888888888889,1458.7347724292708
5205,14,9,833.4444444444445,605.2706235873155,833.4444444444445,2043.9856916190756
5205,15,9,872.7777777777778,703.1135715120598,872.7777777777778,2279.0049208018972
5205,16,9,736.1111111111111,577.5697889529118,736.1111111111111,1891.2506890169348
5205,17,9,787.5555555555555,595.8418647407866,787.5555555555555,1979.2392850371289
5205,18,9,706.6666666666666,717.3367410080151,706.6666666666666,2141.340148682697
5205,19,9,670.0,578.5066983190428,670.0,1827.0133966380856
5205,20,9,592.7777777777778,482.55822907131574,592.7777777777778,1557.8942359204093
5205,21,9,509.44444444444446,428.9510785366762,509.44444444444446,1367.346601517797
5205,22,9,366.1111111111111,298.1352228622293,366.1111111111111,962.3815568355697
5205,23,9,339.1111111111111,286.76185435150035,339.1111111111111,912.6348198141118
5205,24,9,265.55555555555554,232.23485478665296,265.55555555555554,730.0252651288615
5205,25,9,223.55555555555554,162.0540890498533,223.55555555555554,547.6637336552621
5205,26,9,176.44444444444446,123.24783072240169,176.44444444444446,422.94010588924783
5205,27,9,117.0,69.53416426476987,117.0,256.0683285295397
5205,28,9,97.77777777777777,56.80840117838597,97.77777777777777,211.3945801345497
5205,29,9,80.11111111111111,57.101761015848815,80.11111111111111,194.31463314280876
5205,30,9,62.333333333333336,38.616706229299254,62.333333333333336,139.56674579193185
5205,31,9,56.0,36.959437225152655,56.0,129.9188744503053
5205,32,9,60.888888888888886,31.939178309892554,60.888888888888886,124.767245508674
5205,33,9,48.111111111111114,22.22861019297228,48.111111111111114,92.56833149705568
5205,34,9,41.44444444444444,20.952989709771202,41.44444444444444,83.35042386398685
5205,35,9,46.0,28.403344873447562,46.0,102.80668974689513
5205,36,9,31.555555555555557,16.56133381638622,31.555555555555557,64.67822318832799
5205,37,9,37.22222222222222,19.434362465603147,37.22222222222222,76.09094715342852
5205,38,9,40.888888888888886,20.189381147303923,40.888888888888886,81.26765118349672
5205,39,9,43.666666666666664,24.73863375370596,43.666666666666664,93.1439341740786
5205,40,9,52.666666666666664,18.289341158171883,52.666666666666664,89.24534898301043
5205,41,9,46.111111111111114,22.833333333333332,46.111111111111114,91.77777777777777
5205,42,9,60.0,30.116440692751194,60.0,120.2328813855024
5205,43,9,63.111111111111114,25.359635468813646,63.111111111111114,113.83038204873841
5205,44,9,60.77777777777778,30.934518655450972,60.77777777777778,122.64681508867972
5205,45,9,75.44444444444444,31.30539534613447,75.44444444444444,138.05523513671338
5205,46,9,70.55555555555556,37.104956242768665,70.55555555555556,144.7654680410929
5205,47,9,88.33333333333333,47.78598120788146,88.33333333333333,183.90529574909624
5205,48,9,100.22222222222223,53.485460121835395,100.22222222222223,207.193142465893
5205,49,9,119.22222222222223,62.98368395421503,119.22222222222223,245.18959013065228
5205,50,9,129.44444444444446,73.80398212683227,129.44444444444446,277.052408698109
5205,51,9,127.33333333333333,61.87891401761993,127.33333333333333,251.09116136857318
5205,52,9,82.55555555555556,56.13401622704167,82.55555555555556,194.8235880096389
5301,1,9,106.88888888888889,116.51335164311045,106.88888888888889,339.9155921751098
5301,2,9,155.66666666666666,144.78777572709652,155.66666666666666,445.24221812085966
5301,3,9,181.88888888888889,136.6075075210404,181.88888888888889,455.10390393096964
5301,4,9,217.0,197.3980749652843,217.0,611.7961499305686
5301,5,9,282.22222222222223,306.27715299128084,282.22222222222223,894.776528204784
5301,6,9,342.1111111111111,331.6076161838131,342.1111111111111,1005.3263434787373
5301,7,9,379.55555555555554,481.7510018440831,379.55555555555554,1343.0575592437217
5301,8,9,402.44444444444446,453.0342457008938,402.44444444444446,1308.512935846232
5301,9,9,476.1111111111111,536.804071436787,476.1111111111111,1549.719253984685
5301,10,9,418.55555555555554,456.4814101119319,418.55555555555554,1331.5183757794193
5301,11,9,503.6666666666667,489.6506407633916,503.6666666666667,1482.96794819345
5301,12,9,475.8888888888889,400.5968810551464,475.8888888888889,1277.0826509991816
5301,13,9,457.6666666666667,382.7845346928217,457.6666666666667,1223.2357360523101
5301,14,9,513.8888888888889,365.95506706576845,513.8888888888889,1245.799023020426
5301,15,9,547.4444444444445,358.35391413765495,547.4444444444445,1264.1522727197544
5301,16,9,524.5555555555555,364.87981278467265,524.5555555555555,1254.3151811249008
5301,17,9,545.5555555555555,345.161958763966,545.5555555555555,1235.8794730834875
5301,18,9,569.8888888888889,414.3288079667055,569.8888888888889,1398.5465048223
5301,19,9,555.7777777777778,409.3011659456206,555.7777777777778,1374.380109669019
5301,20,9,530.8888888888889,377.1440190578542,530.8888888888889,1285.1769270045975
5301,21,9,508.0,413.6399400444788,508.0,1335.2798800889577
5301,22,9,398.6666666666667,325.91141434445035,398.6666666666667,1050.4894953555674
5301,23,9,375.1111111111111,303.7266223285524,375.1111111111111,982.5643557682159
5301,24,9,301.22222222222223,213.90288554492304,301.22222222222223,729.0279933120682
5301,25,9,233.77777777777777,164.32040179005298,233.77777777777777,562.4185813578838
5301,26,9,201.77777777777777,162.20648706030363,201.77777777777777,526.1907518983851
5301,27,9,166.33333333333334,153.61152300527456,166.33333333333334,473.55637934388244
5301,28,9,135.22222222222223,128.43069899538992,135.22222222222223,392.08362021300206
5301,29,9,130.0,118.57170826128802,130.0,367.14341652257605
5301,30,9,135.88888888888889,143.30426061743978,135.88888888888889,422.4974101237684
5301,31,9,97.66666666666667,94.90521587352298,97.66666666666667,287.4770984137126
5301,32,9,81.55555555555556,61.93567451620898,81.55555555555556,205.42690458797352
5301,33,9,71.0,52.21110992882645,71.0,175.42221985765292
5301,34,9,81.44444444444444,53.18155486423632,81.44444444444444,187.8075541729171
5301,35,9,65.55555555555556,44.294782737674396,65.55555555555556,154.14512103090436
5301,36,9,45.22222222222222,22.35943748050126,45.22222222222222,89.94109718322474
5301,37,9,59.333333333333336,42.78142120126446,59.333333333333336,144.89617573586224
5301,38,9,63.77777777777778,41.17881062445156,63.77777777777778,146.1353990266809
5301,39,9,59.0,24.576411454889016,59.0,108.15282290977802
5301,40,9,67.0,24.423349483639626,67.0,115.84669896727925
5301,41,9,41.22222222222222,13.745706400343506,41.22222222222222,68.71363502290923
5301,42,9,56.77777777777778,27.151324911400632,56.77777777777778,111.08042760057904
5301,43,9,58.0,27.23967694375247,58.0,112.47935388750494
5301,44,9,49.111111111111114,33.672854216877894,49.111111111111114,116.4568195448669
5301,45,9,59.0,13.784048752090222,59.0,86.56809750418044
5301,46,9,55.888888888888886,28.941511900920297,55.888888888888886,113.77191269072948
5301,47,9,68.77777777777777,23.252837341805073,68.77777777777777,115.28345246138792
5301,48,9,63.333333333333336,31.741140496207755,63.333333333333336,126.81561432574884
5301,49,9,69.55555555555556,22.03469486463967,69.55555555555556,113.6249452848349
5301,50,9,85.66666666666667,47.17520535196429,85.66666666666667,180.01707737059525
5301,51,9,74.55555555555556,36.684843979193616,74.55555555555556,147.9252435139428
5301,52,9,72.83333333333333,41.08223460329294,72.83333333333333,154.9978025399192
