cluster_id,cluster_label,rows,media_notificacoes,mediana_notificacoes
1,perfil_basal,6678174,1.5060436954611456,0.014437689969604863
0,perfil_leve,987254,52.92982998763426,38.49783080260303
