{
  "RMSE": 166.762,
  "MAE": 7.0143,
  "R2": 0.309,
  "MAPE": 91.83,
  "best_params": {
    "max_depth": 8,
    "learning_rate": 0.02129592314111346,
    "n_estimators": 101,
    "subsample": 0.730512815943772,
    "colsample_bytree": 0.6057103967448587,
    "reg_alpha": 1.2011019811374693e-07,
    "reg_lambda": 0.0013720919557850557,
    "min_child_weight": 20,
    "tree_method": "hist",
    "random_state": 42,
    "n_jobs": -1,
    "early_stopping_rounds": 50
  },
  "n_trials": 20,
  "best_val_rmse": 23.1775,
  "mvp_rmse": 166.7197,
  "improvement_pct": -0.03
}