ibge_municipio,p50,p75,p90,threshold_source,escopo
1100015,0.0,3.0,6.0,municipio,municipio
1100023,2.0,5.0,13.0,municipio,municipio
1100031,0.0,1.0,2.0,municipio,municipio
1100049,2.5,8.0,26.0,municipio,municipio
1100056,0.0,2.0,8.0,municipio,municipio
1100064,1.0,3.0,8.0,municipio,municipio
1100072,0.0,0.0,2.0,municipio,municipio
1100080,0.0,0.0,2.0,municipio,municipio
1100098,0.0,3.0,9.300000000000068,municipio,municipio
1100106,1.0,3.0,14.0,municipio,municipio
1100114,0.0,3.0,9.0,municipio,municipio
1100122,2.0,6.0,18.0,municipio,municipio
1100130,1.0,3.0,10.0,municipio,municipio
1100148,0.0,3.0,11.0,municipio,municipio
1100155,1.0,3.0,7.0,municipio,municipio
1100189,1.0,4.0,15.0,municipio,municipio
1100205,9.0,21.0,65.0,municipio,municipio
1100254,1.0,3.0,11.0,municipio,municipio
1100262,0.0,0.0,1.0,municipio,municipio
1100288,0.0,2.0,10.0,municipio,municipio
1100296,0.0,0.0,2.0,municipio,municipio
1100304,6.0,18.0,46.0,municipio,municipio
1100320,0.0,1.0,5.0,municipio,municipio
1100338,0.0,1.0,3.0,municipio,municipio
1100346,0.0,2.0,7.0,municipio,municipio
1100379,0.0,1.0,3.0,municipio,municipio
1100403,0.0,1.0,3.0,municipio,municipio
1100452,1.0,5.0,14.0,municipio,municipio
1100502,0.0,0.0,2.0,municipio,municipio
1100601,0.0,0.0,0.0,municipio,municipio
1100700,0.0,1.0,3.0,municipio,municipio
1100809,0.0,1.0,3.300000000000068,municipio,municipio
1100908,0.0,0.0,0.0,municipio,municipio
1100924,0.0,1.0,2.0,municipio,municipio
1100940,0.0,0.0,1.0,municipio,municipio
1101005,0.0,0.0,1.0,municipio,municipio
1101104,0.0,1.0,3.0,municipio,municipio
1101203,0.0,0.0,1.0,municipio,municipio
1101302,0.0,0.0,1.0,municipio,municipio
1101401,0.0,1.0,3.0,municipio,municipio
1101435,0.0,0.0,1.0,municipio,municipio
1101450,0.0,0.0,1.0,municipio,municipio
1101468,0.0,0.0,0.0,municipio,municipio
1101476,0.0,0.0,1.0,municipio,municipio
1101484,0.0,0.0,2.0,municipio,municipio
1101492,0.0,1.0,6.0,municipio,municipio
1101500,0.0,0.0,1.0,municipio,municipio
1101559,0.0,0.0,1.0,municipio,municipio
1101609,0.0,0.0,1.0,municipio,municipio
1101708,0.0,0.0,1.0,municipio,municipio
1101757,0.0,0.0,1.0,municipio,municipio
1101807,0.0,0.0,1.0,municipio,municipio
1200013,0.0,1.0,5.0,municipio,municipio
1200054,0.0,1.0,5.0,municipio,municipio
1200104,2.0,5.75,15.0,municipio,municipio
1200138,0.0,2.0,4.0,municipio,municipio
1200179,0.0,2.0,4.0,municipio,municipio
1200203,0.0,23.0,86.0,municipio,municipio
1200252,1.0,4.75,13.0,municipio,municipio
1200302,0.0,0.0,1.0,municipio,municipio
1200328,0.0,0.0,0.0,municipio,municipio
1200336,0.0,0.75,5.0,municipio,municipio
1200344,0.0,0.0,1.0,municipio,municipio
1200351,0.0,0.0,1.0,municipio,municipio
1200385,0.0,2.0,7.0,municipio,municipio
1200393,0.0,0.0,0.0,municipio,municipio
1200401,45.0,97.75,270.50000000000034,municipio,municipio
1200427,0.0,1.0,7.0,municipio,municipio
1200435,0.0,0.0,0.0,municipio,municipio
1200450,1.0,4.0,9.0,municipio,municipio
1200500,1.0,3.0,9.0,municipio,municipio
1200609,0.0,1.0,3.0,municipio,municipio
1200708,1.0,3.0,9.0,municipio,municipio
1200807,1.0,3.0,7.0,municipio,municipio
1300029,0.0,0.0,0.0,municipio,municipio
1300060,0.0,0.0,0.0,municipio,municipio
1300086,0.0,0.0,0.0,municipio,municipio
1300102,0.0,0.0,0.0,municipio,municipio
1300144,0.0,0.0,1.0,municipio,municipio
1300201,0.0,0.0,0.0,municipio,municipio
1300300,0.0,0.0,0.0,municipio,municipio
1300409,0.0,1.0,3.0,municipio,municipio
1300508,0.0,0.0,0.0,municipio,municipio
1300607,0.0,0.0,1.0,municipio,municipio
1300631,0.0,0.0,0.0,municipio,municipio
1300680,0.0,0.0,0.0,municipio,municipio
1300706,0.0,1.0,3.0,municipio,municipio
1300805,0.0,3.0,9.0,municipio,municipio
1300839,0.0,0.0,0.0,municipio,municipio
1300904,0.0,0.0,0.0,municipio,municipio
1301001,0.0,0.0,0.0,municipio,municipio
1301100,0.0,0.0,2.0,municipio,municipio
1301159,0.0,0.0,0.0,municipio,municipio
1301209,0.0,3.0,16.0,municipio,municipio
1301308,0.0,0.0,1.0,municipio,municipio
1301407,0.0,0.0,0.0,municipio,municipio
1301506,0.0,0.0,0.0,municipio,municipio
1301605,0.0,0.0,0.0,municipio,municipio
1301654,0.0,1.0,10.0,municipio,municipio
1301704,0.0,5.0,20.0,municipio,municipio
1301803,0.0,0.0,0.0,municipio,municipio
1301852,0.0,0.0,1.0,municipio,municipio
1301902,0.5,3.0,12.0,municipio,municipio
1301951,0.0,0.0,0.0,municipio,municipio
1302009,0.0,0.0,0.0,municipio,municipio
1302108,0.0,0.0,0.0,municipio,municipio
1302207,0.0,0.0,0.0,municipio,municipio
1302306,0.0,0.0,0.0,municipio,municipio
1302405,0.0,1.0,5.0,municipio,municipio
1302504,0.0,2.0,8.0,municipio,municipio
1302553,0.0,0.0,0.0,municipio,municipio
1302603,49.0,90.0,240.30000000000007,municipio,municipio
1302702,0.0,0.0,1.0,municipio,municipio
1302801,0.0,0.0,0.0,municipio,municipio
1302900,0.0,1.0,3.0,municipio,municipio
1303007,0.0,0.0,0.0,municipio,municipio
1303106,0.0,0.0,2.300000000000068,municipio,municipio
1303205,0.0,0.0,1.0,municipio,municipio
1303304,0.0,1.0,5.0,municipio,municipio
1303403,0.0,1.0,4.0,municipio,municipio
1303502,0.0,0.0,0.0,municipio,municipio
1303536,0.0,1.0,2.0,municipio,municipio
1303569,0.0,0.0,1.3000000000000682,municipio,municipio
1303601,0.0,0.0,0.0,municipio,municipio
1303700,0.0,0.0,0.0,municipio,municipio
1303809,0.0,3.0,10.0,municipio,municipio
1303908,0.0,0.0,0.0,municipio,municipio
1303957,0.0,0.0,0.0,municipio,municipio
1304005,0.0,0.0,0.0,municipio,municipio
1304062,0.0,6.0,20.0,municipio,municipio
1304104,0.0,0.0,1.0,municipio,municipio
1304203,0.0,9.0,21.0,municipio,municipio
1304237,0.0,0.0,0.0,municipio,municipio
1304260,0.0,0.0,0.0,municipio,municipio
1304302,0.0,0.0,0.0,municipio,municipio
1304401,0.0,0.0,0.0,municipio,municipio
1400027,0.0,1.0,2.0,municipio,municipio
1400050,0.0,2.0,4.0,municipio,municipio
1400100,36.0,74.0,145.0,municipio,municipio
1400159,0.0,2.0,5.0,municipio,municipio
1400175,1.0,2.0,4.0,municipio,municipio
1400209,1.0,2.0,7.0,municipio,municipio
1400233,0.0,1.0,3.0,municipio,municipio
1400282,0.0,2.0,5.0,municipio,municipio
1400308,2.0,5.0,11.0,municipio,municipio
1400407,0.0,0.0,1.0,municipio,municipio
1400456,0.0,2.0,4.0,municipio,municipio
1400472,2.0,6.75,13.0,municipio,municipio
1400506,0.0,1.0,3.0,municipio,municipio
1400605,0.0,0.0,1.3000000000000682,municipio,municipio
1400704,0.0,0.0,1.0,municipio,municipio
1500107,3.0,7.0,15.0,municipio,municipio
1500131,0.0,0.0,1.0,municipio,municipio
1500206,0.0,0.0,2.0,municipio,municipio
1500305,0.0,0.0,1.0,municipio,municipio
1500347,0.0,0.0,2.0,municipio,municipio
1500404,0.0,0.0,2.0,municipio,municipio
1500503,0.0,0.0,0.0,municipio,municipio
1500602,2.0,7.0,23.300000000000068,municipio,municipio
1500701,0.0,0.0,0.0,municipio,municipio
1500800,4.0,12.0,27.0,municipio,municipio
1500859,0.0,0.0,2.0,municipio,municipio
1500909,0.0,1.0,2.0,municipio,municipio
1500958,0.0,0.0,1.3000000000000682,municipio,municipio
1501006,0.0,0.0,0.0,municipio,municipio
1501105,0.0,0.0,0.0,municipio,municipio
1501204,0.0,0.0,1.0,municipio,municipio
1501253,0.0,0.0,1.0,municipio,municipio
1501303,2.0,5.0,11.0,municipio,municipio
1501402,40.0,77.75,142.0,municipio,municipio
1501451,0.0,1.0,3.0,municipio,municipio
1501501,2.0,4.0,9.0,municipio,municipio
1501576,0.0,0.0,2.0,municipio,municipio
1501600,0.0,0.0,0.0,municipio,municipio
1501709,1.0,3.0,6.0,municipio,municipio
1501725,0.0,0.75,4.0,municipio,municipio
1501758,0.0,0.0,1.0,municipio,municipio
1501782,0.0,1.0,10.0,municipio,municipio
1501808,0.0,1.0,3.0,municipio,municipio
1501907,0.0,0.0,1.0,municipio,municipio
1501956,0.0,0.0,1.0,municipio,municipio
1502004,0.0,0.0,0.0,municipio,municipio
1502103,2.0,5.0,12.0,municipio,municipio
1502152,0.0,1.0,5.0,municipio,municipio
1502202,1.0,2.0,5.0,municipio,municipio
1502301,0.0,1.0,3.0,municipio,municipio
1502400,3.0,8.0,17.0,municipio,municipio
1502509,0.0,0.0,0.0,municipio,municipio
1502608,0.0,0.0,0.0,municipio,municipio
1502707,1.0,4.0,10.0,municipio,municipio
1502756,0.0,0.0,1.0,municipio,municipio
1502764,0.0,1.0,3.0,municipio,municipio
1502772,0.0,0.0,2.0,municipio,municipio
1502806,0.0,0.0,0.0,municipio,municipio
1502855,0.0,0.0,0.0,municipio,municipio
1502905,0.0,0.0,1.0,municipio,municipio
1502939,0.0,1.0,4.0,municipio,municipio
1502954,0.0,1.0,4.0,municipio,municipio
1503002,0.0,0.0,0.0,municipio,municipio
1503044,0.0,0.0,2.0,municipio,municipio
1503077,0.0,0.0,1.0,municipio,municipio
1503093,0.0,1.0,6.0,municipio,municipio
1503101,0.0,0.0,0.0,municipio,municipio
1503200,0.0,1.0,3.0,municipio,municipio
1503309,0.0,2.0,6.0,municipio,municipio
1503408,0.0,0.0,1.0,municipio,municipio
1503457,0.0,1.0,2.0,municipio,municipio
1503507,0.0,1.0,3.0,municipio,municipio
1503606,1.0,5.0,15.0,municipio,municipio
1503705,0.0,1.0,5.0,municipio,municipio
1503754,0.0,0.0,0.0,municipio,municipio
1503804,0.0,2.0,6.0,municipio,municipio
1503903,0.0,0.0,2.0,municipio,municipio
1504000,0.0,0.0,1.0,municipio,municipio
1504059,0.0,1.0,2.0,municipio,municipio
1504109,0.0,0.0,1.0,municipio,municipio
1504208,3.0,11.0,30.300000000000068,municipio,municipio
1504307,0.0,0.0,1.0,municipio,municipio
1504406,0.0,0.0,1.0,municipio,municipio
1504422,5.0,11.0,23.0,municipio,municipio
1504455,0.0,1.0,4.0,municipio,municipio
1504505,0.0,0.0,0.0,municipio,municipio
1504604,0.0,0.0,1.0,municipio,municipio
1504703,0.0,2.0,5.0,municipio,municipio
1504752,0.0,0.0,0.0,municipio,municipio
1504802,0.0,1.0,7.0,municipio,municipio
1504901,0.0,0.0,0.0,municipio,municipio
1504950,0.0,0.0,1.0,municipio,municipio
1504976,0.0,0.0,2.0,municipio,municipio
1505007,0.0,0.0,0.0,municipio,municipio
1505031,1.0,3.0,8.0,municipio,municipio
1505064,0.0,1.0,4.0,municipio,municipio
1505106,0.0,1.0,2.0,municipio,municipio
1505205,0.0,0.0,1.0,municipio,municipio
1505304,0.0,2.0,7.0,municipio,municipio
1505403,0.0,0.0,1.0,municipio,municipio
1505437,0.0,2.0,5.0,municipio,municipio
1505486,0.0,2.0,9.0,municipio,municipio
1505494,0.0,0.0,1.0,municipio,municipio
1505502,0.0,2.0,6.0,municipio,municipio
1505536,5.0,17.0,38.0,municipio,municipio
1505551,0.0,0.0,2.0,municipio,municipio
1505601,0.0,0.0,0.0,municipio,municipio
1505635,0.0,0.0,1.0,municipio,municipio
1505650,0.0,1.0,3.0,municipio,municipio
1505700,0.0,0.0,2.0,municipio,municipio
1505809,0.0,1.0,3.0,municipio,municipio
1505908,0.0,0.0,0.0,municipio,municipio
1506005,0.0,0.0,1.0,municipio,municipio
1506104,0.0,0.0,1.0,municipio,municipio
1506112,0.0,0.0,0.0,municipio,municipio
1506138,1.0,4.0,12.0,municipio,municipio
1506161,0.0,0.0,2.0,municipio,municipio
1506187,1.0,3.0,8.0,municipio,municipio
1506195,0.0,1.0,7.0,municipio,municipio
1506203,0.0,2.0,5.300000000000068,municipio,municipio
1506302,0.0,0.0,1.0,municipio,municipio
1506351,0.0,1.0,3.0,municipio,municipio
1506401,0.0,0.0,0.0,municipio,municipio
1506500,1.0,3.0,6.0,municipio,municipio
1506559,0.0,0.0,1.0,municipio,municipio
1506583,0.0,0.0,3.0,municipio,municipio
1506609,0.0,0.0,1.0,municipio,municipio
1506708,0.0,1.0,4.0,municipio,municipio
1506807,5.0,16.75,48.0,municipio,municipio
1506906,0.0,0.0,2.0,municipio,municipio
1507003,0.0,0.0,1.0,municipio,municipio
1507102,0.0,0.0,2.0,municipio,municipio
1507151,0.0,2.0,7.0,municipio,municipio
1507201,0.0,1.0,2.0,municipio,municipio
1507300,1.0,3.0,8.0,municipio,municipio
1507409,0.0,1.0,3.0,municipio,municipio
1507458,0.0,1.0,6.0,municipio,municipio
1507466,0.0,0.0,1.0,municipio,municipio
1507474,0.0,1.0,2.0,municipio,municipio
1507508,0.0,2.0,5.0,municipio,municipio
1507607,0.0,1.0,2.0,municipio,municipio
1507706,0.0,0.0,0.0,municipio,municipio
1507755,0.0,0.0,0.0,municipio,municipio
1507805,0.0,0.0,3.0,municipio,municipio
1507904,0.0,1.0,4.0,municipio,municipio
1507953,0.0,2.0,6.300000000000068,municipio,municipio
1507961,0.0,0.0,1.0,municipio,municipio
1507979,0.0,0.0,0.0,municipio,municipio
1508001,0.0,1.0,2.0,municipio,municipio
1508035,0.0,1.0,2.0,municipio,municipio
1508050,0.0,0.0,0.0,municipio,municipio
1508084,1.0,3.0,8.0,municipio,municipio
1508100,1.0,4.0,14.0,municipio,municipio
1508126,0.0,1.0,3.0,municipio,municipio
1508159,0.0,1.0,6.0,municipio,municipio
1508209,0.0,0.0,1.0,municipio,municipio
1508308,0.0,0.0,1.0,municipio,municipio
1508357,0.0,1.0,3.0,municipio,municipio
1508407,0.0,1.0,5.0,municipio,municipio
1600055,0.0,1.0,2.0,municipio,municipio
1600105,0.0,0.0,0.0,municipio,municipio
1600154,0.0,0.0,2.0,municipio,municipio
1600204,0.0,0.0,2.0,municipio,municipio
1600212,0.0,0.0,0.0,municipio,municipio
1600238,0.0,0.0,1.0,municipio,municipio
1600253,0.0,0.0,0.0,municipio,municipio
1600279,0.0,0.0,1.0,municipio,municipio
1600303,19.0,45.75,85.0,municipio,municipio
1600402,0.0,0.0,2.0,municipio,municipio
1600501,0.0,3.0,14.0,municipio,municipio
1600535,0.0,0.0,2.0,municipio,municipio
1600550,0.0,0.0,0.0,municipio,municipio
1600600,3.0,7.0,17.0,municipio,municipio
1600709,0.0,0.0,1.0,municipio,municipio
1600808,0.0,0.0,0.0,municipio,municipio
1700251,0.0,0.0,1.0,municipio,municipio
1700301,0.0,0.0,2.0,municipio,municipio
1700350,0.0,0.0,1.0,municipio,municipio
1700400,0.0,0.0,1.0,municipio,municipio
1700707,0.0,0.0,2.0,municipio,municipio
1701002,0.0,1.0,3.0,municipio,municipio
1701051,0.0,0.0,0.0,municipio,municipio
1701101,0.0,0.0,2.0,municipio,municipio
1701309,0.0,1.0,2.0,municipio,municipio
1701903,0.0,0.0,1.0,municipio,municipio
1702000,0.0,3.0,10.0,municipio,municipio
1702109,20.0,43.0,88.0,municipio,municipio
1702158,0.0,0.0,2.0,municipio,municipio
1702208,1.0,3.0,8.0,municipio,municipio
1702307,0.0,0.0,1.3000000000000682,municipio,municipio
1702406,0.0,1.0,3.300000000000068,municipio,municipio
1702554,0.0,1.0,4.0,municipio,municipio
1702703,0.0,0.0,0.0,municipio,municipio
1702901,0.0,0.0,1.0,municipio,municipio
1703008,0.0,0.0,2.0,municipio,municipio
1703057,0.0,0.0,1.0,municipio,municipio
1703073,0.0,0.0,0.0,municipio,municipio
1703107,0.0,0.0,1.0,municipio,municipio
1703206,0.0,0.0,1.0,municipio,municipio
1703305,0.0,0.0,1.0,municipio,municipio
1703602,0.0,0.0,1.0,municipio,municipio
1703701,0.0,0.0,1.0,municipio,municipio
1703800,0.0,0.0,2.0,municipio,municipio
1703826,0.0,0.0,0.0,municipio,municipio
1703842,0.0,0.0,1.0,municipio,municipio
1703867,0.0,0.0,2.0,municipio,municipio
1703883,0.0,0.0,1.0,municipio,municipio
1703891,0.0,0.0,1.0,municipio,municipio
1703909,0.0,0.0,0.0,municipio,municipio
1704105,0.0,0.0,1.0,municipio,municipio
1704600,0.0,0.0,0.0,municipio,municipio
1705102,0.0,0.0,1.0,municipio,municipio
1705508,2.0,9.0,21.0,municipio,municipio
1705557,0.0,0.0,2.0,municipio,municipio
1705607,0.0,0.0,1.0,municipio,municipio
1706001,0.0,0.0,1.0,municipio,municipio
1706100,0.0,1.0,2.0,municipio,municipio
1706258,0.0,0.0,0.0,municipio,municipio
1706506,0.0,0.0,1.0,municipio,municipio
1707009,1.0,3.0,9.0,municipio,municipio
1707108,0.0,1.0,4.0,municipio,municipio
1707207,0.0,0.0,2.0,municipio,municipio
1707306,0.0,0.0,2.0,municipio,municipio
1707405,0.0,0.0,1.0,municipio,municipio
1707553,0.0,0.0,1.0,municipio,municipio
1707652,0.0,0.0,2.0,municipio,municipio
1707702,0.0,0.0,1.0,municipio,municipio
1708205,0.0,3.0,9.0,municipio,municipio
1708254,0.0,0.0,1.0,municipio,municipio
1708304,0.0,0.0,1.0,municipio,municipio
1709005,0.0,0.0,1.0,municipio,municipio
1709302,1.0,5.0,13.0,municipio,municipio
1709500,3.0,10.0,29.0,municipio,municipio
1709807,0.0,0.0,0.0,municipio,municipio
1710508,0.0,1.0,3.0,municipio,municipio
1710706,0.0,0.0,1.0,municipio,municipio
1710904,0.0,0.0,0.0,municipio,municipio
1711100,0.0,0.0,1.0,municipio,municipio
1711506,0.0,0.0,1.0,municipio,municipio
1711803,0.0,0.0,0.0,municipio,municipio
1711902,0.0,0.0,2.0,municipio,municipio
1711951,0.0,0.0,0.0,municipio,municipio
1712009,0.0,1.0,2.0,municipio,municipio
1712157,0.0,0.0,0.0,municipio,municipio
1712405,0.0,0.0,0.0,municipio,municipio
1712454,0.0,0.0,0.0,municipio,municipio
1712504,0.0,0.0,1.0,municipio,municipio
1712702,0.0,0.0,0.0,municipio,municipio
1712801,0.0,0.0,2.0,municipio,municipio
1713205,2.0,7.0,19.0,municipio,municipio
1713304,0.0,3.0,8.0,municipio,municipio
1713601,0.0,0.0,1.0,municipio,municipio
1713700,0.0,0.0,1.0,municipio,municipio
1713809,0.0,0.0,1.0,municipio,municipio
1713957,0.0,0.0,1.0,municipio,municipio
1714203,0.0,1.0,4.0,municipio,municipio
1714302,0.0,0.0,0.0,municipio,municipio
1714880,0.0,1.0,2.0,municipio,municipio
1715002,0.0,0.0,1.0,municipio,municipio
1715101,0.0,0.0,1.0,municipio,municipio
1715150,0.0,0.0,1.0,municipio,municipio
1715259,0.0,0.0,1.0,municipio,municipio
1715507,0.0,0.0,0.0,municipio,municipio
1715705,0.0,0.0,0.0,municipio,municipio
1715754,0.0,0.0,2.0,municipio,municipio
1716109,5.0,14.0,36.0,municipio,municipio
1716208,0.0,0.0,1.0,municipio,municipio
1716307,0.0,0.0,0.0,municipio,municipio
1716505,0.0,1.0,3.0,municipio,municipio
1716604,0.0,0.0,2.0,municipio,municipio
1716653,0.0,0.0,1.0,municipio,municipio
1716703,0.0,0.0,2.0,municipio,municipio
1717008,0.0,0.0,1.0,municipio,municipio
1717206,0.0,0.0,1.0,municipio,municipio
1717503,0.0,1.0,3.0,municipio,municipio
1717800,0.0,0.0,1.0,municipio,municipio
1717909,0.0,0.0,1.0,municipio,municipio
1718006,0.0,0.0,1.0,municipio,municipio
1718204,3.0,10.0,23.0,municipio,municipio
1718303,0.0,0.0,1.0,municipio,municipio
1718402,0.0,0.0,1.0,municipio,municipio
1718451,0.0,0.0,1.0,municipio,municipio
1718501,0.0,0.0,0.0,municipio,municipio
1718550,0.0,0.0,1.0,municipio,municipio
1718659,0.0,0.0,0.0,municipio,municipio
1718709,0.0,0.0,1.0,municipio,municipio
1718758,0.0,0.0,1.0,municipio,municipio
1718808,0.0,0.0,1.0,municipio,municipio
1718840,0.0,0.0,1.0,municipio,municipio
1718865,0.0,0.0,1.0,municipio,municipio
1718881,0.0,0.0,1.0,municipio,municipio
1718899,0.0,0.0,0.0,municipio,municipio
1718907,0.0,0.0,1.0,municipio,municipio
1719004,0.0,0.0,1.0,municipio,municipio
1720002,0.0,0.0,1.0,municipio,municipio
1720101,0.0,0.0,1.0,municipio,municipio
1720150,0.0,0.0,0.0,municipio,municipio
1720200,0.0,0.0,1.0,municipio,municipio
1720259,0.0,0.0,1.0,municipio,municipio
1720309,0.0,0.0,0.0,municipio,municipio
1720499,0.0,0.0,1.0,municipio,municipio
1720655,0.0,0.0,3.0,municipio,municipio
1720804,0.0,1.0,2.0,municipio,municipio
1720853,0.0,0.0,0.0,municipio,municipio
1720903,0.0,1.0,3.0,municipio,municipio
1720937,0.0,0.0,0.0,municipio,municipio
1720978,0.0,0.0,1.0,municipio,municipio
1721000,49.0,117.75,266.60000000000014,municipio,municipio
1721109,0.0,2.0,4.0,municipio,municipio
1721208,2.0,6.0,13.0,municipio,municipio
1721257,0.0,0.0,0.0,municipio,municipio
1721307,0.0,0.0,0.0,municipio,municipio
1722081,0.0,1.0,2.0,municipio,municipio
1722107,0.0,1.0,3.0,municipio,municipio
2100055,1.0,4.0,12.0,municipio,municipio
2100105,0.0,0.0,0.0,municipio,municipio
2100154,0.0,0.0,0.0,municipio,municipio
2100204,0.0,0.0,1.0,municipio,municipio
2100303,0.0,0.0,1.0,municipio,municipio
2100402,0.0,0.0,0.0,municipio,municipio
2100436,0.0,0.0,0.0,municipio,municipio
2100477,0.0,0.0,2.0,municipio,municipio
2100501,0.0,0.0,1.0,municipio,municipio
2100550,0.0,0.0,0.0,municipio,municipio
2100600,0.0,1.0,3.0,municipio,municipio
2100709,0.0,0.0,0.0,municipio,municipio
2100808,0.0,0.0,2.0,municipio,municipio
2100832,0.0,0.0,0.0,municipio,municipio
2100873,0.0,0.0,0.0,municipio,municipio
2100907,0.0,1.0,4.0,municipio,municipio
2100956,0.0,0.0,1.0,municipio,municipio
2101004,0.0,0.0,0.0,municipio,municipio
2101103,0.0,0.0,0.0,municipio,municipio
2101202,0.0,1.0,3.300000000000068,municipio,municipio
2101251,0.0,1.0,2.0,municipio,municipio
2101301,0.0,0.0,0.0,municipio,municipio
2101350,0.0,0.0,0.0,municipio,municipio
2101400,1.0,3.0,8.0,municipio,municipio
2101509,0.0,0.0,1.0,municipio,municipio
2101608,1.0,5.75,19.0,municipio,municipio
2101707,0.0,0.0,1.0,municipio,municipio
2101731,0.0,0.0,0.0,municipio,municipio
2101772,0.0,0.0,0.0,municipio,municipio
2101806,0.0,0.0,0.0,municipio,municipio
2101905,0.0,0.0,2.0,municipio,municipio
2101939,0.0,0.0,0.0,municipio,municipio
2101970,0.0,0.0,0.0,municipio,municipio
2102002,0.0,0.0,2.0,municipio,municipio
2102036,0.0,0.0,1.0,municipio,municipio
2102077,0.0,0.0,0.0,municipio,municipio
2102101,0.0,1.0,3.0,municipio,municipio
2102150,0.0,0.0,0.0,municipio,municipio
2102200,0.0,0.0,0.0,municipio,municipio
2102309,0.0,0.0,2.0,municipio,municipio
2102325,0.0,0.0,1.0,municipio,municipio
2102358,0.0,0.0,0.0,municipio,municipio
2102374,0.0,0.0,1.0,municipio,municipio
2102408,0.0,0.0,0.0,municipio,municipio
2102507,0.0,0.0,0.0,municipio,municipio
2102556,0.0,0.0,1.0,municipio,municipio
2102606,0.0,0.0,0.0,municipio,municipio
2102705,0.0,0.0,0.0,municipio,municipio
2102754,0.0,0.0,0.0,municipio,municipio
2102804,0.0,1.0,2.300000000000068,municipio,municipio
2102903,0.0,0.0,0.0,municipio,municipio
2103000,1.0,4.0,12.0,municipio,municipio
2103109,0.0,0.0,0.0,municipio,municipio
2103125,0.0,0.0,0.0,municipio,municipio
2103158,0.0,0.0,0.0,municipio,municipio
2103174,0.0,0.0,0.0,municipio,municipio
2103208,0.0,2.0,5.0,municipio,municipio
2103257,0.0,0.0,1.0,municipio,municipio
2103307,0.0,1.0,5.0,municipio,municipio
2103406,0.0,0.0,2.0,municipio,municipio
2103505,0.0,1.0,3.0,municipio,municipio
2103554,0.0,0.0,0.0,municipio,municipio
2103604,0.0,0.0,2.0,municipio,municipio
2103703,0.0,0.0,1.0,municipio,municipio
2103752,0.0,0.0,1.0,municipio,municipio
2103802,0.0,0.0,1.0,municipio,municipio
2103901,0.0,0.0,1.0,municipio,municipio
2104008,0.0,0.0,1.0,municipio,municipio
2104057,0.0,0.0,2.0,municipio,municipio
2104073,0.0,0.0,1.0,municipio,municipio
2104081,0.0,0.0,0.0,municipio,municipio
2104099,0.0,0.0,2.0,municipio,municipio
2104107,0.0,0.0,1.0,municipio,municipio
2104206,0.0,0.0,2.0,municipio,municipio
2104305,0.0,0.0,0.0,municipio,municipio
2104404,0.0,0.0,1.0,municipio,municipio
2104503,0.0,0.0,0.0,municipio,municipio
2104552,0.0,0.0,1.0,municipio,municipio
2104602,0.0,0.0,1.0,municipio,municipio
2104628,0.0,0.0,0.0,municipio,municipio
2104651,0.0,0.0,0.0,municipio,municipio
2104677,0.0,0.0,0.0,municipio,municipio
2104701,0.0,0.0,0.0,municipio,municipio
2104800,0.0,1.0,4.0,municipio,municipio
2104909,0.0,0.0,0.0,municipio,municipio
2105005,0.0,0.0,1.0,municipio,municipio
2105104,0.0,0.0,1.0,municipio,municipio
2105153,0.0,0.0,0.0,municipio,municipio
2105203,0.0,0.0,0.0,municipio,municipio
2105302,1.0,5.0,14.0,municipio,municipio
2105351,0.0,0.0,0.0,municipio,municipio
2105401,0.0,2.0,8.0,municipio,municipio
2105427,0.0,0.0,1.0,municipio,municipio
2105450,0.0,0.0,0.0,municipio,municipio
2105476,0.0,0.0,2.0,municipio,municipio
2105500,0.0,0.0,1.0,municipio,municipio
2105609,0.0,0.0,2.0,municipio,municipio
2105658,0.0,0.0,0.0,municipio,municipio
2105708,0.0,0.0,1.0,municipio,municipio
2105807,0.0,0.0,0.0,municipio,municipio
2105906,0.0,0.0,0.0,municipio,municipio
2105922,0.0,0.0,0.0,municipio,municipio
2105948,0.0,0.0,0.0,municipio,municipio
2105963,0.0,0.0,1.0,municipio,municipio
2105989,0.0,0.0,1.0,municipio,municipio
2106003,0.0,0.0,0.0,municipio,municipio
2106102,0.0,0.0,0.0,municipio,municipio
2106201,0.0,0.0,0.0,municipio,municipio
2106300,0.0,0.0,0.0,municipio,municipio
2106326,0.0,0.0,0.0,municipio,municipio
2106359,0.0,0.0,0.0,municipio,municipio
2106375,0.0,0.0,0.0,municipio,municipio
2106409,0.0,0.0,1.0,municipio,municipio
2106508,0.0,0.0,0.0,municipio,municipio
2106607,0.0,0.0,2.0,municipio,municipio
2106631,0.0,0.0,0.0,municipio,municipio
2106672,0.0,0.0,0.0,municipio,municipio
2106706,0.0,0.0,1.0,municipio,municipio
2106755,0.0,0.0,1.0,municipio,municipio
2106805,0.0,0.0,0.0,municipio,municipio
2106904,0.0,0.0,0.0,municipio,municipio
2107001,0.0,0.0,1.0,municipio,municipio
2107100,0.0,0.0,1.0,municipio,municipio
2107209,0.0,0.0,0.0,municipio,municipio
2107258,0.0,0.0,0.0,municipio,municipio
2107308,0.0,0.0,1.0,municipio,municipio
2107357,0.0,0.0,0.0,municipio,municipio
2107407,0.0,0.0,0.0,municipio,municipio
2107456,0.0,0.0,0.0,municipio,municipio
2107506,1.0,3.0,7.0,municipio,municipio
2107605,0.0,0.0,0.0,municipio,municipio
2107704,0.0,1.0,3.0,municipio,municipio
2107803,0.0,0.0,2.0,municipio,municipio
2107902,0.0,0.0,0.0,municipio,municipio
2108009,0.0,0.0,2.0,municipio,municipio
2108058,0.0,0.0,0.0,municipio,municipio
2108108,0.0,0.0,0.0,municipio,municipio
2108207,0.0,2.0,7.0,municipio,municipio
2108256,0.0,0.0,0.0,municipio,municipio
2108306,0.0,0.0,0.0,municipio,municipio
2108405,0.0,0.0,0.0,municipio,municipio
2108454,0.0,0.0,0.0,municipio,municipio
2108504,0.0,0.0,1.0,municipio,municipio
2108603,0.0,0.0,2.0,municipio,municipio
2108702,0.0,0.0,1.0,municipio,municipio
2108801,0.0,0.0,1.0,municipio,municipio
2108900,0.0,0.0,1.0,municipio,municipio
2109007,0.0,0.0,2.0,municipio,municipio
2109056,0.0,0.0,0.0,municipio,municipio
2109106,0.0,1.0,4.0,municipio,municipio
2109205,0.0,0.0,0.0,municipio,municipio
2109239,0.0,0.0,0.0,municipio,municipio
2109270,0.0,0.0,0.0,municipio,municipio
2109304,0.0,0.0,0.0,municipio,municipio
2109403,0.0,0.0,1.0,municipio,municipio
2109452,0.0,0.0,1.0,municipio,municipio
2109502,0.0,0.0,2.0,municipio,municipio
2109551,0.0,0.0,0.0,municipio,municipio
2109601,0.0,1.0,3.0,municipio,municipio
2109700,0.0,0.0,0.0,municipio,municipio
2109759,0.0,0.0,0.0,municipio,municipio
2109809,0.0,0.0,1.0,municipio,municipio
2109908,1.0,2.0,8.0,municipio,municipio
2110005,0.0,1.0,4.0,municipio,municipio
2110039,0.0,0.0,0.0,municipio,municipio
2110104,0.0,0.0,2.0,municipio,municipio
2110203,0.0,0.0,1.0,municipio,municipio
2110237,0.0,0.0,0.0,municipio,municipio
2110278,0.0,0.0,0.0,municipio,municipio
2110302,0.0,0.0,0.0,municipio,municipio
2110401,0.0,0.0,0.0,municipio,municipio
2110500,0.0,0.0,0.0,municipio,municipio
2110609,0.0,0.0,1.0,municipio,municipio
2110658,0.0,0.0,0.0,municipio,municipio
2110708,0.0,0.0,1.0,municipio,municipio
2110807,0.0,0.0,0.0,municipio,municipio
2110856,0.0,0.0,1.0,municipio,municipio
2110906,0.0,0.0,1.0,municipio,municipio
2111003,0.0,0.0,0.0,municipio,municipio
2111029,0.0,0.0,0.0,municipio,municipio
2111052,0.0,0.0,1.0,municipio,municipio
2111078,0.0,0.0,0.0,municipio,municipio
2111102,0.0,0.0,2.0,municipio,municipio
2111201,1.0,4.0,10.0,municipio,municipio
2111250,0.0,0.0,0.0,municipio,municipio
2111300,15.0,34.0,70.0,municipio,municipio
2111409,0.0,0.0,0.0,municipio,municipio
2111508,0.0,0.0,1.0,municipio,municipio
2111532,0.0,0.0,1.0,municipio,municipio
2111573,0.0,0.0,0.0,municipio,municipio
2111607,0.0,0.0,0.0,municipio,municipio
2111631,0.0,0.0,0.0,municipio,municipio
2111672,0.0,0.0,0.0,municipio,municipio
2111706,0.0,0.0,0.0,municipio,municipio
2111722,0.0,0.0,0.0,municipio,municipio
2111748,0.0,0.0,0.0,municipio,municipio
2111763,0.0,0.0,0.0,municipio,municipio
2111789,0.0,0.0,0.0,municipio,municipio
2111805,0.0,0.0,1.0,municipio,municipio
2111904,0.0,0.0,0.0,municipio,municipio
2111953,0.0,0.0,0.0,municipio,municipio
2112001,0.0,0.0,1.0,municipio,municipio
2112100,0.0,0.0,1.0,municipio,municipio
2112209,1.0,3.0,9.0,municipio,municipio
2112233,0.0,0.0,2.0,municipio,municipio
2112274,0.0,0.0,0.0,municipio,municipio
2112308,0.0,0.0,3.0,municipio,municipio
2112407,0.0,1.0,4.0,municipio,municipio
2112456,0.0,0.0,0.3000000000000682,municipio,municipio
2112506,0.0,1.0,3.0,municipio,municipio
2112605,0.0,0.0,1.0,municipio,municipio
2112704,0.0,0.75,3.0,municipio,municipio
2112803,0.0,0.0,1.0,municipio,municipio
2112852,0.0,0.0,1.0,municipio,municipio
2112902,0.0,0.0,0.0,municipio,municipio
2113009,0.0,0.0,1.3000000000000682,municipio,municipio
2114007,0.0,1.0,3.0,municipio,municipio
2200053,0.0,0.0,0.0,municipio,municipio
2200103,0.0,0.0,1.0,municipio,municipio
2200202,0.0,1.0,4.0,municipio,municipio
2200251,0.0,0.0,0.0,municipio,municipio
2200277,0.0,0.0,0.0,municipio,municipio
2200301,0.0,0.0,2.0,municipio,municipio
2200400,0.0,1.0,3.0,municipio,municipio
2200459,0.0,0.0,1.0,municipio,municipio
2200509,0.0,0.0,1.0,municipio,municipio
2200608,0.0,0.0,1.0,municipio,municipio
2200707,0.0,0.0,0.0,municipio,municipio
2200806,0.0,0.0,0.0,municipio,municipio
2200905,0.0,0.0,0.0,municipio,municipio
2200954,0.0,0.0,0.0,municipio,municipio
2201002,0.0,0.0,0.0,municipio,municipio
2201051,0.0,0.0,0.0,municipio,municipio
2201101,0.0,0.0,0.0,municipio,municipio
2201150,0.0,0.0,0.0,municipio,municipio
2201176,0.0,0.0,0.0,municipio,municipio
2201200,0.0,1.0,3.0,municipio,municipio
2201309,0.0,0.0,0.0,municipio,municipio
2201408,0.0,0.0,0.0,municipio,municipio
2201507,0.0,0.0,1.0,municipio,municipio
2201556,0.0,0.0,0.0,municipio,municipio
2201572,0.0,0.0,0.0,municipio,municipio
2201606,0.0,1.0,3.0,municipio,municipio
2201705,0.0,0.0,0.0,municipio,municipio
2201739,0.0,0.0,0.0,municipio,municipio
2201770,0.0,0.0,0.0,municipio,municipio
2201804,0.0,0.0,0.0,municipio,municipio
2201903,0.0,0.0,3.0,municipio,municipio
2201919,0.0,0.0,0.0,municipio,municipio
2201929,0.0,0.0,0.0,municipio,municipio
2201945,0.0,0.0,0.0,municipio,municipio
2201960,0.0,0.0,0.0,municipio,municipio
2201988,0.0,0.0,0.0,municipio,municipio
2202000,0.0,0.0,2.0,municipio,municipio
2202026,0.0,1.0,2.0,municipio,municipio
2202059,0.0,0.0,0.0,municipio,municipio
2202075,0.0,0.0,0.0,municipio,municipio
2202083,0.0,0.0,1.0,municipio,municipio
2202091,0.0,0.0,0.0,municipio,municipio
2202109,0.0,0.0,0.0,municipio,municipio
2202117,0.0,0.0,0.0,municipio,municipio
2202133,0.0,0.0,2.0,municipio,municipio
2202174,0.0,0.0,0.0,municipio,municipio
2202208,0.0,1.0,4.0,municipio,municipio
2202251,0.0,0.0,0.0,municipio,municipio
2202307,0.0,0.0,1.0,municipio,municipio
2202406,0.0,0.0,2.0,municipio,municipio
2202455,0.0,0.0,0.0,municipio,municipio
2202505,0.0,0.0,0.0,municipio,municipio
2202539,0.0,0.0,0.0,municipio,municipio
2202554,0.0,0.0,0.0,municipio,municipio
2202604,0.0,1.0,4.0,municipio,municipio
2202653,0.0,0.0,0.0,municipio,municipio
2202703,0.0,0.0,1.0,municipio,municipio
2202711,0.0,0.0,1.0,municipio,municipio
2202729,0.0,0.0,0.0,municipio,municipio
2202737,0.0,0.0,1.0,municipio,municipio
2202752,0.0,0.0,0.0,municipio,municipio
2202778,0.0,0.0,0.0,municipio,municipio
2202802,0.0,0.0,0.0,municipio,municipio
2202851,0.0,0.0,0.0,municipio,municipio
2202901,0.0,0.0,1.0,municipio,municipio
2203008,0.0,0.0,0.0,municipio,municipio
2203107,0.0,0.0,0.0,municipio,municipio
2203206,0.0,0.0,0.0,municipio,municipio
2203230,0.0,0.0,0.0,municipio,municipio
2203255,0.0,0.0,0.0,municipio,municipio
2203271,0.0,0.0,0.0,municipio,municipio
2203305,0.0,0.0,1.0,municipio,municipio
2203354,0.0,0.0,1.0,municipio,municipio
2203404,0.0,0.0,0.0,municipio,municipio
2203420,0.0,0.0,0.0,municipio,municipio
2203453,0.0,0.0,1.0,municipio,municipio
2203503,0.0,0.0,1.0,municipio,municipio
2203602,0.0,0.0,0.0,municipio,municipio
2203701,0.0,1.0,6.0,municipio,municipio
2203750,0.0,0.0,0.0,municipio,municipio
2203800,0.0,0.0,0.0,municipio,municipio
2203859,0.0,0.0,0.0,municipio,municipio
2203909,0.0,3.0,7.0,municipio,municipio
2204006,0.0,0.0,0.0,municipio,municipio
2204105,0.0,0.0,0.0,municipio,municipio
2204154,0.0,0.0,0.0,municipio,municipio
2204204,0.0,0.0,0.0,municipio,municipio
2204303,0.0,0.0,1.0,municipio,municipio
2204352,0.0,0.0,1.0,municipio,municipio
2204402,0.0,0.0,0.0,municipio,municipio
2204501,0.0,0.0,1.0,municipio,municipio
2204550,0.0,0.0,0.0,municipio,municipio
2204600,0.0,0.0,0.0,municipio,municipio
2204659,0.0,0.0,1.0,municipio,municipio
2204709,0.0,0.0,1.0,municipio,municipio
2204808,0.0,0.0,1.0,municipio,municipio
2204907,0.0,0.0,0.0,municipio,municipio
2205003,0.0,0.0,0.0,municipio,municipio
2205102,0.0,0.0,1.0,municipio,municipio
2205151,0.0,0.0,0.0,municipio,municipio
2205201,0.0,0.0,1.0,municipio,municipio
2205250,0.0,0.0,0.0,municipio,municipio
2205276,0.0,0.0,0.0,municipio,municipio
2205300,0.0,0.0,0.0,municipio,municipio
2205359,0.0,0.0,0.0,municipio,municipio
2205409,0.0,0.0,1.0,municipio,municipio
2205458,0.0,0.0,0.0,municipio,municipio
2205508,0.0,1.0,3.0,municipio,municipio
2205516,0.0,0.0,0.0,municipio,municipio
2205524,0.0,0.0,0.0,municipio,municipio
2205532,0.0,0.0,0.0,municipio,municipio
2205540,0.0,0.0,1.0,municipio,municipio
2205557,0.0,0.0,1.0,municipio,municipio
2205565,0.0,0.0,0.0,municipio,municipio
2205573,0.0,0.0,1.0,municipio,municipio
2205581,0.0,0.0,0.0,municipio,municipio
2205599,0.0,0.0,0.0,municipio,municipio
2205607,0.0,0.0,1.0,municipio,municipio
2205706,0.0,1.0,3.0,municipio,municipio
2205805,0.0,0.0,1.0,municipio,municipio
2205854,0.0,0.0,0.0,municipio,municipio
2205904,0.0,0.0,0.0,municipio,municipio
2205953,0.0,0.0,1.0,municipio,municipio
2206001,0.0,0.0,1.0,municipio,municipio
2206050,0.0,0.0,0.0,municipio,municipio
2206100,0.0,1.0,4.0,municipio,municipio
2206209,0.0,1.0,3.0,municipio,municipio
2206308,0.0,0.0,1.0,municipio,municipio
2206357,0.0,0.0,0.0,municipio,municipio
2206407,0.0,1.0,2.0,municipio,municipio
2206506,0.0,0.0,1.0,municipio,municipio
2206605,0.0,0.0,0.0,municipio,municipio
2206654,0.0,0.0,0.0,municipio,municipio
2206670,0.0,0.0,1.0,municipio,municipio
2206696,0.0,0.0,0.0,municipio,municipio
2206704,0.0,0.0,0.0,municipio,municipio
2206720,0.0,0.0,0.0,municipio,municipio
2206753,0.0,0.0,0.0,municipio,municipio
2206803,0.0,0.0,1.0,municipio,municipio
2206902,0.0,0.0,1.0,municipio,municipio
2206951,0.0,0.0,0.0,municipio,municipio
2207009,0.0,2.0,6.0,municipio,municipio
2207108,0.0,0.0,0.0,municipio,municipio
2207207,0.0,0.0,0.0,municipio,municipio
2207306,0.0,0.0,0.0,municipio,municipio
2207355,0.0,0.0,0.0,municipio,municipio
2207405,0.0,0.0,0.0,municipio,municipio
2207504,0.0,0.0,0.0,municipio,municipio
2207553,0.0,0.0,0.0,municipio,municipio
2207603,0.0,0.0,0.0,municipio,municipio
2207702,2.0,9.0,22.0,municipio,municipio
2207751,0.0,0.0,0.0,municipio,municipio
2207777,0.0,0.0,1.0,municipio,municipio
2207793,0.0,0.0,0.0,municipio,municipio
2207801,0.0,0.0,2.0,municipio,municipio
2207850,0.0,0.0,0.0,municipio,municipio
2207900,1.0,3.0,8.0,municipio,municipio
2207934,0.0,0.0,0.0,municipio,municipio
2207959,0.0,0.0,0.0,municipio,municipio
2208007,2.0,5.0,16.0,municipio,municipio
2208106,0.0,0.0,1.0,municipio,municipio
2208205,0.0,0.0,2.0,municipio,municipio
2208304,0.0,1.0,2.0,municipio,municipio
2208403,1.0,4.0,9.300000000000068,municipio,municipio
2208502,0.0,0.0,0.0,municipio,municipio
2208551,0.0,0.0,0.0,municipio,municipio
2208601,0.0,0.0,0.0,municipio,municipio
2208650,0.0,0.0,0.0,municipio,municipio
2208700,0.0,0.0,0.0,municipio,municipio
2208809,0.0,0.0,1.0,municipio,municipio
2208858,0.0,0.0,0.0,municipio,municipio
2208874,0.0,0.0,0.0,municipio,municipio
2208908,0.0,0.0,1.0,municipio,municipio
2209005,0.0,0.0,0.0,municipio,municipio
2209104,0.0,0.0,0.0,municipio,municipio
2209153,0.0,0.0,0.0,municipio,municipio
2209203,0.0,0.0,0.0,municipio,municipio
2209302,0.0,0.0,0.0,municipio,municipio
2209351,0.0,0.0,0.0,municipio,municipio
2209377,0.0,0.0,0.0,municipio,municipio
2209401,0.0,0.0,0.0,municipio,municipio
2209450,0.0,0.0,0.0,municipio,municipio
2209500,0.0,0.0,0.0,municipio,municipio
2209559,0.0,0.0,0.0,municipio,municipio
2209609,0.0,0.0,1.0,municipio,municipio
2209658,0.0,0.0,0.0,municipio,municipio
2209708,0.0,0.0,0.0,municipio,municipio
2209757,0.0,0.0,0.0,municipio,municipio
2209807,0.0,0.0,0.0,municipio,municipio
2209856,0.0,0.0,0.0,municipio,municipio
2209872,0.0,0.0,0.0,municipio,municipio
2209906,0.0,0.0,0.0,municipio,municipio
2209955,0.0,0.0,0.0,municipio,municipio
2209971,0.0,0.0,1.0,municipio,municipio
2210003,0.0,0.0,1.0,municipio,municipio
2210052,0.0,0.0,1.0,municipio,municipio
2210102,0.0,0.0,0.0,municipio,municipio
2210201,0.0,0.0,0.0,municipio,municipio
2210300,0.0,0.0,0.0,municipio,municipio
2210359,0.0,0.0,0.0,municipio,municipio
2210375,0.0,0.0,0.0,municipio,municipio
2210383,0.0,0.0,0.0,municipio,municipio
2210391,0.0,0.0,0.0,municipio,municipio
2210409,0.0,1.0,3.0,municipio,municipio
2210508,0.0,1.0,3.0,municipio,municipio
2210607,0.0,3.0,7.0,municipio,municipio
2210623,0.0,0.0,0.0,municipio,municipio
2210631,0.0,0.0,0.0,municipio,municipio
2210656,0.0,0.0,0.0,municipio,municipio
2210706,0.0,0.0,1.0,municipio,municipio
2210805,0.0,0.0,2.0,municipio,municipio
2210904,0.0,0.0,0.0,municipio,municipio
2210938,0.0,0.0,1.0,municipio,municipio
2210953,0.0,0.0,0.0,municipio,municipio
2210979,0.0,0.0,0.0,municipio,municipio
2211001,35.0,85.0,187.0,municipio,municipio
2211100,0.0,1.0,4.0,municipio,municipio
2211209,0.0,0.0,2.0,municipio,municipio
2211308,0.0,1.0,4.0,municipio,municipio
2211357,0.0,0.0,0.0,municipio,municipio
2211407,0.0,0.0,0.0,municipio,municipio
2211506,0.0,0.0,0.0,municipio,municipio
2211605,0.0,0.0,0.0,municipio,municipio
2211704,0.0,0.0,0.0,municipio,municipio
2300101,0.0,0.0,3.0,municipio,municipio
2300150,0.0,1.0,4.0,municipio,municipio
2300200,0.0,1.0,5.0,municipio,municipio
2300309,0.0,2.0,9.0,municipio,municipio
2300408,0.0,1.0,2.0,municipio,municipio
2300507,0.0,0.0,2.0,municipio,municipio
2300606,0.0,0.0,1.0,municipio,municipio
2300705,0.0,0.0,2.0,municipio,municipio
2300754,0.0,1.0,4.0,municipio,municipio
2300804,0.0,0.0,1.0,municipio,municipio
2300903,0.0,1.0,3.0,municipio,municipio
2301000,1.0,4.0,13.0,municipio,municipio
2301109,3.0,9.0,22.0,municipio,municipio
2301208,0.0,2.0,6.0,municipio,municipio
2301257,0.0,0.0,1.0,municipio,municipio
2301307,0.0,1.0,4.0,municipio,municipio
2301406,0.0,1.0,3.0,municipio,municipio
2301505,0.0,1.0,4.0,municipio,municipio
2301604,0.0,0.0,3.0,municipio,municipio
2301703,0.0,0.0,1.0,municipio,municipio
2301802,0.0,0.0,1.0,municipio,municipio
2301851,0.0,1.0,3.0,municipio,municipio
2301901,1.0,4.0,14.0,municipio,municipio
2301950,0.0,1.0,4.0,municipio,municipio
2302008,0.0,1.0,6.0,municipio,municipio
2302057,0.0,2.0,8.0,municipio,municipio
2302107,1.0,3.0,10.0,municipio,municipio
2302206,1.0,5.0,11.0,municipio,municipio
2302305,0.0,1.0,2.0,municipio,municipio
2302404,0.0,3.0,11.0,municipio,municipio
2302503,2.0,9.0,25.0,municipio,municipio
2302602,2.0,5.0,14.0,municipio,municipio
2302701,0.0,3.0,13.0,municipio,municipio
2302800,2.0,7.0,19.0,municipio,municipio
2302909,0.0,1.0,4.0,municipio,municipio
2303006,0.0,2.0,6.0,municipio,municipio
2303105,0.0,1.0,3.0,municipio,municipio
2303204,0.0,1.0,3.0,municipio,municipio
2303303,0.0,0.0,1.0,municipio,municipio
2303402,0.0,0.0,0.3000000000000682,municipio,municipio
2303501,2.0,7.0,18.0,municipio,municipio
2303600,0.0,1.0,4.0,municipio,municipio
2303659,0.0,0.0,1.0,municipio,municipio
2303709,13.0,38.0,104.60000000000014,municipio,municipio
2303808,0.0,1.0,4.0,municipio,municipio
2303907,0.0,0.0,3.0,municipio,municipio
2303931,0.0,1.0,2.300000000000068,municipio,municipio
2303956,0.0,2.0,5.300000000000068,municipio,municipio
2304004,0.0,2.0,7.300000000000068,municipio,municipio
2304103,4.0,15.0,54.600000000000136,municipio,municipio
2304202,4.0,15.0,47.0,municipio,municipio
2304236,0.0,0.0,1.0,municipio,municipio
2304251,0.0,0.0,1.0,municipio,municipio
2304269,0.0,0.0,0.0,municipio,municipio
2304277,0.0,0.0,0.0,municipio,municipio
2304285,1.0,3.0,7.0,municipio,municipio
2304301,0.0,2.0,6.0,municipio,municipio
2304350,0.0,1.0,4.300000000000068,municipio,municipio
2304400,146.5,403.0,858.4000000000005,municipio,municipio
2304459,0.0,1.0,2.0,municipio,municipio
2304509,0.0,0.0,3.0,municipio,municipio
2304608,0.0,0.0,1.0,municipio,municipio
2304657,0.0,0.0,2.0,municipio,municipio
2304707,1.0,4.0,11.0,municipio,municipio
2304806,0.0,0.0,0.0,municipio,municipio
2304905,0.0,1.0,3.0,municipio,municipio
2304954,0.0,1.0,4.0,municipio,municipio
2305001,0.0,1.0,2.0,municipio,municipio
2305100,0.0,0.0,1.0,municipio,municipio
2305209,0.0,1.0,4.0,municipio,municipio
2305233,2.0,7.0,18.0,municipio,municipio
2305266,0.0,1.0,3.0,municipio,municipio
2305308,0.0,0.0,1.0,municipio,municipio
2305332,0.0,2.0,6.0,municipio,municipio
2305357,0.0,2.0,5.0,municipio,municipio
2305407,1.0,9.0,34.0,municipio,municipio
2305506,3.0,11.0,29.0,municipio,municipio
2305605,0.0,4.0,12.0,municipio,municipio
2305654,0.0,1.0,3.0,municipio,municipio
2305704,0.0,0.0,2.0,municipio,municipio
2305803,0.0,1.0,6.0,municipio,municipio
2305902,0.0,0.0,2.0,municipio,municipio
2306009,0.0,0.0,2.0,municipio,municipio
2306108,0.0,2.0,8.0,municipio,municipio
2306207,0.0,1.0,3.0,municipio,municipio
2306256,1.0,2.0,6.0,municipio,municipio
2306306,0.0,2.0,5.0,municipio,municipio
2306405,2.0,10.0,37.0,municipio,municipio
2306504,0.0,2.0,6.300000000000068,municipio,municipio
2306553,0.0,1.0,3.0,municipio,municipio
2306603,0.0,2.0,8.0,municipio,municipio
2306702,0.0,1.0,2.0,municipio,municipio
2306801,0.0,1.0,4.0,municipio,municipio
2306900,1.0,3.0,7.0,municipio,municipio
2307007,1.0,4.0,10.0,municipio,municipio
2307106,0.0,1.0,3.300000000000068,municipio,municipio
2307205,0.0,0.0,2.0,municipio,municipio
2307254,0.0,2.0,6.0,municipio,municipio
2307304,5.0,17.75,45.0,municipio,municipio
2307403,0.0,0.0,2.0,municipio,municipio
2307502,0.0,1.0,3.0,municipio,municipio
2307601,2.0,6.0,19.0,municipio,municipio
2307635,0.0,1.0,5.0,municipio,municipio
2307650,9.0,28.0,79.30000000000007,municipio,municipio
2307700,3.0,8.0,19.0,municipio,municipio
2307809,0.0,2.0,6.0,municipio,municipio
2307908,0.0,0.0,2.0,municipio,municipio
2308005,1.0,3.0,11.0,municipio,municipio
2308104,0.0,4.0,12.0,municipio,municipio
2308203,0.0,0.75,2.0,municipio,municipio
2308302,0.0,2.75,7.0,municipio,municipio
2308351,0.0,0.0,1.0,municipio,municipio
2308377,0.0,0.0,2.0,municipio,municipio
2308401,0.0,1.0,3.0,municipio,municipio
2308500,0.0,1.0,6.0,municipio,municipio
2308609,0.0,2.0,6.0,municipio,municipio
2308708,1.0,2.0,6.0,municipio,municipio
2308807,0.0,0.0,2.0,municipio,municipio
2308906,0.0,1.0,2.0,municipio,municipio
2309003,0.0,1.0,4.0,municipio,municipio
2309102,0.0,0.0,2.0,municipio,municipio
2309201,0.0,1.0,3.300000000000068,municipio,municipio
2309300,0.0,1.0,6.0,municipio,municipio
2309409,0.0,2.0,7.300000000000068,municipio,municipio
2309458,1.0,4.0,16.0,municipio,municipio
2309508,0.0,2.0,8.0,municipio,municipio
2309607,1.0,3.75,13.0,municipio,municipio
2309706,2.0,7.0,16.0,municipio,municipio
2309805,0.5,2.0,5.0,municipio,municipio
2309904,0.0,0.0,1.0,municipio,municipio
2310001,0.0,1.0,3.0,municipio,municipio
2310100,0.0,1.0,3.0,municipio,municipio
2310209,0.0,1.0,4.0,municipio,municipio
2310258,0.0,1.0,4.0,municipio,municipio
2310308,0.0,3.0,8.0,municipio,municipio
2310407,0.0,1.0,3.0,municipio,municipio
2310506,0.0,0.0,2.0,municipio,municipio
2310605,0.0,0.0,2.0,municipio,municipio
2310704,0.0,2.0,7.0,municipio,municipio
2310803,0.0,1.0,5.0,municipio,municipio
2310852,0.0,2.0,6.0,municipio,municipio
2310902,0.0,1.0,5.0,municipio,municipio
2310951,0.0,0.0,0.0,municipio,municipio
2311009,0.0,0.0,0.0,municipio,municipio
2311108,0.0,1.0,6.0,municipio,municipio
2311207,0.0,1.0,2.0,municipio,municipio
2311231,0.0,0.0,1.0,municipio,municipio
2311264,0.0,1.0,4.0,municipio,municipio
2311306,6.0,19.0,42.0,municipio,municipio
2311355,0.0,0.0,1.0,municipio,municipio
2311405,1.0,5.0,15.0,municipio,municipio
2311504,1.0,3.0,10.0,municipio,municipio
2311603,0.0,1.0,2.0,municipio,municipio
2311702,0.0,5.0,20.300000000000068,municipio,municipio
2311801,6.0,17.0,37.30000000000007,municipio,municipio
2311900,0.0,0.0,1.0,municipio,municipio
2311959,0.0,1.0,3.0,municipio,municipio
2312007,0.0,1.0,3.0,municipio,municipio
2312106,0.0,1.0,4.0,municipio,municipio
2312205,0.0,3.0,11.300000000000068,municipio,municipio
2312304,0.0,1.0,2.0,municipio,municipio
2312403,1.0,4.0,15.0,municipio,municipio
2312502,0.0,0.0,1.0,municipio,municipio
2312601,0.0,1.0,3.0,municipio,municipio
2312700,0.0,1.0,3.0,municipio,municipio
2312809,0.0,0.0,3.0,municipio,municipio
2312908,8.5,25.0,72.0,municipio,municipio
2313005,0.0,0.0,2.0,municipio,municipio
2313104,0.0,2.0,6.0,municipio,municipio
2313203,1.0,3.0,11.0,municipio,municipio
2313252,0.0,0.0,0.0,municipio,municipio
2313302,3.0,15.0,54.0,municipio,municipio
2313351,0.0,1.0,3.0,municipio,municipio
2313401,1.0,3.0,9.0,municipio,municipio
2313500,0.0,1.0,4.0,municipio,municipio
2313559,0.0,1.0,2.0,municipio,municipio
2313609,0.0,0.0,2.0,municipio,municipio
2313708,0.0,0.0,3.0,municipio,municipio
2313757,0.0,1.0,4.0,municipio,municipio
2313807,0.0,1.0,3.0,municipio,municipio
2313906,0.0,1.0,3.0,municipio,municipio
2313955,0.0,2.0,9.0,municipio,municipio
2314003,0.0,1.0,4.0,municipio,municipio
2314102,0.0,2.0,5.0,municipio,municipio
2400109,0.0,2.0,8.300000000000068,municipio,municipio
2400208,1.0,3.0,14.0,municipio,municipio
2400307,0.0,1.0,2.0,municipio,municipio
2400406,0.0,0.0,1.0,municipio,municipio
2400505,0.0,1.0,4.0,municipio,municipio
2400604,0.0,0.0,0.0,municipio,municipio
2400703,0.0,1.0,3.0,municipio,municipio
2400802,0.0,1.0,4.0,municipio,municipio
2400901,0.0,0.0,0.0,municipio,municipio
2401008,0.0,1.0,3.0,municipio,municipio
2401107,0.0,0.0,2.0,municipio,municipio
2401206,0.0,1.0,3.0,municipio,municipio
2401305,0.0,0.0,2.0,municipio,municipio
2401404,0.0,0.0,1.0,municipio,municipio
2401453,0.0,1.0,3.0,municipio,municipio
2401503,0.0,0.0,2.0,municipio,municipio
2401602,0.0,0.0,2.0,municipio,municipio
2401651,0.0,0.0,0.0,municipio,municipio
2401701,0.0,0.0,2.0,municipio,municipio
2401800,0.0,1.0,3.0,municipio,municipio
2401859,0.0,0.0,1.0,municipio,municipio
2401909,0.0,1.0,4.0,municipio,municipio
2402006,3.0,11.0,33.0,municipio,municipio
2402105,0.0,1.0,3.0,municipio,municipio
2402204,1.0,2.0,6.0,municipio,municipio
2402303,0.0,1.0,3.0,municipio,municipio
2402402,0.0,1.0,4.0,municipio,municipio
2402501,0.0,0.0,1.0,municipio,municipio
2402600,2.0,7.0,23.0,municipio,municipio
2402709,0.0,0.0,2.0,municipio,municipio
2402808,0.0,0.0,1.0,municipio,municipio
2402907,0.0,0.0,1.0,municipio,municipio
2403004,0.0,1.0,5.0,municipio,municipio
2403103,1.0,7.0,18.0,municipio,municipio
2403202,0.0,0.0,1.0,municipio,municipio
2403251,8.0,24.0,58.0,municipio,municipio
2403301,0.0,0.0,1.0,municipio,municipio
2403400,0.0,0.0,1.0,municipio,municipio
2403509,0.0,0.0,1.0,municipio,municipio
2403608,1.0,3.0,7.0,municipio,municipio
2403707,0.0,0.0,1.0,municipio,municipio
2403756,0.0,0.0,1.0,municipio,municipio
2403806,0.0,1.0,4.0,municipio,municipio
2403905,0.0,0.0,2.0,municipio,municipio
2404002,0.0,0.0,1.0,municipio,municipio
2404101,0.0,0.0,2.0,municipio,municipio
2404200,0.0,1.0,4.0,municipio,municipio
2404309,0.0,0.0,1.0,municipio,municipio
2404408,0.0,0.0,1.0,municipio,municipio
2404507,0.0,3.0,8.0,municipio,municipio
2404606,0.0,0.0,1.0,municipio,municipio
2404705,0.0,0.0,1.0,municipio,municipio
2404804,0.0,0.0,0.0,municipio,municipio
2404853,0.0,0.0,0.0,municipio,municipio
2404903,0.0,0.0,1.0,municipio,municipio
2405009,0.0,1.0,3.0,municipio,municipio
2405108,0.0,0.0,3.0,municipio,municipio
2405207,0.0,0.0,1.0,municipio,municipio
2405306,0.0,0.0,1.0,municipio,municipio
2405405,0.0,0.0,2.0,municipio,municipio
2405504,0.0,0.0,1.0,municipio,municipio
2405603,0.0,1.0,4.0,municipio,municipio
2405702,1.0,3.0,7.0,municipio,municipio
2405801,1.0,3.0,12.0,municipio,municipio
2405900,0.0,0.0,0.0,municipio,municipio
2406007,0.0,0.0,3.0,municipio,municipio
2406106,0.0,0.0,2.0,municipio,municipio
2406155,0.0,0.0,0.0,municipio,municipio
2406205,0.0,0.0,1.0,municipio,municipio
2406304,0.0,0.0,1.0,municipio,municipio
2406403,0.0,0.0,2.0,municipio,municipio
2406502,0.0,0.0,2.0,municipio,municipio
2406601,0.0,0.0,1.0,municipio,municipio
2406700,0.0,1.0,3.0,municipio,municipio
2406809,0.0,1.0,3.0,municipio,municipio
2406908,0.0,0.0,1.0,municipio,municipio
2407005,0.0,0.0,1.0,municipio,municipio
2407104,3.0,7.0,18.300000000000068,municipio,municipio
2407203,0.0,1.0,6.0,municipio,municipio
2407252,0.0,0.0,0.0,municipio,municipio
2407302,0.0,0.0,2.0,municipio,municipio
2407401,0.0,0.0,1.0,municipio,municipio
2407500,0.0,1.0,3.0,municipio,municipio
2407609,0.0,0.0,1.0,municipio,municipio
2407708,0.0,0.0,1.0,municipio,municipio
2407807,0.0,0.75,2.0,municipio,municipio
2407906,0.0,0.0,1.0,municipio,municipio
2408003,8.0,26.0,65.0,municipio,municipio
2408102,81.0,182.0,456.2000000000003,municipio,municipio
2408201,0.0,1.0,4.0,municipio,municipio
2408300,0.0,2.0,10.0,municipio,municipio
2408409,0.0,0.0,1.0,municipio,municipio
2408508,0.0,0.0,3.0,municipio,municipio
2408607,0.0,0.0,1.0,municipio,municipio
2408706,0.0,0.0,0.0,municipio,municipio
2408805,0.0,1.0,3.0,municipio,municipio
2408904,1.0,5.0,13.0,municipio,municipio
2408953,0.0,0.0,1.0,municipio,municipio
2409100,0.0,1.0,3.0,municipio,municipio
2409209,0.0,0.0,1.0,municipio,municipio
2409308,0.0,0.0,2.0,municipio,municipio
2409332,0.0,0.0,1.0,municipio,municipio
2409407,1.0,7.0,27.300000000000068,municipio,municipio
2409506,0.0,0.0,1.0,municipio,municipio
2409605,0.0,0.0,2.0,municipio,municipio
2409704,0.0,1.0,3.0,municipio,municipio
2409803,0.0,0.0,1.0,municipio,municipio
2409902,0.0,0.0,2.0,municipio,municipio
2410009,0.0,0.0,1.0,municipio,municipio
2410108,0.0,1.0,2.0,municipio,municipio
2410207,0.0,0.0,1.3000000000000682,municipio,municipio
2410256,0.0,0.0,0.0,municipio,municipio
2410306,0.0,0.0,2.0,municipio,municipio
2410405,0.0,1.0,4.0,municipio,municipio
2410504,0.0,1.0,4.0,municipio,municipio
2410603,0.0,0.0,0.0,municipio,municipio
2410702,0.0,0.0,0.0,municipio,municipio
2410801,0.0,0.0,2.0,municipio,municipio
2410900,0.0,0.0,1.3000000000000682,municipio,municipio
2411007,0.0,0.0,1.0,municipio,municipio
2411056,0.0,0.0,1.0,municipio,municipio
2411106,0.0,0.0,1.0,municipio,municipio
2411205,3.0,9.0,26.0,municipio,municipio
2411403,0.0,1.0,4.0,municipio,municipio
2411429,0.0,0.0,1.0,municipio,municipio
2411502,0.0,1.0,4.0,municipio,municipio
2411601,0.0,0.0,1.0,municipio,municipio
2411700,0.0,0.0,2.0,municipio,municipio
2411809,0.0,0.0,1.0,municipio,municipio
2411908,0.0,0.0,1.0,municipio,municipio
2412005,3.0,8.0,24.0,municipio,municipio
2412104,0.0,0.0,2.0,municipio,municipio
2412203,1.0,4.0,13.300000000000068,municipio,municipio
2412302,0.0,1.0,4.0,municipio,municipio
2412401,0.0,0.0,1.0,municipio,municipio
2412500,0.0,2.0,5.0,municipio,municipio
2412559,0.0,1.0,3.300000000000068,municipio,municipio
2412609,1.0,3.0,9.300000000000068,municipio,municipio
2412708,0.0,0.0,1.0,municipio,municipio
2412807,0.0,0.0,1.0,municipio,municipio
2412906,0.0,0.0,2.0,municipio,municipio
2413003,0.0,0.0,2.0,municipio,municipio
2413102,0.0,0.0,1.0,municipio,municipio
2413201,0.0,0.0,1.0,municipio,municipio
2413300,0.0,0.0,0.0,municipio,municipio
2413359,0.0,0.0,1.0,municipio,municipio
2413409,0.0,1.0,3.0,municipio,municipio
2413508,0.0,0.0,1.0,municipio,municipio
2413557,0.0,0.0,1.0,municipio,municipio
2413607,0.0,0.0,1.0,municipio,municipio
2413706,0.0,1.0,2.0,municipio,municipio
2413805,0.0,0.0,1.0,municipio,municipio
2413904,0.0,1.0,3.300000000000068,municipio,municipio
2414001,0.0,0.0,3.0,municipio,municipio
2414100,0.0,0.0,1.0,municipio,municipio
2414159,0.0,0.0,2.0,municipio,municipio
2414209,0.0,0.0,2.0,municipio,municipio
2414308,0.0,0.0,1.0,municipio,municipio
2414407,0.0,1.0,4.0,municipio,municipio
2414456,0.0,0.0,0.0,municipio,municipio
2414506,0.0,0.0,1.0,municipio,municipio
2414605,0.0,1.0,2.0,municipio,municipio
2414704,0.0,0.0,1.0,municipio,municipio
2414753,0.0,0.0,0.0,municipio,municipio
2414803,0.0,0.0,2.0,municipio,municipio
2414902,0.0,0.0,0.0,municipio,municipio
2415008,0.0,0.0,0.0,municipio,municipio
2500106,0.0,0.0,2.0,municipio,municipio
2500205,0.0,0.0,0.0,municipio,municipio
2500304,0.0,2.0,5.0,municipio,municipio
2500403,0.0,1.0,4.0,municipio,municipio
2500502,0.0,0.0,2.0,municipio,municipio
2500536,0.0,0.0,0.0,municipio,municipio
2500577,0.0,0.0,0.0,municipio,municipio
2500601,0.0,1.0,4.0,municipio,municipio
2500700,0.0,0.0,2.0,municipio,municipio
2500734,0.0,0.0,0.0,municipio,municipio
2500775,0.0,0.0,1.0,municipio,municipio
2500809,0.0,0.0,1.0,municipio,municipio
2500908,0.0,0.0,2.0,municipio,municipio
2501005,0.0,0.0,2.0,municipio,municipio
2501104,0.0,1.0,5.0,municipio,municipio
2501153,0.0,0.0,0.0,municipio,municipio
2501203,0.0,0.0,1.0,municipio,municipio
2501302,0.0,0.0,1.0,municipio,municipio
2501351,0.0,0.0,0.0,municipio,municipio
2501401,0.0,0.0,0.0,municipio,municipio
2501500,0.0,0.0,2.0,municipio,municipio
2501534,0.0,0.0,1.0,municipio,municipio
2501575,0.0,0.0,1.0,municipio,municipio
2501609,0.0,1.0,3.0,municipio,municipio
2501708,0.0,0.0,0.0,municipio,municipio
2501807,1.0,3.0,8.0,municipio,municipio
2501906,0.0,0.0,1.0,municipio,municipio
2502003,0.0,0.0,2.0,municipio,municipio
2502052,0.0,0.0,1.0,municipio,municipio
2502102,0.0,0.0,0.0,municipio,municipio
2502151,0.0,0.0,2.0,municipio,municipio
2502201,0.0,0.0,1.0,municipio,municipio
2502300,0.0,0.0,1.0,municipio,municipio
2502409,0.0,0.0,1.0,municipio,municipio
2502508,0.0,1.0,2.0,municipio,municipio
2502607,0.0,0.0,0.0,municipio,municipio
2502706,0.0,0.0,0.0,municipio,municipio
2502805,0.0,1.0,4.0,municipio,municipio
2502904,0.0,0.0,3.0,municipio,municipio
2503001,0.0,0.0,2.0,municipio,municipio
2503100,0.0,0.0,1.0,municipio,municipio
2503209,2.0,8.0,23.0,municipio,municipio
2503308,0.0,0.0,2.0,municipio,municipio
2503407,0.0,0.0,1.0,municipio,municipio
2503506,0.0,0.0,1.0,municipio,municipio
2503555,0.0,0.0,0.0,municipio,municipio
2503605,0.0,0.0,0.0,municipio,municipio
2503704,1.0,5.0,17.300000000000068,municipio,municipio
2503753,0.0,0.0,0.0,municipio,municipio
2503803,0.0,0.0,0.0,municipio,municipio
2503902,0.0,0.0,1.0,municipio,municipio
2504009,4.0,12.0,31.0,municipio,municipio
2504033,0.0,0.0,0.0,municipio,municipio
2504074,0.0,0.0,1.0,municipio,municipio
2504108,0.0,0.0,0.0,municipio,municipio
2504157,0.0,0.0,1.0,municipio,municipio
2504207,0.0,0.0,1.0,municipio,municipio
2504306,1.0,3.0,11.0,municipio,municipio
2504355,0.0,1.0,3.0,municipio,municipio
2504405,0.0,0.0,0.0,municipio,municipio
2504504,0.0,0.0,2.0,municipio,municipio
2504603,0.0,1.0,3.0,municipio,municipio
2504702,0.0,0.0,1.0,municipio,municipio
2504801,0.0,2.0,4.0,municipio,municipio
2504850,0.0,0.0,0.0,municipio,municipio
2504900,0.0,0.0,1.0,municipio,municipio
2505006,0.0,0.0,1.0,municipio,municipio
2505105,0.0,1.0,3.0,municipio,municipio
2505204,0.0,0.0,1.0,municipio,municipio
2505238,0.0,0.0,0.0,municipio,municipio
2505279,0.0,0.0,0.0,municipio,municipio
2505303,0.0,0.0,0.0,municipio,municipio
2505352,0.0,0.0,0.0,municipio,municipio
2505402,0.0,0.0,0.0,municipio,municipio
2505501,0.0,0.0,1.0,municipio,municipio
2505600,0.0,0.0,1.0,municipio,municipio
2505709,0.0,1.0,3.0,municipio,municipio
2505808,0.0,0.0,0.0,municipio,municipio
2505907,0.0,0.0,2.0,municipio,municipio
2506004,0.0,3.0,8.0,municipio,municipio
2506103,0.0,0.0,1.0,municipio,municipio
2506202,0.0,0.0,1.0,municipio,municipio
2506251,0.0,0.0,0.0,municipio,municipio
2506301,0.0,2.0,7.300000000000068,municipio,municipio
2506400,0.0,0.0,1.0,municipio,municipio
2506509,0.0,0.0,0.3000000000000682,municipio,municipio
2506608,0.0,0.0,0.0,municipio,municipio
2506707,0.0,0.0,2.0,municipio,municipio
2506806,0.0,0.0,1.0,municipio,municipio
2506905,0.0,0.0,1.0,municipio,municipio
2507002,0.0,1.0,4.0,municipio,municipio
2507101,0.0,0.0,1.0,municipio,municipio
2507200,0.0,0.0,0.0,municipio,municipio
2507309,0.0,0.0,1.0,municipio,municipio
2507408,0.0,0.0,2.0,municipio,municipio
2507507,20.0,57.0,131.60000000000014,municipio,municipio
2507606,0.0,0.0,1.0,municipio,municipio
2507705,0.0,1.0,4.0,municipio,municipio
2507804,0.0,0.0,1.0,municipio,municipio
2507903,0.0,0.0,1.0,municipio,municipio
2508000,0.0,1.0,3.0,municipio,municipio
2508109,0.0,0.0,0.0,municipio,municipio
2508208,0.0,0.0,1.0,municipio,municipio
2508307,0.0,1.0,3.0,municipio,municipio
2508406,0.0,0.0,0.0,municipio,municipio
2508505,0.0,0.0,1.0,municipio,municipio
2508554,0.0,0.0,0.0,municipio,municipio
2508604,0.0,0.0,1.0,municipio,municipio
2508703,0.0,0.0,1.0,municipio,municipio
2508802,0.0,0.0,1.0,municipio,municipio
2508901,0.0,1.0,2.0,municipio,municipio
2509008,0.0,0.0,2.0,municipio,municipio
2509057,0.0,0.0,0.0,municipio,municipio
2509107,0.0,0.75,2.0,municipio,municipio
2509156,0.0,0.0,1.0,municipio,municipio
2509206,0.0,0.0,0.0,municipio,municipio
2509305,0.0,0.0,0.0,municipio,municipio
2509339,0.0,0.0,0.0,municipio,municipio
2509370,0.0,0.0,0.0,municipio,municipio
2509396,0.0,0.0,2.0,municipio,municipio
2509404,0.0,0.0,1.0,municipio,municipio
2509503,0.0,0.0,1.0,municipio,municipio
2509602,0.0,0.0,0.0,municipio,municipio
2509701,1.0,5.0,16.0,municipio,municipio
2509800,0.0,0.0,0.0,municipio,municipio
2509909,0.0,0.0,0.0,municipio,municipio
2510006,0.0,0.0,1.0,municipio,municipio
2510105,0.0,1.0,3.0,municipio,municipio
2510204,0.0,0.0,1.0,municipio,municipio
2510303,0.0,0.0,1.0,municipio,municipio
2510402,0.0,0.0,1.0,municipio,municipio
2510501,0.0,0.0,0.0,municipio,municipio
2510600,0.0,0.0,1.0,municipio,municipio
2510659,0.0,0.0,0.0,municipio,municipio
2510709,0.0,0.0,0.0,municipio,municipio
2510808,1.0,6.0,19.0,municipio,municipio
2510907,0.0,0.0,0.0,municipio,municipio
2511004,0.0,0.0,0.0,municipio,municipio
2511103,0.0,1.0,3.0,municipio,municipio
2511202,0.0,1.0,2.300000000000068,municipio,municipio
2511301,0.0,1.0,3.0,municipio,municipio
2511400,0.0,2.0,6.0,municipio,municipio
2511509,0.0,0.0,0.0,municipio,municipio
2511608,0.0,0.0,1.0,municipio,municipio
2511707,0.0,0.0,1.0,municipio,municipio
2511806,0.0,0.0,2.0,municipio,municipio
2511905,0.0,0.0,1.0,municipio,municipio
2512002,0.0,1.0,3.0,municipio,municipio
2512036,0.0,0.0,0.0,municipio,municipio
2512077,0.0,0.0,1.0,municipio,municipio
2512101,0.0,1.0,7.0,municipio,municipio
2512200,0.0,0.0,1.0,municipio,municipio
2512309,0.0,2.0,12.0,municipio,municipio
2512408,0.0,0.0,1.0,municipio,municipio
2512507,0.0,2.0,6.0,municipio,municipio
2512606,0.0,0.0,0.0,municipio,municipio
2512705,0.0,1.0,4.0,municipio,municipio
2512721,0.0,0.0,0.0,municipio,municipio
2512747,0.0,0.0,0.0,municipio,municipio
2512754,0.0,0.0,0.0,municipio,municipio
2512762,0.0,0.0,0.0,municipio,municipio
2512788,0.0,0.0,0.0,municipio,municipio
2512804,0.0,0.0,3.0,municipio,municipio
2512903,0.0,0.0,1.0,municipio,municipio
2513000,0.0,0.0,0.0,municipio,municipio
2513109,0.0,0.0,1.0,municipio,municipio
2513158,0.0,0.0,0.0,municipio,municipio
2513208,0.0,0.0,3.0,municipio,municipio
2513307,0.0,0.0,2.0,municipio,municipio
2513356,0.0,0.0,0.0,municipio,municipio
2513406,0.0,2.0,5.0,municipio,municipio
2513505,0.0,0.0,0.0,municipio,municipio
2513604,0.0,0.0,1.0,municipio,municipio
2513653,0.0,0.0,1.0,municipio,municipio
2513703,1.0,4.0,12.0,municipio,municipio
2513802,0.0,0.0,1.0,municipio,municipio
2513851,0.0,0.0,0.0,municipio,municipio
2513901,0.0,1.0,7.0,municipio,municipio
2513927,0.0,0.0,0.0,municipio,municipio
2513943,0.0,0.0,0.0,municipio,municipio
2513968,0.0,0.0,0.0,municipio,municipio
2513984,0.0,0.0,0.0,municipio,municipio
2514008,0.0,0.0,0.0,municipio,municipio
2514107,0.0,0.0,1.0,municipio,municipio
2514206,0.0,0.0,1.0,municipio,municipio
2514305,0.0,0.0,0.0,municipio,municipio
2514404,0.0,0.0,1.0,municipio,municipio
2514453,0.0,0.0,1.0,municipio,municipio
2514503,0.0,0.0,3.0,municipio,municipio
2514552,0.0,0.0,1.0,municipio,municipio
2514602,0.0,0.0,0.0,municipio,municipio
2514651,0.0,0.0,0.0,municipio,municipio
2514701,0.0,0.0,1.0,municipio,municipio
2514800,0.0,0.0,0.0,municipio,municipio
2514909,0.0,0.0,2.0,municipio,municipio
2515005,0.0,0.0,0.0,municipio,municipio
2515104,0.0,0.0,1.0,municipio,municipio
2515203,0.0,0.0,1.0,municipio,municipio
2515302,0.0,1.0,3.0,municipio,municipio
2515401,0.0,0.0,0.0,municipio,municipio
2515500,0.0,0.0,1.0,municipio,municipio
2515609,0.0,0.0,0.0,municipio,municipio
2515708,0.0,0.0,0.0,municipio,municipio
2515807,0.0,0.0,0.0,municipio,municipio
2515906,0.0,0.0,0.0,municipio,municipio
2515930,0.0,0.0,2.0,municipio,municipio
2515971,0.0,0.0,0.0,municipio,municipio
2516003,0.0,0.0,1.0,municipio,municipio
2516102,0.0,0.0,1.0,municipio,municipio
2516151,0.0,0.0,0.0,municipio,municipio
2516201,0.0,3.0,14.0,municipio,municipio
2516300,0.0,1.0,3.0,municipio,municipio
2516409,0.0,0.0,0.0,municipio,municipio
2516508,0.0,0.0,1.0,municipio,municipio
2516607,0.0,0.0,1.0,municipio,municipio
2516706,0.0,2.0,7.0,municipio,municipio
2516755,0.0,0.0,0.0,municipio,municipio
2516805,0.0,0.0,2.0,municipio,municipio
2516904,0.0,1.0,6.0,municipio,municipio
2517001,0.0,0.0,0.0,municipio,municipio
2517100,0.0,0.0,1.0,municipio,municipio
2517209,0.0,0.0,0.0,municipio,municipio
2517407,0.0,0.0,1.0,municipio,municipio
2600054,2.0,8.0,23.0,municipio,municipio
2600104,2.0,7.0,20.300000000000068,municipio,municipio
2600203,0.0,0.0,3.0,municipio,municipio
2600302,0.0,1.0,5.0,municipio,municipio
2600401,0.0,1.0,4.0,municipio,municipio
2600500,0.0,0.0,2.300000000000068,municipio,municipio
2600609,0.0,1.0,4.0,municipio,municipio
2600708,0.0,1.0,4.0,municipio,municipio
2600807,1.0,3.0,9.0,municipio,municipio
2600906,0.0,1.0,3.0,municipio,municipio
2601003,0.0,0.0,1.0,municipio,municipio
2601052,0.0,1.0,2.0,municipio,municipio
2601102,1.0,3.0,10.0,municipio,municipio
2601201,1.0,6.0,17.0,municipio,municipio
2601300,0.0,0.0,1.0,municipio,municipio
2601409,0.0,1.0,5.0,municipio,municipio
2601508,0.0,0.0,1.0,municipio,municipio
2601607,0.0,0.0,2.0,municipio,municipio
2601706,3.0,8.0,18.0,municipio,municipio
2601805,0.0,0.0,1.0,municipio,municipio
2601904,1.0,3.0,11.300000000000068,municipio,municipio
2602001,0.0,2.0,6.0,municipio,municipio
2602100,0.0,1.0,4.0,municipio,municipio
2602209,0.0,2.0,6.0,municipio,municipio
2602308,0.0,1.0,3.0,municipio,municipio
2602407,0.0,0.0,1.0,municipio,municipio
2602506,0.0,0.0,3.0,municipio,municipio
2602605,2.0,8.0,24.0,municipio,municipio
2602704,0.0,0.0,1.0,municipio,municipio
2602803,0.0,2.0,7.0,municipio,municipio
2602902,12.0,31.0,78.60000000000014,municipio,municipio
2603009,0.0,1.0,3.0,municipio,municipio
2603108,0.0,0.0,1.0,municipio,municipio
2603207,0.0,0.0,3.0,municipio,municipio
2603306,0.0,1.0,3.0,municipio,municipio
2603405,0.0,0.0,1.0,municipio,municipio
2603454,4.0,12.0,36.30000000000007,municipio,municipio
2603504,0.0,0.0,1.0,municipio,municipio
2603603,0.0,0.0,1.0,municipio,municipio
2603702,0.0,0.0,2.0,municipio,municipio
2603801,0.0,0.0,1.0,municipio,municipio
2603900,0.0,2.0,5.300000000000068,municipio,municipio
2603926,0.0,0.0,1.0,municipio,municipio
2604007,2.0,8.0,28.0,municipio,municipio
2604106,16.0,32.75,97.30000000000007,municipio,municipio
2604155,0.0,1.0,2.0,municipio,municipio
2604205,0.0,1.0,3.0,municipio,municipio
2604304,0.0,1.0,4.0,municipio,municipio
2604403,0.0,0.0,1.0,municipio,municipio
2604502,0.0,1.0,4.0,municipio,municipio
2604601,0.0,2.0,7.0,municipio,municipio
2604700,0.0,0.0,1.0,municipio,municipio
2604809,0.0,0.0,1.0,municipio,municipio
2604908,0.0,1.0,5.0,municipio,municipio
2605004,0.0,1.0,4.0,municipio,municipio
2605103,0.0,2.0,8.0,municipio,municipio
2605152,0.0,0.0,2.0,municipio,municipio
2605202,1.0,2.0,9.0,municipio,municipio
2605301,0.0,1.0,6.0,municipio,municipio
2605400,0.0,1.0,3.0,municipio,municipio
2605459,0.0,1.0,4.0,municipio,municipio
2605509,0.0,0.0,1.0,municipio,municipio
2605608,0.0,0.0,2.0,municipio,municipio
2605707,0.0,1.0,5.300000000000068,municipio,municipio
2605806,0.0,0.0,2.0,municipio,municipio
2605905,0.0,1.0,2.0,municipio,municipio
2606002,2.0,9.0,31.0,municipio,municipio
2606101,0.0,1.0,3.0,municipio,municipio
2606200,3.0,8.0,27.0,municipio,municipio
2606309,0.0,0.0,1.0,municipio,municipio
2606408,3.0,9.0,26.0,municipio,municipio
2606507,0.0,1.0,2.0,municipio,municipio
2606606,0.0,1.0,3.0,municipio,municipio
2606705,0.0,0.0,1.0,municipio,municipio
2606804,3.0,9.0,34.600000000000136,municipio,municipio
2606903,0.0,1.0,4.0,municipio,municipio
2607000,0.0,0.0,2.0,municipio,municipio
2607109,0.0,0.0,2.0,municipio,municipio
2607208,4.0,13.0,37.30000000000007,municipio,municipio
2607307,0.0,0.0,2.0,municipio,municipio
2607406,0.0,0.0,1.0,municipio,municipio
2607505,0.0,0.0,1.0,municipio,municipio
2607604,0.0,1.0,5.0,municipio,municipio
2607653,0.0,1.0,6.0,municipio,municipio
2607703,0.0,1.0,5.0,municipio,municipio
2607752,0.0,1.0,3.0,municipio,municipio
2607802,0.0,1.0,5.0,municipio,municipio
2607901,24.0,58.0,134.30000000000007,municipio,municipio
2607950,0.0,0.0,2.0,municipio,municipio
2608008,1.0,3.0,10.0,municipio,municipio
2608057,0.0,1.0,2.0,municipio,municipio
2608107,0.0,1.0,3.300000000000068,municipio,municipio
2608206,0.0,0.0,1.0,municipio,municipio
2608255,0.0,0.0,1.0,municipio,municipio
2608305,0.0,0.0,1.0,municipio,municipio
2608404,0.0,0.0,1.0,municipio,municipio
2608453,0.0,2.0,6.0,municipio,municipio
2608503,0.0,0.0,2.0,municipio,municipio
2608602,0.0,0.0,1.0,municipio,municipio
2608701,0.0,0.0,1.0,municipio,municipio
2608750,0.0,1.0,6.0,municipio,municipio
2608800,0.0,0.0,2.0,municipio,municipio
2608909,2.0,7.0,20.0,municipio,municipio
2609006,0.0,1.0,6.0,municipio,municipio
2609105,0.0,1.0,2.0,municipio,municipio
2609154,0.0,0.0,1.0,municipio,municipio
2609204,0.0,0.0,1.0,municipio,municipio
2609303,0.0,1.0,3.0,municipio,municipio
2609402,1.0,6.0,20.0,municipio,municipio
2609501,0.0,1.0,3.0,municipio,municipio
2609600,13.0,29.0,75.0,municipio,municipio
2609709,0.0,1.0,3.0,municipio,municipio
2609808,0.0,0.0,0.0,municipio,municipio
2609907,1.0,3.0,11.0,municipio,municipio
2610004,0.0,3.0,7.300000000000068,municipio,municipio
2610103,0.0,0.0,0.3000000000000682,municipio,municipio
2610202,0.0,0.0,2.0,municipio,municipio
2610301,0.0,0.0,1.0,municipio,municipio
2610400,0.0,1.0,4.0,municipio,municipio
2610509,1.0,3.0,8.300000000000068,municipio,municipio
2610608,1.0,4.0,12.0,municipio,municipio
2610707,10.5,27.0,71.30000000000007,municipio,municipio
2610806,0.0,1.0,5.0,municipio,municipio
2610905,1.0,5.0,21.0,municipio,municipio
2611002,0.0,1.0,3.0,municipio,municipio
2611101,7.0,22.0,62.30000000000007,municipio,municipio
2611200,0.0,1.0,3.0,municipio,municipio
2611309,0.0,1.0,2.0,municipio,municipio
2611408,0.0,0.0,1.0,municipio,municipio
2611507,0.0,0.0,2.0,municipio,municipio
2611533,0.0,0.0,2.0,municipio,municipio
2611606,56.0,136.0,408.50000000000034,municipio,municipio
2611705,0.0,1.0,4.0,municipio,municipio
2611804,0.0,1.0,4.0,municipio,municipio
2611903,0.0,0.0,2.0,municipio,municipio
2612000,0.0,0.0,1.0,municipio,municipio
2612109,0.0,0.0,1.0,municipio,municipio
2612208,3.0,10.0,35.0,municipio,municipio
2612307,0.0,0.0,1.0,municipio,municipio
2612406,0.0,1.0,6.0,municipio,municipio
2612455,0.0,0.0,2.0,municipio,municipio
2612471,0.0,1.0,3.0,municipio,municipio
2612505,5.0,15.0,31.0,municipio,municipio
2612554,0.0,0.0,2.0,municipio,municipio
2612604,0.0,1.0,2.300000000000068,municipio,municipio
2612703,0.0,0.0,1.0,municipio,municipio
2612802,0.0,0.0,3.0,municipio,municipio
2612901,0.0,0.0,0.0,municipio,municipio
2613008,0.0,2.0,10.0,municipio,municipio
2613107,0.0,2.0,8.0,municipio,municipio
2613206,0.0,1.0,4.0,municipio,municipio
2613305,0.0,0.0,2.0,municipio,municipio
2613404,0.0,1.0,2.0,municipio,municipio
2613503,0.0,2.0,8.0,municipio,municipio
2613602,0.0,2.0,9.0,municipio,municipio
2613701,1.0,4.0,12.0,municipio,municipio
2613800,0.0,1.0,4.0,municipio,municipio
2613909,1.0,4.0,15.0,municipio,municipio
2614006,0.0,1.0,4.0,municipio,municipio
2614105,0.0,1.0,6.0,municipio,municipio
2614204,0.0,0.0,2.0,municipio,municipio
2614303,0.0,0.0,1.0,municipio,municipio
2614402,0.0,0.0,2.0,municipio,municipio
2614501,1.0,4.0,12.0,municipio,municipio
2614600,0.0,1.0,3.0,municipio,municipio
2614709,0.0,1.0,2.0,municipio,municipio
2614808,0.0,0.0,3.0,municipio,municipio
2614857,0.0,1.0,3.0,municipio,municipio
2615003,0.0,1.0,3.0,municipio,municipio
2615102,0.0,0.0,1.0,municipio,municipio
2615201,0.0,0.0,2.0,municipio,municipio
2615300,1.0,3.0,10.0,municipio,municipio
2615409,0.0,1.0,2.0,municipio,municipio
2615508,0.0,0.0,2.0,municipio,municipio
2615607,0.0,0.0,3.0,municipio,municipio
2615706,0.0,1.0,3.0,municipio,municipio
2615805,0.0,0.0,2.0,municipio,municipio
2615904,0.0,0.0,2.0,municipio,municipio
2616001,0.0,0.0,2.0,municipio,municipio
2616100,0.0,1.0,3.0,municipio,municipio
2616183,0.0,0.0,1.0,municipio,municipio
2616209,0.0,1.0,4.0,municipio,municipio
2616308,0.0,1.0,6.0,municipio,municipio
2616407,3.0,8.0,30.0,municipio,municipio
2616506,0.0,0.0,1.0,municipio,municipio
2700102,0.0,0.0,1.0,municipio,municipio
2700201,0.0,0.0,1.0,municipio,municipio
2700300,10.0,48.0,125.0,municipio,municipio
2700409,0.0,1.0,3.0,municipio,municipio
2700508,0.0,0.0,1.0,municipio,municipio
2700607,0.0,1.0,2.0,municipio,municipio
2700706,0.0,0.0,1.0,municipio,municipio
2700805,0.0,0.0,2.0,municipio,municipio
2700904,0.0,0.0,1.0,municipio,municipio
2701001,0.0,1.0,2.0,municipio,municipio
2701100,0.0,0.0,1.0,municipio,municipio
2701209,0.0,0.0,2.0,municipio,municipio
2701308,0.0,0.0,1.0,municipio,municipio
2701357,0.0,0.0,1.0,municipio,municipio
2701407,0.0,1.0,3.0,municipio,municipio
2701506,0.0,0.0,1.0,municipio,municipio
2701605,0.0,0.0,1.0,municipio,municipio
2701704,0.0,1.0,2.0,municipio,municipio
2701803,0.0,0.0,1.0,municipio,municipio
2701902,0.0,0.0,0.0,municipio,municipio
2702009,0.0,3.0,6.0,municipio,municipio
2702108,0.0,1.0,4.0,municipio,municipio
2702207,0.0,1.0,2.0,municipio,municipio
2702306,0.0,0.0,2.0,municipio,municipio
2702355,0.0,2.0,6.0,municipio,municipio
2702405,0.0,2.0,7.0,municipio,municipio
2702504,0.0,0.0,1.0,municipio,municipio
2702553,0.0,1.0,4.0,municipio,municipio
2702603,0.0,1.0,6.0,municipio,municipio
2702702,0.0,0.0,0.0,municipio,municipio
2702801,0.0,0.0,2.0,municipio,municipio
2702900,1.0,3.0,7.0,municipio,municipio
2703007,0.0,0.0,1.0,municipio,municipio
2703106,0.0,1.0,3.0,municipio,municipio
2703205,0.0,2.0,4.0,municipio,municipio
2703304,0.0,1.0,3.0,municipio,municipio
2703403,0.0,0.0,1.0,municipio,municipio
2703502,0.0,0.0,0.0,municipio,municipio
2703601,0.0,0.0,1.0,municipio,municipio
2703700,0.0,0.0,1.0,municipio,municipio
2703759,0.0,0.0,2.0,municipio,municipio
2703809,0.0,0.0,2.0,municipio,municipio
2703908,0.0,0.0,0.0,municipio,municipio
2704005,0.0,2.0,7.0,municipio,municipio
2704104,0.0,1.0,3.0,municipio,municipio
2704203,0.0,1.75,5.0,municipio,municipio
2704302,47.5,95.75,228.30000000000007,municipio,municipio
2704401,0.0,0.0,2.0,municipio,municipio
2704500,0.0,3.0,9.300000000000068,municipio,municipio
2704609,0.0,0.0,2.0,municipio,municipio
2704708,2.0,6.0,18.0,municipio,municipio
2704807,0.0,0.0,1.0,municipio,municipio
2704906,0.0,0.0,0.0,municipio,municipio
2705002,0.0,0.75,4.0,municipio,municipio
2705101,0.0,1.0,5.0,municipio,municipio
2705200,0.0,1.0,2.0,municipio,municipio
2705309,0.0,0.0,0.0,municipio,municipio
2705408,0.0,0.0,1.0,municipio,municipio
2705507,0.0,1.0,3.0,municipio,municipio
2705606,0.0,0.0,1.0,municipio,municipio
2705705,0.0,0.0,2.0,municipio,municipio
2705804,0.0,0.0,1.0,municipio,municipio
2705903,0.0,0.0,1.0,municipio,municipio
2706000,0.0,1.0,3.300000000000068,municipio,municipio
2706109,0.0,0.0,1.0,municipio,municipio
2706208,0.0,0.0,1.0,municipio,municipio
2706307,3.0,11.0,27.0,municipio,municipio
2706406,0.0,1.0,2.0,municipio,municipio
2706422,0.0,0.0,1.3000000000000682,municipio,municipio
2706448,0.0,0.0,2.0,municipio,municipio
2706505,0.0,0.0,1.0,municipio,municipio
2706604,0.0,0.0,0.0,municipio,municipio
2706703,3.0,10.0,32.0,municipio,municipio
2706802,0.0,1.0,3.0,municipio,municipio
2706901,0.0,2.0,7.0,municipio,municipio
2707008,0.0,0.0,0.0,municipio,municipio
2707107,0.0,1.0,2.0,municipio,municipio
2707206,0.0,0.0,2.0,municipio,municipio
2707305,0.0,1.0,4.0,municipio,municipio
2707404,0.0,0.0,0.0,municipio,municipio
2707503,0.0,0.0,1.0,municipio,municipio
2707602,0.0,0.0,1.0,municipio,municipio
2707701,3.0,8.75,21.0,municipio,municipio
2707800,0.0,0.0,1.0,municipio,municipio
2707909,0.0,1.0,1.3000000000000682,municipio,municipio
2708006,1.0,4.0,12.0,municipio,municipio
2708105,0.0,0.0,1.0,municipio,municipio
2708204,0.0,0.0,0.0,municipio,municipio
2708303,0.0,0.0,1.0,municipio,municipio
2708402,0.0,1.0,4.0,municipio,municipio
2708501,0.0,1.0,3.0,municipio,municipio
2708600,1.0,2.0,7.0,municipio,municipio
2708709,0.0,0.0,1.0,municipio,municipio
2708808,0.0,2.0,7.0,municipio,municipio
2708907,0.0,1.0,4.0,municipio,municipio
2708956,0.0,0.0,2.0,municipio,municipio
2709004,0.0,0.0,1.0,municipio,municipio
2709103,0.0,1.0,3.0,municipio,municipio
2709152,1.0,4.0,9.0,municipio,municipio
2709202,0.0,0.0,2.0,municipio,municipio
2709301,2.0,6.0,13.0,municipio,municipio
2709400,0.0,0.0,2.0,municipio,municipio
2800100,0.0,0.0,0.0,municipio,municipio
2800209,0.0,0.0,2.0,municipio,municipio
2800308,18.5,45.75,88.0,municipio,municipio
2800407,0.0,0.0,1.0,municipio,municipio
2800506,0.0,0.75,2.0,municipio,municipio
2800605,0.5,3.0,7.0,municipio,municipio
2800670,0.0,1.0,3.0,municipio,municipio
2800704,0.0,0.0,1.0,municipio,municipio
2801009,0.0,0.0,2.0,municipio,municipio
2801108,0.0,0.0,0.0,municipio,municipio
2801207,0.0,1.0,3.0,municipio,municipio
2801306,0.0,0.0,1.0,municipio,municipio
2801405,0.0,1.0,4.0,municipio,municipio
2801504,0.0,1.0,3.0,municipio,municipio
2801603,0.0,0.0,1.0,municipio,municipio
2801702,0.0,0.0,1.0,municipio,municipio
2801900,0.0,0.0,1.0,municipio,municipio
2802007,0.0,0.0,1.0,municipio,municipio
2802106,2.0,7.0,19.300000000000068,municipio,municipio
2802205,0.0,0.0,0.0,municipio,municipio
2802304,0.0,0.0,1.0,municipio,municipio
2802403,0.0,0.0,2.0,municipio,municipio
2802502,0.0,0.0,0.0,municipio,municipio
2802601,0.0,0.0,0.0,municipio,municipio
2802700,0.0,0.0,1.0,municipio,municipio
2802809,0.0,0.0,1.0,municipio,municipio
2802908,1.0,3.0,12.0,municipio,municipio
2803005,0.0,1.0,6.0,municipio,municipio
2803104,0.0,0.0,0.0,municipio,municipio
2803203,0.0,1.0,3.0,municipio,municipio
2803302,0.0,0.0,1.0,municipio,municipio
2803401,0.0,0.0,1.0,municipio,municipio
2803500,0.0,2.0,7.0,municipio,municipio
2803609,0.0,2.0,5.0,municipio,municipio
2803708,0.0,0.0,1.0,municipio,municipio
2803807,0.0,0.0,0.0,municipio,municipio
2803906,0.0,1.0,2.0,municipio,municipio
2804003,0.0,0.0,1.0,municipio,municipio
2804102,0.0,0.0,1.0,municipio,municipio
2804201,0.0,0.0,1.0,municipio,municipio
2804300,0.0,0.0,1.0,municipio,municipio
2804409,0.0,2.0,4.0,municipio,municipio
2804458,0.0,0.0,1.0,municipio,municipio
2804508,0.0,1.0,2.0,municipio,municipio
2804607,0.0,0.0,1.0,municipio,municipio
2804706,0.0,0.0,1.0,municipio,municipio
2804805,5.0,11.0,23.0,municipio,municipio
2804904,0.0,0.0,1.0,municipio,municipio
2805000,0.0,0.0,1.0,municipio,municipio
2805109,0.0,0.0,0.0,municipio,municipio
2805208,0.0,0.0,1.3000000000000682,municipio,municipio
2805307,0.0,0.0,1.0,municipio,municipio
2805406,0.0,0.0,0.0,municipio,municipio
2805505,0.0,0.0,2.0,municipio,municipio
2805604,0.0,0.0,2.0,municipio,municipio
2805703,0.0,2.0,4.0,municipio,municipio
2805802,0.0,0.0,1.0,municipio,municipio
2805901,0.0,0.0,2.0,municipio,municipio
2806008,0.0,0.0,1.0,municipio,municipio
2806107,0.0,0.0,1.0,municipio,municipio
2806206,0.0,0.0,2.0,municipio,municipio
2806305,0.0,0.0,1.0,municipio,municipio
2806404,0.0,0.0,1.0,municipio,municipio
2806503,0.0,0.0,1.0,municipio,municipio
2806602,0.0,0.0,1.0,municipio,municipio
2806701,2.0,5.0,12.0,municipio,municipio
2806800,0.0,0.0,1.0,municipio,municipio
2806909,0.0,0.0,1.0,municipio,municipio
2807006,0.0,0.0,0.0,municipio,municipio
2807105,0.0,1.0,6.0,municipio,municipio
2807204,0.0,0.0,1.0,municipio,municipio
2807303,0.0,0.0,0.0,municipio,municipio
2807402,0.0,2.0,7.0,municipio,municipio
2807501,0.0,0.0,1.0,municipio,municipio
2807600,0.0,0.0,1.0,municipio,municipio
2900108,0.0,0.0,0.0,municipio,municipio
2900207,0.0,0.0,1.0,municipio,municipio
2900306,0.0,0.0,1.0,municipio,municipio
2900355,0.0,1.0,4.0,municipio,municipio
2900405,0.0,0.0,1.0,municipio,municipio
2900504,0.0,0.0,0.0,municipio,municipio
2900603,0.0,0.0,1.0,municipio,municipio
2900702,1.0,2.0,6.0,municipio,municipio
2900801,0.0,1.0,4.0,municipio,municipio
2900900,0.0,0.0,0.0,municipio,municipio
2901007,0.0,0.0,2.0,municipio,municipio
2901106,0.0,1.0,2.0,municipio,municipio
2901155,0.0,1.0,4.0,municipio,municipio
2901205,0.0,0.0,1.0,municipio,municipio
2901304,0.0,0.0,2.0,municipio,municipio
2901353,0.0,1.0,2.0,municipio,municipio
2901403,0.0,0.0,1.0,municipio,municipio
2901502,0.0,1.0,3.0,municipio,municipio
2901601,0.0,1.0,4.0,municipio,municipio
2901700,0.0,0.0,1.0,municipio,municipio
2901809,0.0,0.0,1.0,municipio,municipio
2901908,0.0,0.0,0.0,municipio,municipio
2901957,0.0,0.0,2.0,municipio,municipio
2902005,0.0,0.0,1.0,municipio,municipio
2902054,0.0,0.0,1.0,municipio,municipio
2902104,0.0,2.0,8.0,municipio,municipio
2902203,0.0,0.0,0.0,municipio,municipio
2902252,0.0,0.0,1.0,municipio,municipio
2902302,0.0,0.0,0.0,municipio,municipio
2902401,0.0,0.0,1.0,municipio,municipio
2902500,0.0,0.0,0.0,municipio,municipio
2902609,0.0,1.0,6.0,municipio,municipio
2902658,0.0,0.0,1.0,municipio,municipio
2902708,0.0,1.0,3.0,municipio,municipio
2902807,0.0,0.0,1.0,municipio,municipio
2902906,0.0,0.0,2.0,municipio,municipio
2903003,0.0,1.0,7.0,municipio,municipio
2903102,0.0,1.0,2.0,municipio,municipio
2903201,3.0,12.0,39.30000000000007,municipio,municipio
2903235,0.0,0.0,1.0,municipio,municipio
2903276,0.0,0.0,4.0,municipio,municipio
2903300,0.0,0.0,2.0,municipio,municipio
2903409,0.0,0.0,2.0,municipio,municipio
2903508,0.0,0.0,1.0,municipio,municipio
2903607,0.0,0.0,1.0,municipio,municipio
2903706,0.0,0.0,1.0,municipio,municipio
2903805,0.0,0.0,2.0,municipio,municipio
2903904,0.0,2.0,11.300000000000068,municipio,municipio
2903953,0.0,0.0,0.0,municipio,municipio
2904001,0.0,0.0,0.0,municipio,municipio
2904050,0.0,0.0,1.0,municipio,municipio
2904100,0.0,0.0,3.0,municipio,municipio
2904209,0.0,1.0,5.0,municipio,municipio
2904308,0.0,0.0,1.0,municipio,municipio
2904407,0.0,0.0,1.0,municipio,municipio
2904506,0.0,0.0,1.0,municipio,municipio
2904605,1.0,3.0,12.0,municipio,municipio
2904704,0.0,2.0,6.0,municipio,municipio
2904753,0.0,0.0,2.0,municipio,municipio
2904803,0.0,0.0,1.0,municipio,municipio
2904852,0.0,0.0,1.0,municipio,municipio
2904902,0.0,0.0,2.0,municipio,municipio
2905008,0.0,0.0,2.0,municipio,municipio
2905107,0.0,0.0,1.0,municipio,municipio
2905156,0.0,0.0,1.0,municipio,municipio
2905206,0.0,1.0,5.300000000000068,municipio,municipio
2905305,0.0,1.0,5.0,municipio,municipio
2905404,0.0,0.0,1.0,municipio,municipio
2905503,0.0,0.0,2.0,municipio,municipio
2905602,0.0,1.0,4.0,municipio,municipio
2905701,3.0,9.0,23.300000000000068,municipio,municipio
2905800,0.0,0.0,1.0,municipio,municipio
2905909,0.0,1.0,3.0,municipio,municipio
2906006,0.0,1.0,5.0,municipio,municipio
2906105,0.0,0.0,1.0,municipio,municipio
2906204,0.0,1.0,9.300000000000068,municipio,municipio
2906303,0.0,2.0,5.0,municipio,municipio
2906402,0.0,0.0,2.0,municipio,municipio
2906501,0.0,2.0,4.0,municipio,municipio
2906600,0.0,0.0,1.0,municipio,municipio
2906709,0.0,1.0,7.0,municipio,municipio
2906808,0.0,0.0,3.0,municipio,municipio
2906824,0.0,0.0,3.0,municipio,municipio
2906857,0.0,0.0,2.0,municipio,municipio
2906873,0.0,2.0,7.0,municipio,municipio
2906899,0.0,0.0,0.0,municipio,municipio
2906907,0.0,1.0,5.0,municipio,municipio
2907004,0.0,0.0,0.0,municipio,municipio
2907103,0.0,0.0,2.0,municipio,municipio
2907202,0.0,1.0,8.0,municipio,municipio
2907301,0.0,0.0,2.0,municipio,municipio
2907400,0.0,0.0,0.0,municipio,municipio
2907509,0.0,1.0,3.0,municipio,municipio
2907558,0.0,0.0,1.0,municipio,municipio
2907608,0.0,0.0,3.0,municipio,municipio
2907707,0.0,0.0,3.0,municipio,municipio
2907806,0.0,2.0,6.0,municipio,municipio
2907905,0.0,0.0,1.0,municipio,municipio
2908002,0.0,1.0,7.0,municipio,municipio
2908101,0.0,0.0,0.0,municipio,municipio
2908200,0.0,0.0,2.0,municipio,municipio
2908309,0.0,0.0,1.0,municipio,municipio
2908408,0.0,2.0,12.0,municipio,municipio
2908507,0.0,2.0,7.0,municipio,municipio
2908606,0.0,0.0,1.0,municipio,municipio
2908705,0.0,0.0,1.0,municipio,municipio
2908804,0.0,0.0,0.0,municipio,municipio
2908903,0.0,1.0,4.0,municipio,municipio
2909000,0.0,0.0,0.0,municipio,municipio
2909109,0.0,0.0,2.0,municipio,municipio
2909208,0.0,0.0,2.0,municipio,municipio
2909307,0.0,1.0,4.0,municipio,municipio
2909406,0.0,0.0,1.0,municipio,municipio
2909505,0.0,0.0,0.0,municipio,municipio
2909604,0.0,0.0,0.0,municipio,municipio
2909703,0.0,0.0,2.0,municipio,municipio
2909802,0.0,2.0,5.0,municipio,municipio
2909901,0.0,0.0,2.0,municipio,municipio
2910008,0.0,0.0,1.0,municipio,municipio
2910057,0.0,1.0,4.0,municipio,municipio
2910107,0.0,0.0,1.0,municipio,municipio
2910206,0.0,0.0,1.0,municipio,municipio
2910305,0.0,0.0,1.0,municipio,municipio
2910404,0.0,0.0,1.0,municipio,municipio
2910503,0.0,0.0,2.0,municipio,municipio
2910602,0.0,0.0,2.0,municipio,municipio
2910701,0.0,2.0,11.0,municipio,municipio
2910727,1.0,6.0,22.300000000000068,municipio,municipio
2910750,0.0,1.0,5.0,municipio,municipio
2910776,0.0,0.0,1.0,municipio,municipio
2910800,19.0,61.75,162.0,municipio,municipio
2910859,0.0,1.0,3.0,municipio,municipio
2910909,0.0,0.0,1.0,municipio,municipio
2911006,0.0,1.0,3.0,municipio,municipio
2911105,0.0,0.0,1.0,municipio,municipio
2911204,0.0,0.0,2.0,municipio,municipio
2911253,0.0,0.0,1.0,municipio,municipio
2911303,0.0,0.0,2.0,municipio,municipio
2911402,0.0,1.0,3.0,municipio,municipio
2911501,0.0,0.0,1.0,municipio,municipio
2911600,0.0,0.0,2.0,municipio,municipio
2911659,0.0,0.0,1.0,municipio,municipio
2911709,1.0,5.0,26.0,municipio,municipio
2911808,0.0,0.0,1.0,municipio,municipio
2911857,0.0,0.0,1.0,municipio,municipio
2911907,0.0,0.0,2.0,municipio,municipio
2912004,0.0,0.0,2.0,municipio,municipio
2912103,1.0,2.0,9.0,municipio,municipio
2912202,0.0,0.0,0.0,municipio,municipio
2912301,0.0,0.0,2.300000000000068,municipio,municipio
2912400,0.0,0.0,6.0,municipio,municipio
2912509,0.0,0.0,2.0,municipio,municipio
2912608,0.0,0.0,1.0,municipio,municipio
2912707,0.0,0.0,2.0,municipio,municipio
2912806,0.0,0.0,1.0,municipio,municipio
2912905,0.0,2.0,6.0,municipio,municipio
2913002,0.0,0.0,2.0,municipio,municipio
2913101,0.0,0.0,3.0,municipio,municipio
2913200,0.0,1.0,5.0,municipio,municipio
2913309,0.0,1.0,4.0,municipio,municipio
2913408,0.0,0.0,2.0,municipio,municipio
2913457,0.0,0.0,0.0,municipio,municipio
2913507,0.0,0.0,3.0,municipio,municipio
2913606,7.0,19.0,77.30000000000007,municipio,municipio
2913705,0.0,0.0,1.0,municipio,municipio
2913804,0.0,0.0,1.0,municipio,municipio
2913903,1.0,4.0,19.300000000000068,municipio,municipio
2914000,0.0,1.0,4.0,municipio,municipio
2914109,0.0,0.0,1.0,municipio,municipio
2914208,0.0,0.0,0.0,municipio,municipio
2914307,0.0,0.0,1.0,municipio,municipio
2914406,0.0,0.0,3.0,municipio,municipio
2914505,0.0,1.0,3.0,municipio,municipio
2914604,1.0,5.0,36.0,municipio,municipio
2914653,0.0,1.0,4.0,municipio,municipio
2914703,1.0,6.0,23.0,municipio,municipio
2914802,13.0,33.0,120.40000000000055,municipio,municipio
2914901,0.0,2.0,5.0,municipio,municipio
2915007,0.0,0.0,3.0,municipio,municipio
2915106,0.0,1.0,4.0,municipio,municipio
2915205,0.0,1.0,4.0,municipio,municipio
2915304,0.0,0.0,0.0,municipio,municipio
2915353,0.0,0.0,1.0,municipio,municipio
2915403,0.0,0.0,1.0,municipio,municipio
2915502,1.0,2.0,6.0,municipio,municipio
2915601,0.0,2.0,5.0,municipio,municipio
2915700,0.0,0.0,0.0,municipio,municipio
2915809,0.0,0.0,2.0,municipio,municipio
2915908,0.0,0.0,0.0,municipio,municipio
2916005,0.0,1.0,6.0,municipio,municipio
2916104,0.0,0.0,1.0,municipio,municipio
2916203,0.0,0.0,2.0,municipio,municipio
2916302,0.0,1.0,3.0,municipio,municipio
2916401,0.0,2.0,12.0,municipio,municipio
2916500,0.0,0.0,1.3000000000000682,municipio,municipio
2916609,0.0,0.0,1.0,municipio,municipio
2916708,0.0,0.0,1.0,municipio,municipio
2916807,0.0,0.0,2.0,municipio,municipio
2916856,0.0,0.0,2.0,municipio,municipio
2916906,0.0,0.0,3.0,municipio,municipio
2917003,0.0,1.0,3.0,municipio,municipio
2917102,0.0,0.0,3.0,municipio,municipio
2917201,0.0,0.0,1.0,municipio,municipio
2917300,0.0,0.0,1.0,municipio,municipio
2917334,0.0,0.0,1.0,municipio,municipio
2917359,0.0,0.0,1.0,municipio,municipio
2917409,0.0,0.0,1.0,municipio,municipio
2917508,3.0,10.0,35.0,municipio,municipio
2917607,0.0,2.0,7.0,municipio,municipio
2917706,0.0,2.0,10.0,municipio,municipio
2917805,0.0,0.0,0.0,municipio,municipio
2917904,0.0,0.0,0.0,municipio,municipio
2918001,4.5,17.0,53.0,municipio,municipio
2918100,0.0,1.0,4.300000000000068,municipio,municipio
2918209,0.0,0.0,0.0,municipio,municipio
2918308,0.0,0.0,2.0,municipio,municipio
2918357,0.0,1.0,5.300000000000068,municipio,municipio
2918407,5.0,13.0,36.0,municipio,municipio
2918456,0.0,0.0,0.0,municipio,municipio
2918506,0.0,0.0,3.0,municipio,municipio
2918555,0.0,0.0,2.0,municipio,municipio
2918605,0.0,0.0,0.0,municipio,municipio
2918704,0.0,0.0,2.0,municipio,municipio
2918753,0.0,0.0,2.0,municipio,municipio
2918803,0.0,0.0,1.0,municipio,municipio
2918902,0.0,0.0,1.0,municipio,municipio
2919009,0.0,0.0,1.0,municipio,municipio
2919058,0.0,0.0,1.0,municipio,municipio
2919108,0.0,0.0,1.3000000000000682,municipio,municipio
2919157,0.0,1.0,7.0,municipio,municipio
2919207,2.0,6.0,15.0,municipio,municipio
2919306,0.0,0.0,1.0,municipio,municipio
2919405,0.0,0.0,0.0,municipio,municipio
2919504,0.0,1.0,5.0,municipio,municipio
2919553,0.0,3.0,15.0,municipio,municipio
2919603,0.0,0.0,2.0,municipio,municipio
2919702,0.0,0.0,1.0,municipio,municipio
2919801,0.0,2.0,8.300000000000068,municipio,municipio
2919900,0.0,0.0,1.0,municipio,municipio
2919926,0.0,1.0,2.0,municipio,municipio
2919959,0.0,0.0,0.0,municipio,municipio
2920007,0.0,0.0,1.0,municipio,municipio
2920106,0.0,2.0,6.0,municipio,municipio
2920205,0.0,0.0,0.0,municipio,municipio
2920304,0.0,0.0,1.0,municipio,municipio
2920403,0.0,1.0,7.0,municipio,municipio
2920452,0.0,0.0,0.0,municipio,municipio
2920502,0.0,1.0,4.0,municipio,municipio
2920601,0.0,0.0,2.0,municipio,municipio
2920700,0.0,0.0,1.0,municipio,municipio
2920809,0.0,0.0,2.0,municipio,municipio
2920908,0.0,0.0,2.0,municipio,municipio
2921005,0.0,1.0,3.0,municipio,municipio
2921054,0.0,0.0,2.0,municipio,municipio
2921104,0.0,2.0,6.0,municipio,municipio
2921203,0.0,2.0,7.0,municipio,municipio
2921302,0.0,0.0,2.0,municipio,municipio
2921401,0.0,0.0,1.0,municipio,municipio
2921450,0.0,0.0,2.0,municipio,municipio
2921500,0.0,2.0,9.0,municipio,municipio
2921609,0.0,0.0,0.0,municipio,municipio
2921708,0.0,2.0,8.0,municipio,municipio
2921807,0.0,0.0,0.0,municipio,municipio
2921906,0.0,0.0,0.0,municipio,municipio
2922003,1.0,3.0,10.0,municipio,municipio
2922052,0.0,0.0,3.0,municipio,municipio
2922102,0.0,1.0,3.0,municipio,municipio
2922201,0.0,0.0,0.0,municipio,municipio
2922250,0.0,0.0,0.0,municipio,municipio
2922300,0.0,1.0,5.0,municipio,municipio
2922409,0.0,0.0,1.0,municipio,municipio
2922508,0.0,0.0,1.0,municipio,municipio
2922607,0.0,0.0,1.0,municipio,municipio
2922656,0.0,0.0,1.0,municipio,municipio
2922706,0.0,0.0,1.0,municipio,municipio
2922730,0.0,1.0,5.0,municipio,municipio
2922755,0.0,0.0,1.0,municipio,municipio
2922805,0.0,0.0,0.0,municipio,municipio
2922854,0.0,0.0,2.0,municipio,municipio
2922904,0.0,0.0,2.300000000000068,municipio,municipio
2923001,0.0,1.0,6.0,municipio,municipio
2923035,0.0,0.0,1.0,municipio,municipio
2923050,0.0,0.0,1.0,municipio,municipio
2923100,0.0,0.0,1.0,municipio,municipio
2923209,0.0,0.0,2.0,municipio,municipio
2923308,0.0,0.0,0.0,municipio,municipio
2923357,0.0,2.0,7.0,municipio,municipio
2923407,0.0,0.0,1.0,municipio,municipio
2923506,0.0,0.0,1.0,municipio,municipio
2923605,0.0,1.0,5.0,municipio,municipio
2923704,0.0,0.0,2.0,municipio,municipio
2923803,0.0,1.0,6.0,municipio,municipio
2923902,0.0,0.0,2.0,municipio,municipio
2924009,1.0,5.0,11.0,municipio,municipio
2924058,0.0,1.0,5.0,municipio,municipio
2924108,0.0,0.0,0.0,municipio,municipio
2924207,0.0,0.0,1.0,municipio,municipio
2924306,0.0,0.0,0.0,municipio,municipio
2924405,0.0,0.0,1.0,municipio,municipio
2924504,0.0,0.0,0.0,municipio,municipio
2924603,0.0,1.0,2.0,municipio,municipio
2924652,0.0,1.0,3.0,municipio,municipio
2924678,0.0,0.0,0.0,municipio,municipio
2924702,0.0,0.0,1.0,municipio,municipio
2924801,0.0,1.0,4.300000000000068,municipio,municipio
2924900,0.0,0.0,2.0,municipio,municipio
2925006,0.0,0.0,1.0,municipio,municipio
2925105,0.0,0.0,2.0,municipio,municipio
2925204,0.0,1.0,3.0,municipio,municipio
2925253,0.0,1.0,3.0,municipio,municipio
2925303,3.0,11.0,29.0,municipio,municipio
2925402,0.0,0.0,1.0,municipio,municipio
2925501,0.0,1.0,2.0,municipio,municipio
2925600,0.0,1.0,6.0,municipio,municipio
2925709,0.0,0.0,0.0,municipio,municipio
2925758,0.0,0.0,1.0,municipio,municipio
2925808,0.0,0.0,2.0,municipio,municipio
2925907,0.0,1.0,4.0,municipio,municipio
2925931,0.0,1.0,4.0,municipio,municipio
2925956,0.0,1.0,3.0,municipio,municipio
2926004,0.0,2.0,8.0,municipio,municipio
2926103,0.0,1.0,3.0,municipio,municipio
2926202,0.0,0.0,2.0,municipio,municipio
2926301,1.0,4.0,9.0,municipio,municipio
2926400,0.0,1.0,4.300000000000068,municipio,municipio
2926509,0.0,0.0,1.0,municipio,municipio
2926608,0.0,2.0,9.0,municipio,municipio
2926657,0.0,0.0,0.0,municipio,municipio
2926707,0.0,0.0,1.0,municipio,municipio
2926806,0.0,0.0,2.0,municipio,municipio
2926905,0.0,0.0,1.0,municipio,municipio
2927002,0.0,2.0,6.0,municipio,municipio
2927101,0.0,0.0,0.0,municipio,municipio
2927200,0.0,2.0,6.0,municipio,municipio
2927309,0.0,0.0,0.0,municipio,municipio
2927408,50.5,110.75,267.60000000000014,municipio,municipio
2927507,0.0,1.0,3.0,municipio,municipio
2927606,0.0,0.0,0.0,municipio,municipio
2927705,0.0,1.0,5.0,municipio,municipio
2927804,0.0,0.0,1.0,municipio,municipio
2927903,0.0,0.0,0.0,municipio,municipio
2928000,1.0,4.0,13.0,municipio,municipio
2928059,0.0,0.0,2.0,municipio,municipio
2928109,0.0,2.0,9.0,municipio,municipio
2928208,0.0,1.0,4.300000000000068,municipio,municipio
2928307,0.0,0.0,1.0,municipio,municipio
2928406,0.0,0.0,2.0,municipio,municipio
2928505,0.0,0.0,1.0,municipio,municipio
2928604,0.0,1.0,4.0,municipio,municipio
2928703,1.0,2.0,8.0,municipio,municipio
2928802,0.0,2.0,7.0,municipio,municipio
2928901,0.0,1.0,3.0,municipio,municipio
2928950,0.0,1.0,4.0,municipio,municipio
2929008,0.0,0.0,1.0,municipio,municipio
2929057,0.0,0.0,3.0,municipio,municipio
2929107,0.0,0.0,1.0,municipio,municipio
2929206,0.0,1.0,4.0,municipio,municipio
2929255,0.0,1.0,5.300000000000068,municipio,municipio
2929305,0.0,1.0,2.0,municipio,municipio
2929354,0.0,0.0,1.3000000000000682,municipio,municipio
2929370,0.0,0.0,1.0,municipio,municipio
2929404,0.0,0.0,0.0,municipio,municipio
2929503,0.0,2.0,7.0,municipio,municipio
2929602,0.0,0.0,2.0,municipio,municipio
2929701,0.0,0.0,1.0,municipio,municipio
2929750,0.0,0.0,0.0,municipio,municipio
2929800,0.0,0.0,2.0,municipio,municipio
2929909,0.0,1.0,5.0,municipio,municipio
2930006,0.0,0.0,3.0,municipio,municipio
2930105,1.0,6.0,18.0,municipio,municipio
2930154,0.0,0.0,1.0,municipio,municipio
2930204,0.0,0.0,2.0,municipio,municipio
2930303,0.0,0.0,2.0,municipio,municipio
2930402,0.0,0.0,1.0,municipio,municipio
2930501,2.0,10.0,38.30000000000007,municipio,municipio
2930600,0.0,2.0,7.0,municipio,municipio
2930709,3.0,8.0,18.0,municipio,municipio
2930758,0.0,0.0,0.0,municipio,municipio
2930766,0.0,0.0,2.0,municipio,municipio
2930774,0.0,0.0,1.0,municipio,municipio
2930808,0.0,0.0,4.0,municipio,municipio
2930907,0.0,0.0,0.0,municipio,municipio
2931004,0.0,0.0,2.0,municipio,municipio
2931053,0.0,0.0,2.0,municipio,municipio
2931103,0.0,1.0,4.0,municipio,municipio
2931202,0.0,0.0,1.0,municipio,municipio
2931301,0.0,1.0,5.0,municipio,municipio
2931350,5.0,13.0,27.0,municipio,municipio
2931400,0.0,0.0,1.0,municipio,municipio
2931509,0.0,0.0,3.0,municipio,municipio
2931608,0.0,0.0,0.0,municipio,municipio
2931707,0.0,0.0,1.0,municipio,municipio
2931806,0.0,0.0,1.0,municipio,municipio
2931905,0.0,2.75,6.0,municipio,municipio
2932002,0.0,0.0,2.0,municipio,municipio
2932101,0.0,0.0,1.0,municipio,municipio
2932200,0.0,0.0,1.0,municipio,municipio
2932309,0.0,1.0,3.0,municipio,municipio
2932408,0.0,2.0,12.300000000000068,municipio,municipio
2932457,0.0,1.0,3.0,municipio,municipio
2932507,0.0,2.0,5.0,municipio,municipio
2932606,0.0,0.0,0.0,municipio,municipio
2932705,0.0,1.0,4.300000000000068,municipio,municipio
2932804,0.0,0.0,2.0,municipio,municipio
2932903,0.0,2.0,9.0,municipio,municipio
2933000,0.0,2.0,8.0,municipio,municipio
2933059,0.0,1.0,5.0,municipio,municipio
2933109,0.0,0.0,3.0,municipio,municipio
2933158,0.0,1.0,3.0,municipio,municipio
2933174,0.0,0.0,0.0,municipio,municipio
2933208,1.0,3.0,10.0,municipio,municipio
2933257,0.0,0.0,0.0,municipio,municipio
2933307,4.0,11.75,37.0,municipio,municipio
2933406,0.0,0.0,1.0,municipio,municipio
2933455,0.0,0.0,4.300000000000068,municipio,municipio
2933505,0.0,0.0,1.0,municipio,municipio
2933604,0.0,0.0,1.3000000000000682,municipio,municipio
3100104,0.0,0.0,0.0,municipio,municipio
3100203,0.0,1.0,10.0,municipio,municipio
3100302,0.0,0.0,0.0,municipio,municipio
3100401,0.0,0.0,0.0,municipio,municipio
3100500,0.0,0.0,2.0,municipio,municipio
3100609,0.0,0.0,1.0,municipio,municipio
3100708,0.0,0.0,1.0,municipio,municipio
3100807,0.0,0.0,0.0,municipio,municipio
3100906,0.0,1.0,4.0,municipio,municipio
3101003,0.0,0.0,0.0,municipio,municipio
3101102,1.0,4.0,13.300000000000068,municipio,municipio
3101201,0.0,0.0,0.0,municipio,municipio
3101300,0.0,0.0,0.0,municipio,municipio
3101409,0.0,0.0,0.0,municipio,municipio
3101508,0.0,2.0,10.0,municipio,municipio
3101607,1.0,4.0,17.0,municipio,municipio
3101631,0.0,0.0,0.0,municipio,municipio
3101706,0.0,1.0,4.0,municipio,municipio
3101805,0.0,0.0,1.0,municipio,municipio
3101904,0.0,0.0,1.0,municipio,municipio
3102001,0.0,0.0,0.0,municipio,municipio
3102050,0.0,0.0,0.0,municipio,municipio
3102100,0.0,0.0,0.0,municipio,municipio
3102209,0.0,0.0,1.0,municipio,municipio
3102308,0.0,0.0,1.0,municipio,municipio
3102407,0.0,0.0,0.0,municipio,municipio
3102506,0.0,0.0,0.0,municipio,municipio
3102605,0.0,0.0,2.0,municipio,municipio
3102704,0.0,0.0,1.0,municipio,municipio
3102803,0.0,0.0,0.0,municipio,municipio
3102852,0.0,0.0,0.0,municipio,municipio
3102902,0.0,0.0,0.0,municipio,municipio
3103009,0.0,1.0,2.0,municipio,municipio
3103108,0.0,0.0,0.0,municipio,municipio
3103207,0.0,0.0,0.0,municipio,municipio
3103306,0.0,0.0,0.0,municipio,municipio
3103405,1.0,3.0,9.0,municipio,municipio
3103504,2.0,6.0,18.0,municipio,municipio
3103603,0.0,0.0,0.0,municipio,municipio
3103702,0.0,0.0,0.0,municipio,municipio
3103751,0.0,1.0,3.0,municipio,municipio
3103801,0.0,0.0,0.0,municipio,municipio
3103900,0.0,1.0,5.0,municipio,municipio
3104007,2.0,10.0,27.0,municipio,municipio
3104106,0.0,0.0,2.0,municipio,municipio
3104205,0.0,3.0,17.300000000000068,municipio,municipio
3104304,0.0,0.0,1.0,municipio,municipio
3104403,0.0,0.0,0.0,municipio,municipio
3104452,0.0,0.0,0.0,municipio,municipio
3104502,0.0,1.0,4.0,municipio,municipio
3104601,0.0,1.0,4.0,municipio,municipio
3104700,0.0,0.0,1.0,municipio,municipio
3104809,0.0,0.0,2.300000000000068,municipio,municipio
3104908,0.0,0.0,0.0,municipio,municipio
3105004,0.0,0.0,2.0,municipio,municipio
3105103,0.0,1.0,5.0,municipio,municipio
3105202,0.0,0.0,0.0,municipio,municipio
3105301,0.0,0.0,0.0,municipio,municipio
3105400,0.0,0.75,2.0,municipio,municipio
3105509,0.0,0.0,0.0,municipio,municipio
3105608,0.0,1.0,2.0,municipio,municipio
3105707,0.0,0.0,0.0,municipio,municipio
3105905,0.0,0.0,1.0,municipio,municipio
3106002,0.0,0.0,1.0,municipio,municipio
3106101,0.0,0.0,0.0,municipio,municipio
3106200,110.5,287.0,1006.9000000000002,municipio,municipio
3106309,0.0,2.0,6.0,municipio,municipio
3106408,0.0,0.0,1.0,municipio,municipio
3106507,0.0,0.0,0.0,municipio,municipio
3106606,0.0,0.0,0.0,municipio,municipio
3106655,0.0,0.0,0.0,municipio,municipio
3106705,19.0,54.0,164.60000000000014,municipio,municipio
3106804,0.0,0.0,0.0,municipio,municipio
3106903,0.0,0.0,2.0,municipio,municipio
3107000,0.0,0.0,0.0,municipio,municipio
3107109,0.0,1.0,4.0,municipio,municipio
3107208,0.0,0.0,0.0,municipio,municipio
3107307,1.0,4.0,14.0,municipio,municipio
3107406,2.0,7.0,39.30000000000007,municipio,municipio
3107505,0.0,0.0,0.0,municipio,municipio
3107604,0.0,0.0,0.0,municipio,municipio
3107703,0.0,0.0,1.0,municipio,municipio
3107802,0.0,0.0,1.0,municipio,municipio
3107901,0.0,0.0,0.0,municipio,municipio
3108008,0.0,0.0,0.0,municipio,municipio
3108107,0.0,0.0,1.0,municipio,municipio
3108206,0.0,0.0,1.0,municipio,municipio
3108255,0.0,0.0,0.0,municipio,municipio
3108305,0.0,0.0,0.0,municipio,municipio
3108404,0.0,0.0,0.0,municipio,municipio
3108503,0.0,0.0,0.0,municipio,municipio
3108552,0.0,0.0,1.0,municipio,municipio
3108602,0.0,1.0,6.300000000000068,municipio,municipio
3108701,0.0,0.0,0.0,municipio,municipio
3108800,0.0,0.0,1.0,municipio,municipio
3108909,0.0,0.0,0.0,municipio,municipio
3109006,0.0,2.0,8.0,municipio,municipio
3109105,0.0,0.0,0.0,municipio,municipio
3109204,0.0,0.0,2.0,municipio,municipio
3109253,0.0,0.0,0.0,municipio,municipio
3109303,0.0,1.0,4.0,municipio,municipio
3109402,0.0,0.0,3.0,municipio,municipio
3109451,0.0,0.0,1.0,municipio,municipio
3109501,0.0,0.0,0.0,municipio,municipio
3109600,0.0,1.0,3.0,municipio,municipio
3109709,0.0,0.0,0.0,municipio,municipio
3109808,0.0,0.0,1.0,municipio,municipio
3109907,0.0,1.0,4.0,municipio,municipio
3110004,0.0,1.0,4.0,municipio,municipio
3110103,0.0,0.0,0.0,municipio,municipio
3110202,0.0,0.0,0.0,municipio,municipio
3110301,0.0,0.0,0.0,municipio,municipio
3110400,0.0,0.0,0.0,municipio,municipio
3110509,0.0,0.0,0.0,municipio,municipio
3110608,0.0,0.0,0.0,municipio,municipio
3110707,0.0,0.0,0.0,municipio,municipio
3110806,0.0,0.0,2.0,municipio,municipio
3110905,0.0,0.0,1.0,municipio,municipio
3111002,0.0,0.0,0.0,municipio,municipio
3111101,0.0,2.0,8.0,municipio,municipio
3111150,0.0,0.0,1.0,municipio,municipio
3111200,0.0,2.0,12.300000000000068,municipio,municipio
3111309,0.0,0.0,0.0,municipio,municipio
3111408,0.0,1.0,3.0,municipio,municipio
3111507,0.0,0.0,2.0,municipio,municipio
3111606,0.0,0.0,1.0,municipio,municipio
3111705,0.0,0.0,0.0,municipio,municipio
3111804,0.0,2.0,8.0,municipio,municipio
3111903,0.0,0.0,0.0,municipio,municipio
3112000,0.0,0.0,2.0,municipio,municipio
3112059,0.0,0.0,0.0,municipio,municipio
3112109,0.0,0.0,0.0,municipio,municipio
3112208,0.0,0.0,0.0,municipio,municipio
3112307,0.0,1.0,3.0,municipio,municipio
3112406,0.0,0.0,0.0,municipio,municipio
3112505,0.0,0.0,3.0,municipio,municipio
3112604,0.0,2.0,7.0,municipio,municipio
3112653,0.0,0.0,1.0,municipio,municipio
3112703,0.0,1.0,4.0,municipio,municipio
3112802,0.0,0.0,2.0,municipio,municipio
3112901,0.0,0.0,0.0,municipio,municipio
3113008,0.0,0.0,1.0,municipio,municipio
3113107,0.0,0.0,0.0,municipio,municipio
3113206,0.0,0.0,1.0,municipio,municipio
3113305,0.0,1.0,6.0,municipio,municipio
3113404,0.0,3.0,13.0,municipio,municipio
3113503,0.0,0.0,0.0,municipio,municipio
3113602,0.0,0.0,0.0,municipio,municipio
3113701,0.0,1.0,6.0,municipio,municipio
3113800,0.0,0.0,0.0,municipio,municipio
3113909,0.0,0.0,0.0,municipio,municipio
3114006,0.0,0.0,2.0,municipio,municipio
3114105,0.0,0.0,0.0,municipio,municipio
3114204,0.0,1.0,4.0,municipio,municipio
3114303,0.0,0.0,2.0,municipio,municipio
3114402,0.0,0.0,2.0,municipio,municipio
3114501,0.0,0.0,1.0,municipio,municipio
3114550,0.0,0.0,3.0,municipio,municipio
3114600,0.0,0.0,0.0,municipio,municipio
3114709,0.0,0.0,0.0,municipio,municipio
3114808,0.0,0.0,0.0,municipio,municipio
3114907,0.0,0.0,0.0,municipio,municipio
3115003,0.0,0.0,0.0,municipio,municipio
3115102,0.0,0.0,1.0,municipio,municipio
3115201,0.0,0.0,0.0,municipio,municipio
3115300,1.0,4.0,25.0,municipio,municipio
3115359,0.0,0.0,0.0,municipio,municipio
3115409,0.0,0.0,0.0,municipio,municipio
3115458,0.0,0.0,1.0,municipio,municipio
3115474,0.0,0.0,1.0,municipio,municipio
3115508,0.0,0.0,1.0,municipio,municipio
3115607,0.0,0.0,0.0,municipio,municipio
3115706,0.0,0.0,1.0,municipio,municipio
3115805,0.0,1.0,5.0,municipio,municipio
3115904,0.0,0.0,0.0,municipio,municipio
3116001,0.0,0.0,0.0,municipio,municipio
3116100,0.0,0.0,2.0,municipio,municipio
3116159,0.0,0.0,1.0,municipio,municipio
3116209,0.0,0.0,0.0,municipio,municipio
3116308,0.0,0.0,0.0,municipio,municipio
3116407,0.0,0.0,0.0,municipio,municipio
3116506,0.0,0.0,1.0,municipio,municipio
3116605,0.0,1.0,3.0,municipio,municipio
3116704,0.0,0.0,0.0,municipio,municipio
3116803,0.0,0.0,0.0,municipio,municipio
3116902,0.0,0.0,1.0,municipio,municipio
3117009,0.0,0.0,1.0,municipio,municipio
3117108,0.0,0.0,0.0,municipio,municipio
3117207,0.0,0.0,0.0,municipio,municipio
3117306,0.0,2.0,7.300000000000068,municipio,municipio
3117405,0.0,0.0,0.0,municipio,municipio
3117504,0.0,0.0,3.0,municipio,municipio
3117603,0.0,0.0,2.0,municipio,municipio
3117702,0.0,0.0,0.0,municipio,municipio
3117801,0.0,0.0,0.0,municipio,municipio
3117836,0.0,0.0,0.0,municipio,municipio
3117876,0.0,0.0,1.0,municipio,municipio
3117900,0.0,0.0,0.0,municipio,municipio
3118007,0.0,1.0,3.0,municipio,municipio
3118106,0.0,0.0,0.0,municipio,municipio
3118205,0.0,1.0,7.0,municipio,municipio
3118304,0.0,2.0,7.300000000000068,municipio,municipio
3118403,1.0,3.0,13.0,municipio,municipio
3118502,0.0,0.0,0.0,municipio,municipio
3118601,21.0,57.0,174.60000000000014,municipio,municipio
3118700,0.0,0.0,0.0,municipio,municipio
3118809,0.0,0.0,1.0,municipio,municipio
3118908,0.0,0.0,1.0,municipio,municipio
3119005,0.0,0.0,0.0,municipio,municipio
3119104,0.0,3.0,13.0,municipio,municipio
3119203,0.0,0.0,1.0,municipio,municipio
3119302,0.0,1.0,5.0,municipio,municipio
3119401,7.0,24.0,69.0,municipio,municipio
3119500,0.0,0.0,0.0,municipio,municipio
3119609,0.0,0.0,0.0,municipio,municipio
3119708,0.0,0.0,0.0,municipio,municipio
3119807,0.0,0.0,0.0,municipio,municipio
3119906,0.0,0.0,0.0,municipio,municipio
3119955,0.0,0.0,1.0,municipio,municipio
3120003,0.0,0.0,0.0,municipio,municipio
3120102,0.0,0.0,0.0,municipio,municipio
3120151,0.0,0.0,1.0,municipio,municipio
3120201,0.0,0.0,0.0,municipio,municipio
3120300,0.0,0.0,0.0,municipio,municipio
3120409,0.0,0.0,0.0,municipio,municipio
3120508,0.0,0.0,0.0,municipio,municipio
3120607,0.0,0.0,0.0,municipio,municipio
3120706,0.0,0.0,0.0,municipio,municipio
3120805,0.0,0.0,1.0,municipio,municipio
3120839,0.0,0.0,1.0,municipio,municipio
3120870,0.0,0.0,0.0,municipio,municipio
3120904,2.0,7.0,33.30000000000007,municipio,municipio
3121001,0.0,0.0,0.0,municipio,municipio
3121100,0.0,0.0,0.0,municipio,municipio
3121209,0.0,0.0,1.0,municipio,municipio
3121258,0.0,1.0,6.0,municipio,municipio
3121308,0.0,0.0,0.0,municipio,municipio
3121407,0.0,0.0,0.0,municipio,municipio
3121506,0.0,0.0,0.0,municipio,municipio
3121605,0.0,0.0,4.0,municipio,municipio
3121704,0.0,0.0,0.0,municipio,municipio
3121803,0.0,0.0,1.0,municipio,municipio
3121902,0.0,0.0,0.0,municipio,municipio
3122009,0.0,0.0,0.0,municipio,municipio
3122108,0.0,0.0,1.0,municipio,municipio
3122207,0.0,0.0,0.0,municipio,municipio
3122306,3.0,12.0,85.50000000000034,municipio,municipio
3122355,0.0,0.0,0.0,municipio,municipio
3122405,0.0,0.0,1.0,municipio,municipio
3122454,0.0,0.0,0.0,municipio,municipio
3122470,0.0,0.0,1.0,municipio,municipio
3122504,0.0,0.0,1.0,municipio,municipio
3122603,0.0,0.0,0.0,municipio,municipio
3122702,0.0,0.0,0.0,municipio,municipio
3122801,0.0,0.0,0.0,municipio,municipio
3122900,0.0,0.0,2.0,municipio,municipio
3123007,0.0,0.0,0.0,municipio,municipio
3123106,0.0,0.0,0.0,municipio,municipio
3123205,0.0,2.0,10.0,municipio,municipio
3123304,0.0,0.0,0.0,municipio,municipio
3123403,0.0,0.0,1.0,municipio,municipio
3123502,0.0,0.0,0.0,municipio,municipio
3123528,0.0,0.0,0.0,municipio,municipio
3123601,0.0,0.0,2.0,municipio,municipio
3123700,0.0,0.0,3.0,municipio,municipio
3123809,0.0,0.0,1.0,municipio,municipio
3123858,0.0,0.0,0.0,municipio,municipio
3123908,0.0,0.0,1.0,municipio,municipio
3124005,0.0,0.0,0.0,municipio,municipio
3124104,1.0,4.0,16.0,municipio,municipio
3124203,0.0,0.0,1.0,municipio,municipio
3124302,0.0,1.0,6.0,municipio,municipio
3124401,0.0,0.0,0.0,municipio,municipio
3124500,0.0,0.0,0.0,municipio,municipio
3124609,0.0,0.0,0.0,municipio,municipio
3124708,0.0,0.0,1.0,municipio,municipio
3124807,0.0,0.0,0.0,municipio,municipio
3124906,0.0,0.0,1.0,municipio,municipio
3125002,0.0,0.0,0.0,municipio,municipio
3125101,0.0,0.0,1.0,municipio,municipio
3125200,0.0,0.0,0.0,municipio,municipio
3125309,0.0,0.0,0.0,municipio,municipio
3125408,0.0,0.0,0.0,municipio,municipio
3125507,0.0,0.0,0.0,municipio,municipio
3125606,0.0,0.0,1.0,municipio,municipio
3125705,0.0,2.0,8.0,municipio,municipio
3125804,0.0,0.0,1.0,municipio,municipio
3125903,0.0,0.0,1.0,municipio,municipio
3125952,0.0,0.0,0.0,municipio,municipio
3126000,0.0,0.0,1.0,municipio,municipio
3126109,2.0,5.75,22.0,municipio,municipio
3126208,0.0,0.0,0.0,municipio,municipio
3126307,0.0,0.0,0.0,municipio,municipio
3126406,0.0,0.0,1.0,municipio,municipio
3126505,0.0,0.0,1.0,municipio,municipio
3126604,0.0,0.0,1.0,municipio,municipio
3126703,0.0,1.0,4.300000000000068,municipio,municipio
3126752,0.0,0.0,1.0,municipio,municipio
3126802,0.0,0.0,1.0,municipio,municipio
3126901,0.0,0.0,1.0,municipio,municipio
3126950,0.0,0.0,0.0,municipio,municipio
3127008,0.0,3.0,12.0,municipio,municipio
3127057,0.0,0.0,0.0,municipio,municipio
3127073,0.0,0.0,0.0,municipio,municipio
3127107,2.0,7.0,28.300000000000068,municipio,municipio
3127206,0.0,0.0,1.0,municipio,municipio
3127305,0.0,0.0,2.0,municipio,municipio
3127339,0.0,0.0,1.0,municipio,municipio
3127354,0.0,0.0,1.0,municipio,municipio
3127370,0.0,0.0,0.0,municipio,municipio
3127388,0.0,0.0,0.0,municipio,municipio
3127404,0.0,0.0,0.0,municipio,municipio
3127503,0.0,0.0,0.0,municipio,municipio
3127602,0.0,0.0,1.0,municipio,municipio
3127701,11.0,35.0,98.0,municipio,municipio
3127800,0.0,0.0,0.0,municipio,municipio
3127909,0.0,0.0,0.0,municipio,municipio
3128006,0.0,1.0,3.0,municipio,municipio
3128105,0.0,0.0,1.0,municipio,municipio
3128204,0.0,0.0,0.0,municipio,municipio
3128253,0.0,0.0,1.0,municipio,municipio
3128303,0.0,0.0,3.0,municipio,municipio
3128402,0.0,0.0,3.0,municipio,municipio
3128501,0.0,0.0,1.0,municipio,municipio
3128600,0.0,0.0,1.0,municipio,municipio
3128709,0.0,1.0,6.0,municipio,municipio
3128808,0.0,0.0,4.0,municipio,municipio
3128907,0.0,0.0,1.0,municipio,municipio
3129004,0.0,0.0,1.0,municipio,municipio
3129103,0.0,1.0,3.0,municipio,municipio
3129202,0.0,0.0,0.0,municipio,municipio
3129301,0.0,0.0,1.0,municipio,municipio
3129400,0.0,0.0,0.0,municipio,municipio
3129509,0.0,1.0,6.0,municipio,municipio
3129608,0.0,0.0,1.0,municipio,municipio
3129657,0.0,0.0,0.0,municipio,municipio
3129707,0.0,0.0,1.0,municipio,municipio
3129806,2.0,7.0,28.0,municipio,municipio
3129905,0.0,0.0,0.0,municipio,municipio
3130002,0.0,0.0,0.0,municipio,municipio
3130051,0.0,0.0,1.0,municipio,municipio
3130101,0.0,2.0,14.0,municipio,municipio
3130200,0.0,1.0,4.0,municipio,municipio
3130309,0.0,0.0,3.0,municipio,municipio
3130408,0.0,0.0,1.0,municipio,municipio
3130507,0.0,0.0,1.0,municipio,municipio
3130556,0.0,0.0,0.0,municipio,municipio
3130606,0.0,0.0,0.0,municipio,municipio
3130655,0.0,0.0,0.0,municipio,municipio
3130705,0.0,0.0,1.0,municipio,municipio
3130804,0.0,0.0,0.0,municipio,municipio
3130903,0.0,0.0,2.0,municipio,municipio
3131000,0.0,0.75,2.0,municipio,municipio
3131109,0.0,1.0,2.0,municipio,municipio
3131158,0.0,1.0,5.0,municipio,municipio
3131208,0.0,1.0,5.300000000000068,municipio,municipio
3131307,13.0,37.0,97.0,municipio,municipio
3131406,0.0,0.0,3.0,municipio,municipio
3131505,0.0,0.0,0.0,municipio,municipio
3131604,0.0,0.0,0.0,municipio,municipio
3131703,2.0,9.0,23.0,municipio,municipio
3131802,0.0,0.0,1.0,municipio,municipio
3131901,0.0,1.0,3.0,municipio,municipio
3132008,0.0,0.0,0.0,municipio,municipio
3132107,0.0,0.0,3.0,municipio,municipio
3132206,0.0,0.0,2.0,municipio,municipio
3132305,0.0,0.0,0.0,municipio,municipio
3132404,0.0,1.0,4.0,municipio,municipio
3132503,0.0,0.0,1.0,municipio,municipio
3132602,0.0,0.0,0.0,municipio,municipio
3132701,0.0,3.0,16.0,municipio,municipio
3132800,0.0,0.0,0.0,municipio,municipio
3132909,0.0,0.0,1.0,municipio,municipio
3133006,0.0,0.0,1.0,municipio,municipio
3133105,0.0,0.0,0.0,municipio,municipio
3133204,0.0,0.0,1.0,municipio,municipio
3133303,0.0,1.0,4.0,municipio,municipio
3133402,0.0,2.0,8.0,municipio,municipio
3133501,0.0,1.0,4.0,municipio,municipio
3133600,0.0,0.0,0.0,municipio,municipio
3133709,0.0,0.0,2.0,municipio,municipio
3133758,0.0,1.0,3.0,municipio,municipio
3133808,0.0,2.0,13.0,municipio,municipio
3133907,0.0,0.0,0.0,municipio,municipio
3134004,0.0,0.0,2.0,municipio,municipio
3134103,0.0,1.0,4.0,municipio,municipio
3134202,5.0,27.0,73.0,municipio,municipio
3134301,0.0,0.0,0.0,municipio,municipio
3134400,1.0,3.0,14.0,municipio,municipio
3134509,0.0,0.0,0.0,municipio,municipio
3134608,0.0,1.0,3.0,municipio,municipio
3134707,0.0,0.0,1.0,municipio,municipio
3134806,0.0,0.0,0.0,municipio,municipio
3134905,0.0,0.0,1.0,municipio,municipio
3135001,0.0,0.0,1.0,municipio,municipio
3135050,0.0,0.0,2.300000000000068,municipio,municipio
3135076,0.0,0.0,1.0,municipio,municipio
3135100,1.0,4.0,20.300000000000068,municipio,municipio
3135209,0.0,2.0,6.300000000000068,municipio,municipio
3135308,0.0,0.0,1.0,municipio,municipio
3135357,0.0,0.0,1.0,municipio,municipio
3135407,0.0,0.0,0.0,municipio,municipio
3135456,0.0,0.0,0.0,municipio,municipio
3135506,0.0,0.0,1.0,municipio,municipio
3135605,0.0,0.0,2.0,municipio,municipio
3135704,0.0,0.0,1.0,municipio,municipio
3135803,0.0,0.0,2.0,municipio,municipio
3135902,0.0,0.0,0.0,municipio,municipio
3136009,0.0,0.0,1.0,municipio,municipio
3136108,0.0,0.0,1.0,municipio,municipio
3136207,1.0,3.0,10.0,municipio,municipio
3136306,0.0,2.0,15.0,municipio,municipio
3136405,0.0,0.0,0.0,municipio,municipio
3136504,0.0,0.0,1.0,municipio,municipio
3136520,0.0,0.0,0.0,municipio,municipio
3136553,0.0,0.0,0.0,municipio,municipio
3136579,0.0,0.0,0.0,municipio,municipio
3136603,0.0,0.0,1.0,municipio,municipio
3136652,0.0,1.0,5.0,municipio,municipio
3136702,3.0,10.0,69.50000000000034,municipio,municipio
3136801,0.0,0.0,0.0,municipio,municipio
3136900,0.0,0.0,0.0,municipio,municipio
3136959,0.0,0.0,1.0,municipio,municipio
3137007,0.0,0.0,0.0,municipio,municipio
3137106,0.0,0.0,1.0,municipio,municipio
3137205,1.0,4.0,25.0,municipio,municipio
3137304,0.0,0.0,0.0,municipio,municipio
3137403,0.0,0.0,0.0,municipio,municipio
3137502,0.0,1.0,4.0,municipio,municipio
3137536,0.0,0.0,2.0,municipio,municipio
3137601,0.5,3.0,16.0,municipio,municipio
3137700,0.0,0.0,2.0,municipio,municipio
3137809,0.0,0.0,0.0,municipio,municipio
3137908,0.0,0.0,0.0,municipio,municipio
3138005,0.0,0.0,0.0,municipio,municipio
3138104,0.0,0.0,3.0,municipio,municipio
3138203,0.0,2.0,11.0,municipio,municipio
3138302,0.0,0.0,1.0,municipio,municipio
3138351,0.0,0.0,0.0,municipio,municipio
3138401,1.0,3.0,13.300000000000068,municipio,municipio
3138500,0.0,0.0,0.0,municipio,municipio
3138609,0.0,0.0,1.0,municipio,municipio
3138625,0.0,1.0,4.0,municipio,municipio
3138658,0.0,0.0,0.3000000000000682,municipio,municipio
3138674,0.0,0.0,0.0,municipio,municipio
3138682,0.0,0.0,1.0,municipio,municipio
3138708,0.0,0.0,0.0,municipio,municipio
3138807,0.0,2.0,6.0,municipio,municipio
3138906,0.0,0.0,1.0,municipio,municipio
3139003,0.0,0.0,2.0,municipio,municipio
3139102,0.0,0.0,0.0,municipio,municipio
3139201,0.0,0.0,4.0,municipio,municipio
3139250,0.0,0.0,1.3000000000000682,municipio,municipio
3139300,0.0,0.0,3.0,municipio,municipio
3139409,1.0,4.0,13.0,municipio,municipio
3139508,0.0,0.0,2.0,municipio,municipio
3139607,0.0,2.0,11.300000000000068,municipio,municipio
3139706,0.0,0.0,2.0,municipio,municipio
3139805,0.0,1.0,2.0,municipio,municipio
3139904,0.0,0.0,0.0,municipio,municipio
3140001,0.0,1.0,3.0,municipio,municipio
3140100,0.0,0.0,2.0,municipio,municipio
3140159,0.0,1.0,4.0,municipio,municipio
3140209,0.0,0.0,0.0,municipio,municipio
3140308,0.0,0.0,1.0,municipio,municipio
3140407,0.0,0.0,0.0,municipio,municipio
3140506,0.0,2.0,9.0,municipio,municipio
3140530,0.0,0.0,0.0,municipio,municipio
3140555,0.0,0.0,0.0,municipio,municipio
3140605,0.0,0.0,0.0,municipio,municipio
3140704,0.0,2.0,10.0,municipio,municipio
3140803,0.0,0.0,3.0,municipio,municipio
3140852,0.0,0.0,1.0,municipio,municipio
3140902,0.0,0.0,0.0,municipio,municipio
3141009,0.0,0.0,3.0,municipio,municipio
3141108,0.0,2.0,10.0,municipio,municipio
3141207,0.0,0.0,0.0,municipio,municipio
3141306,0.0,0.0,0.0,municipio,municipio
3141405,0.0,0.0,4.0,municipio,municipio
3141504,0.0,0.0,0.0,municipio,municipio
3141603,0.0,0.0,0.0,municipio,municipio
3141702,0.0,0.0,1.0,municipio,municipio
3141801,0.0,0.0,2.0,municipio,municipio
3141900,0.0,0.0,0.0,municipio,municipio
3142007,0.0,0.0,3.0,municipio,municipio
3142106,0.0,0.0,1.0,municipio,municipio
3142205,0.0,0.0,2.0,municipio,municipio
3142254,0.0,0.0,0.0,municipio,municipio
3142304,0.0,0.0,1.0,municipio,municipio
3142403,0.0,0.0,2.0,municipio,municipio
3142502,0.0,0.0,1.0,municipio,municipio
3142601,0.0,0.0,0.0,municipio,municipio
3142700,0.0,3.0,10.0,municipio,municipio
3142809,0.0,1.0,5.0,municipio,municipio
3142908,0.0,1.0,4.0,municipio,municipio
3143005,0.0,0.0,0.0,municipio,municipio
3143104,0.0,3.0,11.300000000000068,municipio,municipio
3143153,0.0,0.0,0.0,municipio,municipio
3143203,0.0,0.0,2.0,municipio,municipio
3143302,5.0,21.0,74.30000000000007,municipio,municipio
3143401,0.0,0.0,1.0,municipio,municipio
3143450,0.0,0.0,0.0,municipio,municipio
3143500,0.0,1.0,4.0,municipio,municipio
3143609,0.0,0.0,0.0,municipio,municipio
3143708,0.0,0.0,0.0,municipio,municipio
3143807,0.0,0.0,0.0,municipio,municipio
3143906,1.0,6.0,32.30000000000007,municipio,municipio
3144003,0.0,1.0,9.0,municipio,municipio
3144102,0.0,0.0,0.0,municipio,municipio
3144201,0.0,0.0,0.0,municipio,municipio
3144300,0.0,1.0,8.0,municipio,municipio
3144359,0.0,0.0,1.0,municipio,municipio
3144375,0.0,0.0,1.0,municipio,municipio
3144409,0.0,0.0,0.0,municipio,municipio
3144508,0.0,0.0,0.0,municipio,municipio
3144607,0.0,1.0,2.0,municipio,municipio
3144656,0.0,0.0,0.0,municipio,municipio
3144672,0.0,0.0,0.0,municipio,municipio
3144706,0.0,0.0,2.0,municipio,municipio
3144805,1.0,5.0,12.0,municipio,municipio
3144904,0.0,0.0,0.0,municipio,municipio
3145000,0.0,1.0,2.0,municipio,municipio
3145059,0.0,0.0,2.0,municipio,municipio
3145109,0.0,0.0,0.0,municipio,municipio
3145208,1.0,7.0,37.0,municipio,municipio
3145307,0.0,1.0,2.0,municipio,municipio
3145356,0.0,0.0,1.0,municipio,municipio
3145372,0.0,0.0,0.0,municipio,municipio
3145406,0.0,0.0,0.0,municipio,municipio
3145455,0.0,0.0,0.0,municipio,municipio
3145505,0.0,0.0,0.0,municipio,municipio
3145604,0.0,1.0,4.0,municipio,municipio
3145703,0.0,0.0,0.0,municipio,municipio
3145802,0.0,0.0,0.0,municipio,municipio
3145851,0.0,0.0,0.0,municipio,municipio
3145877,0.0,0.0,0.0,municipio,municipio
3145901,0.0,1.0,2.0,municipio,municipio
3146008,0.0,0.0,0.0,municipio,municipio
3146107,0.0,1.0,2.0,municipio,municipio
3146206,0.0,0.0,1.0,municipio,municipio
3146255,0.0,0.0,1.0,municipio,municipio
3146305,0.0,1.0,4.0,municipio,municipio
3146404,0.0,0.0,1.0,municipio,municipio
3146503,0.0,1.0,4.0,municipio,municipio
3146552,0.0,0.0,0.0,municipio,municipio
3146602,0.0,0.0,0.0,municipio,municipio
3146701,0.0,0.0,0.0,municipio,municipio
3146750,0.0,0.0,0.0,municipio,municipio
3146909,0.0,1.0,7.0,municipio,municipio
3147006,1.0,8.0,37.30000000000007,municipio,municipio
3147105,1.0,5.0,28.0,municipio,municipio
3147204,0.0,0.0,1.0,municipio,municipio
3147303,0.0,0.0,0.3000000000000682,municipio,municipio
3147402,1.0,3.0,10.0,municipio,municipio
3147501,0.0,0.0,0.0,municipio,municipio
3147600,0.0,0.0,1.0,municipio,municipio
3147709,0.0,0.0,1.0,municipio,municipio
3147808,0.0,0.0,0.0,municipio,municipio
3147907,1.0,5.0,33.0,municipio,municipio
3147956,0.0,0.0,1.0,municipio,municipio
3148004,3.0,12.0,52.600000000000136,municipio,municipio
3148103,0.0,2.0,7.0,municipio,municipio
3148202,0.0,0.0,1.0,municipio,municipio
3148301,0.0,0.0,0.0,municipio,municipio
3148400,0.0,0.0,0.0,municipio,municipio
3148509,0.0,0.0,1.0,municipio,municipio
3148608,0.0,0.0,0.0,municipio,municipio
3148707,0.0,1.0,4.300000000000068,municipio,municipio
3148756,0.0,0.0,0.0,municipio,municipio
3148806,0.0,0.0,0.0,municipio,municipio
3148905,0.0,0.0,1.0,municipio,municipio
3149002,0.0,0.0,0.0,municipio,municipio
3149101,0.0,0.0,0.0,municipio,municipio
3149150,0.0,0.0,0.0,municipio,municipio
3149200,0.0,0.0,0.0,municipio,municipio
3149309,1.0,3.0,14.0,municipio,municipio
3149408,0.0,0.0,0.0,municipio,municipio
3149507,0.0,0.0,0.0,municipio,municipio
3149606,0.0,0.0,2.0,municipio,municipio
3149705,0.0,1.0,5.0,municipio,municipio
3149804,0.0,0.0,1.0,municipio,municipio
3149903,0.0,0.0,3.0,municipio,municipio
3149952,0.0,0.0,1.0,municipio,municipio
3150000,0.0,0.0,1.0,municipio,municipio
3150109,0.0,0.0,0.0,municipio,municipio
3150158,0.0,0.0,0.3000000000000682,municipio,municipio
3150208,0.0,0.0,0.0,municipio,municipio
3150307,0.0,0.0,0.0,municipio,municipio
3150406,0.0,0.0,0.0,municipio,municipio
3150505,0.0,0.0,2.0,municipio,municipio
3150539,0.0,0.0,2.0,municipio,municipio
3150570,0.0,0.0,0.0,municipio,municipio
3150604,0.0,0.0,0.0,municipio,municipio
3150703,0.0,1.0,4.0,municipio,municipio
3150802,0.0,0.0,0.0,municipio,municipio
3150901,0.0,0.0,0.0,municipio,municipio
3151008,0.0,0.0,0.0,municipio,municipio
3151107,0.0,0.0,2.0,municipio,municipio
3151206,1.0,3.0,12.0,municipio,municipio
3151305,0.0,0.0,3.0,municipio,municipio
3151404,0.0,1.0,5.0,municipio,municipio
3151503,0.0,2.0,8.0,municipio,municipio
3151602,0.0,1.0,5.300000000000068,municipio,municipio
3151701,0.0,0.0,0.0,municipio,municipio
3151800,0.0,1.0,4.0,municipio,municipio
3151909,0.0,0.0,0.0,municipio,municipio
3152006,0.0,3.0,17.0,municipio,municipio
3152105,0.0,2.0,13.0,municipio,municipio
3152131,0.0,0.0,0.0,municipio,municipio
3152170,0.0,0.0,2.0,municipio,municipio
3152204,0.0,1.0,7.0,municipio,municipio
3152303,0.0,0.0,0.0,municipio,municipio
3152402,0.0,0.0,2.0,municipio,municipio
3152501,0.0,1.0,4.0,municipio,municipio
3152600,0.0,0.0,0.0,municipio,municipio
3152709,0.0,0.0,0.0,municipio,municipio
3152808,0.0,1.0,6.0,municipio,municipio
3152907,0.0,0.0,2.0,municipio,municipio
3153004,0.0,0.0,0.0,municipio,municipio
3153103,0.0,0.0,0.0,municipio,municipio
3153202,0.0,0.0,1.0,municipio,municipio
3153301,0.0,0.0,0.0,municipio,municipio
3153400,0.0,0.0,3.0,municipio,municipio
3153509,0.0,0.0,0.0,municipio,municipio
3153608,0.0,0.0,2.0,municipio,municipio
3153707,0.0,0.0,1.0,municipio,municipio
3153806,0.0,0.0,0.0,municipio,municipio
3153905,0.0,0.0,1.0,municipio,municipio
3154002,0.0,0.0,5.300000000000068,municipio,municipio
3154101,0.0,1.0,6.0,municipio,municipio
3154150,0.0,0.0,0.0,municipio,municipio
3154200,0.0,0.0,0.0,municipio,municipio
3154309,0.0,2.0,12.0,municipio,municipio
3154408,0.0,0.0,0.0,municipio,municipio
3154457,0.0,0.0,0.0,municipio,municipio
3154507,0.0,0.0,0.0,municipio,municipio
3154606,6.0,19.0,65.0,municipio,municipio
3154705,0.0,0.0,0.0,municipio,municipio
3154804,0.0,0.0,1.0,municipio,municipio
3154903,0.0,0.0,3.300000000000068,municipio,municipio
3155009,0.0,0.0,0.0,municipio,municipio
3155108,0.0,0.0,1.0,municipio,municipio
3155207,0.0,0.0,0.0,municipio,municipio
3155306,0.0,0.0,1.0,municipio,municipio
3155405,0.0,0.0,2.0,municipio,municipio
3155504,0.0,0.0,2.0,municipio,municipio
3155603,0.0,0.0,0.0,municipio,municipio
3155702,0.0,0.0,1.0,municipio,municipio
3155801,0.0,1.0,6.0,municipio,municipio
3155900,0.0,0.0,0.0,municipio,municipio
3156007,0.0,0.0,0.0,municipio,municipio
3156106,0.0,0.0,0.0,municipio,municipio
3156205,0.0,0.0,0.0,municipio,municipio
3156304,0.0,0.0,2.0,municipio,municipio
3156403,0.0,0.0,0.0,municipio,municipio
3156452,0.0,0.0,0.0,municipio,municipio
3156502,0.0,0.0,1.0,municipio,municipio
3156601,0.0,0.0,1.0,municipio,municipio
3156700,3.0,10.0,34.30000000000007,municipio,municipio
3156809,0.0,0.0,0.0,municipio,municipio
3156908,1.0,4.0,14.0,municipio,municipio
3157005,0.0,1.0,5.0,municipio,municipio
3157104,0.0,0.0,1.0,municipio,municipio
3157203,0.0,1.0,4.0,municipio,municipio
3157252,0.0,0.0,0.0,municipio,municipio
3157278,0.0,0.0,0.0,municipio,municipio
3157302,0.0,0.0,0.0,municipio,municipio
3157336,0.0,0.0,1.0,municipio,municipio
3157377,0.0,0.0,0.0,municipio,municipio
3157401,0.0,0.0,0.0,municipio,municipio
3157500,0.0,0.0,0.0,municipio,municipio
3157609,0.0,0.0,0.0,municipio,municipio
3157658,0.0,0.0,0.0,municipio,municipio
3157708,0.0,0.0,2.0,municipio,municipio
3157807,3.0,12.0,43.0,municipio,municipio
3157906,0.0,0.0,1.0,municipio,municipio
3158003,0.0,0.0,1.0,municipio,municipio
3158102,0.0,0.0,0.0,municipio,municipio
3158201,0.0,0.0,1.0,municipio,municipio
3158300,0.0,0.0,0.0,municipio,municipio
3158409,0.0,0.0,0.0,municipio,municipio
3158508,0.0,0.0,1.0,municipio,municipio
3158607,0.0,0.0,0.0,municipio,municipio
3158706,0.0,0.0,0.0,municipio,municipio
3158805,0.0,0.0,0.0,municipio,municipio
3158904,0.0,0.0,0.0,municipio,municipio
3158953,0.0,3.0,8.0,municipio,municipio
3159001,0.0,0.0,1.0,municipio,municipio
3159100,0.0,0.0,0.0,municipio,municipio
3159209,0.0,0.0,0.0,municipio,municipio
3159308,0.0,0.0,0.0,municipio,municipio
3159357,0.0,0.0,0.0,municipio,municipio
3159407,0.0,0.0,0.0,municipio,municipio
3159506,0.0,0.0,0.0,municipio,municipio
3159605,0.0,0.0,1.0,municipio,municipio
3159704,0.0,0.0,0.0,municipio,municipio
3159803,0.0,3.0,10.0,municipio,municipio
3159902,0.0,0.0,1.0,municipio,municipio
3160009,0.0,0.0,0.0,municipio,municipio
3160108,0.0,0.0,0.0,municipio,municipio
3160207,0.0,0.0,0.0,municipio,municipio
3160306,0.0,0.0,0.0,municipio,municipio
3160405,0.0,1.0,7.0,municipio,municipio
3160454,0.0,0.0,0.0,municipio,municipio
3160504,0.0,0.0,0.0,municipio,municipio
3160603,0.0,0.0,0.0,municipio,municipio
3160702,0.0,0.0,1.0,municipio,municipio
3160801,0.0,0.0,0.0,municipio,municipio
3160900,0.0,0.0,0.0,municipio,municipio
3160959,0.0,0.0,0.0,municipio,municipio
3161007,0.0,1.0,2.0,municipio,municipio
3161056,0.0,0.0,0.0,municipio,municipio
3161106,1.0,3.0,10.0,municipio,municipio
3161205,0.0,0.0,0.0,municipio,municipio
3161304,0.0,1.0,3.0,municipio,municipio
3161403,0.0,0.0,0.0,municipio,municipio
3161502,0.0,0.0,2.0,municipio,municipio
3161601,0.0,0.0,1.0,municipio,municipio
3161650,0.0,0.0,0.0,municipio,municipio
3161700,0.0,0.0,1.0,municipio,municipio
3161809,0.0,1.0,6.0,municipio,municipio
3161908,0.0,0.0,2.0,municipio,municipio
3162005,0.0,1.0,2.300000000000068,municipio,municipio
3162104,0.0,1.0,4.0,municipio,municipio
3162203,0.0,0.0,2.0,municipio,municipio
3162252,0.0,0.0,1.0,municipio,municipio
3162302,0.0,0.0,0.0,municipio,municipio
3162401,0.0,0.0,2.0,municipio,municipio
3162450,0.0,0.0,0.0,municipio,municipio
3162500,0.0,2.0,7.0,municipio,municipio
3162559,0.0,0.0,0.0,municipio,municipio
3162575,0.0,0.0,1.0,municipio,municipio
3162609,0.0,0.0,1.0,municipio,municipio
3162658,0.0,0.0,0.0,municipio,municipio
3162708,0.0,0.0,0.0,municipio,municipio
3162807,0.0,0.0,0.0,municipio,municipio
3162906,0.0,1.0,5.0,municipio,municipio
3162922,0.0,1.0,8.0,municipio,municipio
3162948,0.0,0.0,0.0,municipio,municipio
3162955,0.0,1.0,3.0,municipio,municipio
3163003,0.0,0.0,1.0,municipio,municipio
3163102,0.0,0.0,1.0,municipio,municipio
3163201,0.0,0.0,0.0,municipio,municipio
3163300,0.0,0.0,1.0,municipio,municipio
3163409,0.0,0.0,2.0,municipio,municipio
3163508,0.0,0.0,0.0,municipio,municipio
3163607,0.0,0.0,0.0,municipio,municipio
3163706,0.0,0.0,1.0,municipio,municipio
3163805,0.0,0.0,0.0,municipio,municipio
3163904,0.0,0.0,1.0,municipio,municipio
3164001,0.0,0.0,2.0,municipio,municipio
3164100,0.0,0.0,0.0,municipio,municipio
3164209,0.0,0.0,1.0,municipio,municipio
3164308,0.0,0.0,0.0,municipio,municipio
3164407,0.0,0.0,0.0,municipio,municipio
3164431,0.0,0.0,0.0,municipio,municipio
3164472,0.0,0.0,0.0,municipio,municipio
3164506,0.0,0.0,0.0,municipio,municipio
3164605,0.0,0.0,2.0,municipio,municipio
3164704,1.0,2.0,8.0,municipio,municipio
3164803,0.0,0.0,0.0,municipio,municipio
3164902,0.0,0.0,0.0,municipio,municipio
3165008,0.0,0.0,0.0,municipio,municipio
3165107,0.0,0.0,1.0,municipio,municipio
3165206,0.0,0.0,0.0,municipio,municipio
3165305,0.0,0.0,0.0,municipio,municipio
3165404,0.0,0.0,0.0,municipio,municipio
3165503,0.0,0.0,0.0,municipio,municipio
3165537,0.0,3.0,9.0,municipio,municipio
3165552,0.0,0.0,0.0,municipio,municipio
3165560,0.0,0.0,0.0,municipio,municipio
3165578,0.0,0.0,0.0,municipio,municipio
3165602,0.0,0.0,0.0,municipio,municipio
3165701,0.0,0.0,0.0,municipio,municipio
3165800,0.0,0.0,0.0,municipio,municipio
3165909,0.0,0.0,0.0,municipio,municipio
3166006,0.0,0.0,0.0,municipio,municipio
3166105,0.0,0.0,0.0,municipio,municipio
3166204,0.0,0.0,0.0,municipio,municipio
3166303,0.0,0.0,0.0,municipio,municipio
3166402,0.0,0.0,0.0,municipio,municipio
3166501,0.0,0.0,0.0,municipio,municipio
3166600,0.0,0.0,0.0,municipio,municipio
3166709,0.0,1.0,3.0,municipio,municipio
3166808,0.0,0.0,1.0,municipio,municipio
3166907,0.0,0.0,0.0,municipio,municipio
3166956,0.0,0.0,0.0,municipio,municipio
3167004,0.0,0.0,0.0,municipio,municipio
3167103,0.0,0.0,1.0,municipio,municipio
3167202,5.0,17.0,90.20000000000027,municipio,municipio
3167301,0.0,0.0,0.0,municipio,municipio
3167400,0.0,0.0,0.0,municipio,municipio
3167509,0.0,0.0,0.0,municipio,municipio
3167608,0.0,0.0,1.0,municipio,municipio
3167707,0.0,0.0,1.0,municipio,municipio
3167806,0.0,0.0,0.0,municipio,municipio
3167905,0.0,0.0,0.0,municipio,municipio
3168002,0.0,0.0,2.0,municipio,municipio
3168051,0.0,0.0,0.0,municipio,municipio
3168101,0.0,0.0,0.0,municipio,municipio
3168200,0.0,0.0,0.0,municipio,municipio
3168309,0.0,0.0,0.0,municipio,municipio
3168408,0.0,0.0,2.0,municipio,municipio
3168507,0.0,0.0,0.0,municipio,municipio
3168606,4.0,20.0,64.0,municipio,municipio
3168705,4.0,18.0,51.0,municipio,municipio
3168804,0.0,0.0,0.0,municipio,municipio
3168903,0.0,0.0,1.0,municipio,municipio
3169000,0.0,1.0,7.0,municipio,municipio
3169059,0.0,0.0,0.0,municipio,municipio
3169109,0.0,0.0,0.0,municipio,municipio
3169208,0.0,0.0,2.0,municipio,municipio
3169307,0.0,1.0,6.0,municipio,municipio
3169356,0.0,2.0,11.0,municipio,municipio
3169406,0.0,2.0,6.0,municipio,municipio
3169505,0.0,0.0,1.0,municipio,municipio
3169604,0.0,1.0,6.0,municipio,municipio
3169703,0.0,1.0,6.0,municipio,municipio
3169802,0.0,0.0,0.0,municipio,municipio
3169901,2.0,10.0,46.30000000000007,municipio,municipio
3170008,0.0,0.0,1.0,municipio,municipio
3170057,0.0,0.0,1.0,municipio,municipio
3170107,23.0,69.0,167.30000000000007,municipio,municipio
3170206,29.0,80.0,234.9000000000002,municipio,municipio
3170305,0.0,0.0,0.0,municipio,municipio
3170404,2.0,11.0,87.30000000000007,municipio,municipio
3170438,0.0,0.0,2.0,municipio,municipio
3170479,0.0,0.0,1.0,municipio,municipio
3170503,0.0,0.0,1.0,municipio,municipio
3170529,0.0,0.0,0.0,municipio,municipio
3170578,0.0,0.0,1.0,municipio,municipio
3170602,0.0,0.0,0.0,municipio,municipio
3170651,0.0,0.0,0.0,municipio,municipio
3170701,1.0,10.0,27.0,municipio,municipio
3170750,0.0,0.0,0.0,municipio,municipio
3170800,1.0,3.0,15.0,municipio,municipio
3170909,0.0,0.0,3.0,municipio,municipio
3171006,0.0,1.0,4.0,municipio,municipio
3171030,0.0,0.0,0.0,municipio,municipio
3171071,0.0,0.0,0.0,municipio,municipio
3171105,0.0,0.0,2.0,municipio,municipio
3171154,0.0,0.0,0.0,municipio,municipio
3171204,2.0,7.0,23.0,municipio,municipio
3171303,0.0,2.0,6.0,municipio,municipio
3171402,0.0,0.0,0.0,municipio,municipio
3171501,0.0,0.0,1.0,municipio,municipio
3171600,0.0,0.0,1.0,municipio,municipio
3171709,0.0,0.0,0.0,municipio,municipio
3171808,0.0,0.0,0.0,municipio,municipio
3171907,0.0,0.0,1.0,municipio,municipio
3172004,1.0,6.0,33.0,municipio,municipio
3172103,0.0,0.0,0.0,municipio,municipio
3172202,0.0,0.0,0.0,municipio,municipio
3200102,0.0,2.0,4.0,municipio,municipio
3200136,0.0,0.0,1.0,municipio,municipio
3200169,0.0,0.0,1.0,municipio,municipio
3200201,1.0,3.0,12.0,municipio,municipio
3200300,0.0,2.0,5.0,municipio,municipio
3200359,0.0,0.0,1.0,municipio,municipio
3200409,1.0,4.0,11.0,municipio,municipio
3200508,0.0,1.0,3.0,municipio,municipio
3200607,3.0,13.0,42.0,municipio,municipio
3200706,0.0,1.0,3.0,municipio,municipio
3200805,1.0,5.0,14.0,municipio,municipio
3200904,1.0,3.0,10.0,municipio,municipio
3201001,0.0,1.0,3.0,municipio,municipio
3201100,0.0,1.0,7.0,municipio,municipio
3201159,0.0,0.0,0.0,municipio,municipio
3201209,10.0,33.75,160.30000000000007,municipio,municipio
3201308,21.0,54.0,118.30000000000007,municipio,municipio
3201407,0.0,1.0,5.0,municipio,municipio
3201506,5.0,18.0,56.30000000000007,municipio,municipio
3201605,1.0,4.0,11.0,municipio,municipio
3201704,0.0,0.0,1.0,municipio,municipio
3201803,0.0,0.0,0.0,municipio,municipio
3201902,0.0,1.0,3.0,municipio,municipio
3202009,0.0,0.0,0.0,municipio,municipio
3202108,0.0,1.0,6.0,municipio,municipio
3202207,0.0,1.0,4.0,municipio,municipio
3202256,0.0,0.0,1.0,municipio,municipio
3202306,0.0,1.0,4.0,municipio,municipio
3202405,7.0,22.0,52.30000000000007,municipio,municipio
3202454,0.0,0.0,2.0,municipio,municipio
3202504,0.0,1.0,3.0,municipio,municipio
3202553,0.0,0.0,0.0,municipio,municipio
3202603,0.0,1.0,3.0,municipio,municipio
3202652,0.0,0.0,0.0,municipio,municipio
3202702,0.0,1.0,3.0,municipio,municipio
3202801,1.0,2.0,7.0,municipio,municipio
3202900,0.0,0.0,2.0,municipio,municipio
3203007,0.0,0.0,1.0,municipio,municipio
3203056,0.0,2.0,5.0,municipio,municipio
3203106,0.0,1.0,2.0,municipio,municipio
3203130,0.0,1.0,3.0,municipio,municipio
3203163,0.0,1.0,2.0,municipio,municipio
3203205,8.0,26.75,60.0,municipio,municipio
3203304,0.0,1.0,3.0,municipio,municipio
3203320,1.0,3.0,10.0,municipio,municipio
3203346,0.0,1.0,2.0,municipio,municipio
3203353,0.0,1.0,2.0,municipio,municipio
3203403,0.0,2.0,5.0,municipio,municipio
3203502,0.0,3.0,7.0,municipio,municipio
3203601,0.0,1.0,2.0,municipio,municipio
3203700,0.0,0.0,1.0,municipio,municipio
3203809,0.0,1.0,5.0,municipio,municipio
3203908,5.0,13.0,34.0,municipio,municipio
3204005,0.0,0.0,2.0,municipio,municipio
3204054,1.0,5.0,17.0,municipio,municipio
3204104,1.0,3.0,10.0,municipio,municipio
3204203,1.0,5.0,14.0,municipio,municipio
3204252,0.0,1.0,6.0,municipio,municipio
3204302,0.0,0.0,2.0,municipio,municipio
3204351,0.0,1.0,2.0,municipio,municipio
3204401,0.0,1.0,2.0,municipio,municipio
3204500,0.0,0.0,1.0,municipio,municipio
3204559,0.0,1.0,2.0,municipio,municipio
3204609,0.0,1.0,3.0,municipio,municipio
3204658,0.0,0.0,1.0,municipio,municipio
3204708,1.0,5.0,14.0,municipio,municipio
3204807,0.0,0.0,1.0,municipio,municipio
3204906,5.0,15.0,43.0,municipio,municipio
3204955,0.0,1.0,2.0,municipio,municipio
3205002,32.5,88.0,213.30000000000007,municipio,municipio
3205010,1.0,4.0,14.0,municipio,municipio
3205036,0.0,1.0,2.0,municipio,municipio
3205069,0.0,1.0,2.0,municipio,municipio
3205101,8.0,26.0,48.0,municipio,municipio
3205150,0.0,1.0,2.0,municipio,municipio
3205176,0.0,1.0,2.0,municipio,municipio
3205200,23.5,67.75,176.30000000000007,municipio,municipio
3205309,42.0,91.0,255.50000000000034,municipio,municipio
3300100,6.0,21.0,100.0,municipio,municipio
3300159,0.0,0.0,1.0,municipio,municipio
3300209,1.0,6.0,23.0,municipio,municipio
3300225,0.0,0.0,1.0,municipio,municipio
3300233,0.0,1.0,6.300000000000068,municipio,municipio
3300258,0.0,1.0,4.0,municipio,municipio
3300308,1.0,6.0,30.0,municipio,municipio
3300407,1.0,6.0,28.300000000000068,municipio,municipio
3300456,5.0,16.0,50.0,municipio,municipio
3300506,0.0,0.0,1.0,municipio,municipio
3300605,0.0,3.0,20.300000000000068,municipio,municipio
3300704,2.0,10.0,49.30000000000007,municipio,municipio
3300803,0.0,1.0,6.300000000000068,municipio,municipio
3300902,0.0,0.0,2.0,municipio,municipio
3300936,0.0,0.0,3.0,municipio,municipio
3300951,0.0,0.0,0.0,municipio,municipio
3301009,9.0,55.75,151.0,municipio,municipio
3301108,0.0,0.0,4.0,municipio,municipio
3301157,0.0,1.0,3.0,municipio,municipio
3301207,0.0,1.0,3.0,municipio,municipio
3301306,0.0,3.0,8.0,municipio,municipio
3301405,0.0,0.0,2.0,municipio,municipio
3301504,0.0,1.0,5.0,municipio,municipio
3301603,0.0,0.0,0.0,municipio,municipio
3301702,7.0,21.75,75.30000000000007,municipio,municipio
3301801,0.0,0.0,1.0,municipio,municipio
3301850,0.0,1.0,4.0,municipio,municipio
3301876,0.0,2.0,8.0,municipio,municipio
3301900,8.0,29.0,91.30000000000007,municipio,municipio
3302007,1.0,5.0,19.300000000000068,municipio,municipio
3302056,0.0,1.0,5.0,municipio,municipio
3302106,0.0,0.0,3.0,municipio,municipio
3302205,2.0,12.0,48.0,municipio,municipio
3302254,0.0,2.0,7.0,municipio,municipio
3302270,0.0,2.0,8.0,municipio,municipio
3302304,0.0,0.0,1.0,municipio,municipio
3302403,2.0,11.0,37.0,municipio,municipio
3302452,0.0,0.0,1.0,municipio,municipio
3302502,3.0,10.0,36.0,municipio,municipio
3302601,0.0,3.0,10.0,municipio,municipio
3302700,1.5,8.0,30.0,municipio,municipio
3302809,0.0,1.0,5.0,municipio,municipio
3302858,1.0,4.0,20.0,municipio,municipio
3302908,0.0,0.0,1.0,municipio,municipio
3303005,0.0,0.0,2.0,municipio,municipio
3303104,0.0,1.0,7.0,municipio,municipio
3303203,0.0,2.0,8.0,municipio,municipio
3303302,11.0,38.0,176.30000000000007,municipio,municipio
3303401,1.0,6.0,22.0,municipio,municipio
3303500,7.0,22.0,95.60000000000014,municipio,municipio
3303609,0.0,2.0,10.0,municipio,municipio
3303708,0.0,0.0,3.0,municipio,municipio
3303807,0.0,3.0,11.0,municipio,municipio
3303856,0.0,0.0,2.0,municipio,municipio
3303906,1.0,2.0,8.0,municipio,municipio
3303955,0.0,1.0,8.0,municipio,municipio
3304003,1.0,3.0,8.0,municipio,municipio
3304102,0.0,2.0,8.0,municipio,municipio
3304110,0.0,0.0,2.0,municipio,municipio
3304128,0.0,0.0,2.0,municipio,municipio
3304144,0.0,2.0,9.0,municipio,municipio
3304151,0.0,1.0,4.0,municipio,municipio
3304201,3.0,11.0,46.30000000000007,municipio,municipio
3304300,0.0,3.0,14.0,municipio,municipio
3304409,0.0,0.0,1.0,municipio,municipio
3304508,0.0,0.0,1.0,municipio,municipio
3304524,2.0,7.0,28.0,municipio,municipio
3304557,92.0,333.5,1439.3000000000006,municipio,municipio
3304607,0.0,0.0,0.0,municipio,municipio
3304706,0.0,2.0,19.0,municipio,municipio
3304755,0.0,3.0,9.0,municipio,municipio
3304805,0.0,3.0,10.0,municipio,municipio
3304904,13.0,54.0,231.20000000000027,municipio,municipio
3305000,0.0,1.0,5.0,municipio,municipio
3305109,5.0,17.75,51.30000000000007,municipio,municipio
3305133,0.0,0.0,1.0,municipio,municipio
3305158,0.0,0.0,1.0,municipio,municipio
3305208,1.0,4.0,21.300000000000068,municipio,municipio
3305307,0.0,0.0,0.0,municipio,municipio
3305406,0.0,0.0,2.0,municipio,municipio
3305505,1.0,11.0,29.0,municipio,municipio
3305554,1.0,3.0,9.0,municipio,municipio
3305604,0.0,0.0,3.300000000000068,municipio,municipio
3305703,0.0,0.0,0.0,municipio,municipio
3305752,0.0,2.0,10.0,municipio,municipio
3305802,0.0,1.0,2.0,municipio,municipio
3305901,0.0,0.0,0.0,municipio,municipio
3306008,0.0,1.0,5.300000000000068,municipio,municipio
3306107,1.0,6.0,25.0,municipio,municipio
3306156,0.0,0.0,0.0,municipio,municipio
3306206,0.0,2.0,11.0,municipio,municipio
3306305,4.0,16.0,72.60000000000014,municipio,municipio
3500105,1.0,4.0,15.300000000000068,municipio,municipio
3500204,0.0,0.0,3.0,municipio,municipio
3500303,0.0,2.0,7.0,municipio,municipio
3500402,0.0,0.0,1.0,municipio,municipio
3500501,0.0,0.0,1.0,municipio,municipio
3500550,0.0,0.0,1.0,municipio,municipio
3500600,0.0,0.0,1.0,municipio,municipio
3500709,0.0,2.0,6.300000000000068,municipio,municipio
3500758,0.0,0.0,0.0,municipio,municipio
3500808,0.0,0.0,2.0,municipio,municipio
3500907,0.0,0.0,2.0,municipio,municipio
3501004,0.0,0.0,1.0,municipio,municipio
3501103,0.0,0.0,1.0,municipio,municipio
3501152,0.0,1.0,2.0,municipio,municipio
3501202,0.0,1.0,2.0,municipio,municipio
3501301,0.0,2.0,8.0,municipio,municipio
3501400,0.0,0.0,1.0,municipio,municipio
3501509,0.0,0.0,1.0,municipio,municipio
3501608,4.0,13.0,58.30000000000007,municipio,municipio
3501707,1.0,3.0,11.0,municipio,municipio
3501806,0.0,1.0,3.0,municipio,municipio
3501905,1.0,3.0,8.0,municipio,municipio
3502002,0.0,0.0,0.0,municipio,municipio
3502101,6.0,18.0,56.0,municipio,municipio
3502200,0.0,0.0,1.0,municipio,municipio
3502309,0.0,0.0,1.0,municipio,municipio
3502408,0.0,0.0,1.0,municipio,municipio
3502507,0.0,2.0,8.0,municipio,municipio
3502606,0.0,0.0,3.0,municipio,municipio
3502705,0.0,0.0,0.0,municipio,municipio
3502754,0.0,0.0,2.0,municipio,municipio
3502804,13.0,54.75,136.60000000000014,municipio,municipio
3502903,0.0,2.0,4.0,municipio,municipio
3503000,0.0,0.0,2.300000000000068,municipio,municipio
3503109,0.0,0.0,0.0,municipio,municipio
3503158,0.0,0.0,0.0,municipio,municipio
3503208,9.0,24.0,81.0,municipio,municipio
3503307,2.0,6.0,26.0,municipio,municipio
3503356,0.0,0.0,1.0,municipio,municipio
3503406,0.0,0.0,1.0,municipio,municipio
3503505,0.0,0.0,0.0,municipio,municipio
3503604,0.0,0.0,1.0,municipio,municipio
3503703,0.0,0.0,2.300000000000068,municipio,municipio
3503802,0.0,2.0,8.0,municipio,municipio
3503901,0.0,2.0,9.0,municipio,municipio
3503950,0.0,0.0,1.0,municipio,municipio
3504008,3.0,9.0,36.30000000000007,municipio,municipio
3504107,1.0,3.0,9.0,municipio,municipio
3504206,0.0,1.0,5.0,municipio,municipio
3504305,0.0,0.0,1.0,municipio,municipio
3504404,0.0,0.0,2.0,municipio,municipio
3504503,0.0,1.0,2.0,municipio,municipio
3504602,1.0,3.0,13.0,municipio,municipio
3504701,0.0,0.0,0.3000000000000682,municipio,municipio
3504800,0.0,1.0,6.0,municipio,municipio
3504909,0.0,0.0,1.0,municipio,municipio
3505005,0.0,0.0,0.0,municipio,municipio
3505104,0.0,1.0,4.0,municipio,municipio
3505203,0.0,1.0,4.0,municipio,municipio
3505302,0.0,1.0,3.0,municipio,municipio
3505351,0.0,0.0,0.0,municipio,municipio
3505401,0.0,0.0,0.0,municipio,municipio
3505500,5.0,14.0,64.0,municipio,municipio
3505609,1.0,3.0,12.0,municipio,municipio
3505708,3.0,9.0,29.0,municipio,municipio
3505807,0.0,2.0,6.0,municipio,municipio
3505906,1.0,2.0,10.0,municipio,municipio
3506003,9.0,23.0,117.0,municipio,municipio
3506102,3.0,11.0,37.30000000000007,municipio,municipio
3506201,0.0,0.0,1.0,municipio,municipio
3506300,0.0,0.0,0.0,municipio,municipio
3506359,1.0,6.0,22.0,municipio,municipio
3506409,0.0,1.0,5.0,municipio,municipio
3506508,8.0,22.0,80.60000000000014,municipio,municipio
3506607,0.0,0.0,1.0,municipio,municipio
3506706,0.0,1.0,4.0,municipio,municipio
3506805,0.0,0.0,1.0,municipio,municipio
3506904,0.0,0.0,1.0,municipio,municipio
3507001,1.0,2.0,6.0,municipio,municipio
3507100,0.0,0.0,1.0,municipio,municipio
3507159,0.0,0.0,0.0,municipio,municipio
3507209,0.0,0.0,0.0,municipio,municipio
3507308,0.0,0.0,1.0,municipio,municipio
3507407,1.0,3.0,9.0,municipio,municipio
3507456,0.0,0.0,0.0,municipio,municipio
3507506,1.0,3.0,7.0,municipio,municipio
3507605,1.0,3.0,8.0,municipio,municipio
3507704,0.0,1.0,2.0,municipio,municipio
3507753,0.0,0.0,1.0,municipio,municipio
3507803,0.0,2.0,8.0,municipio,municipio
3507902,0.0,1.0,5.0,municipio,municipio
3508009,0.0,0.0,1.0,municipio,municipio
3508108,1.0,4.0,19.0,municipio,municipio
3508207,0.0,0.0,1.0,municipio,municipio
3508306,0.0,0.0,0.0,municipio,municipio
3508405,0.0,1.0,3.300000000000068,municipio,municipio
3508504,1.0,3.0,12.0,municipio,municipio
3508603,0.0,2.0,8.0,municipio,municipio
3508702,0.0,0.0,1.0,municipio,municipio
3508801,0.0,1.0,2.0,municipio,municipio
3508900,0.0,0.0,0.0,municipio,municipio
3509007,0.0,1.0,4.0,municipio,municipio
3509106,0.0,0.0,2.0,municipio,municipio
3509205,0.0,1.0,5.0,municipio,municipio
3509254,0.0,0.0,3.0,municipio,municipio
3509304,0.0,1.0,5.0,municipio,municipio
3509403,0.0,1.0,3.0,municipio,municipio
3509452,0.0,0.0,0.0,municipio,municipio
3509502,55.0,119.75,402.7000000000013,municipio,municipio
3509601,0.0,1.0,4.0,municipio,municipio
3509700,0.0,0.0,1.0,municipio,municipio
3509809,0.0,0.0,1.0,municipio,municipio
3509908,0.0,0.0,1.0,municipio,municipio
3509957,0.0,0.0,1.0,municipio,municipio
3510005,1.0,3.0,8.300000000000068,municipio,municipio
3510104,0.0,0.0,1.0,municipio,municipio
3510153,0.0,0.0,0.0,municipio,municipio
3510203,0.0,1.0,3.0,municipio,municipio
3510302,0.0,0.0,2.0,municipio,municipio
3510401,0.0,1.0,5.300000000000068,municipio,municipio
3510500,7.0,24.0,100.20000000000027,municipio,municipio
3510609,2.0,6.75,25.0,municipio,municipio
3510708,0.0,1.0,5.0,municipio,municipio
3510807,0.0,1.0,6.300000000000068,municipio,municipio
3510906,0.0,0.0,0.0,municipio,municipio
3511003,2.0,6.0,25.0,municipio,municipio
3511102,6.0,17.0,58.600000000000136,municipio,municipio
3511201,0.0,1.0,2.0,municipio,municipio
3511300,0.0,2.0,7.300000000000068,municipio,municipio
3511409,0.0,0.0,1.0,municipio,municipio
3511508,0.0,1.0,2.0,municipio,municipio
3511607,0.0,0.0,1.0,municipio,municipio
3511706,0.0,1.0,3.0,municipio,municipio
3511904,0.0,0.0,2.0,municipio,municipio
3512001,1.0,2.0,7.0,municipio,municipio
3512100,0.0,1.0,3.0,municipio,municipio
3512209,0.0,1.0,6.0,municipio,municipio
3512308,0.0,0.0,2.0,municipio,municipio
3512407,0.0,2.0,7.0,municipio,municipio
3512506,0.0,1.0,5.0,municipio,municipio
3512605,0.0,0.0,0.0,municipio,municipio
3512704,0.0,0.0,1.0,municipio,municipio
3512803,1.0,3.0,8.300000000000068,municipio,municipio
3512902,0.0,1.0,2.0,municipio,municipio
3513009,1.0,3.0,11.0,municipio,municipio
3513108,1.0,2.0,9.0,municipio,municipio
3513207,0.0,0.0,1.0,municipio,municipio
3513306,0.0,0.0,0.0,municipio,municipio
3513405,1.0,4.0,20.0,municipio,municipio
3513504,4.0,14.0,45.900000000000205,municipio,municipio
3513603,0.0,0.0,0.0,municipio,municipio
3513702,1.0,2.0,5.0,municipio,municipio
3513801,3.0,9.0,25.0,municipio,municipio
3513850,0.0,0.0,1.0,municipio,municipio
3513900,0.0,0.0,0.0,municipio,municipio
3514007,0.0,1.0,3.0,municipio,municipio
3514106,0.0,1.0,2.0,municipio,municipio
3514205,0.0,0.0,1.0,municipio,municipio
3514304,0.0,0.0,1.0,municipio,municipio
3514403,1.0,4.0,15.0,municipio,municipio
3514502,0.0,0.0,1.0,municipio,municipio
3514601,0.0,1.0,5.0,municipio,municipio
3514700,0.0,0.0,1.0,municipio,municipio
3514809,0.0,0.0,1.0,municipio,municipio
3514908,0.0,0.0,1.0,municipio,municipio
3514924,0.0,0.0,1.0,municipio,municipio
3514957,0.0,0.0,1.0,municipio,municipio
3515004,1.0,4.0,17.0,municipio,municipio
3515103,0.0,1.0,2.0,municipio,municipio
3515129,0.0,0.0,1.0,municipio,municipio
3515152,0.0,1.0,5.0,municipio,municipio
3515186,0.0,2.0,6.0,municipio,municipio
3515194,0.0,0.0,1.0,municipio,municipio
3515202,0.0,3.0,10.0,municipio,municipio
3515301,0.0,0.0,1.0,municipio,municipio
3515350,0.0,1.0,3.0,municipio,municipio
3515400,0.0,0.0,1.0,municipio,municipio
3515509,4.0,11.0,47.0,municipio,municipio
3515608,0.0,0.0,2.0,municipio,municipio
3515657,0.0,0.0,0.0,municipio,municipio
3515707,0.0,2.0,5.0,municipio,municipio
3515806,0.0,0.0,0.0,municipio,municipio
3515905,0.0,0.0,1.0,municipio,municipio
3516002,0.0,1.0,6.0,municipio,municipio
3516101,0.0,0.0,0.0,municipio,municipio
3516200,2.0,9.0,44.30000000000007,municipio,municipio
3516309,0.0,2.0,12.0,municipio,municipio
3516408,1.0,3.0,9.0,municipio,municipio
3516507,0.0,0.0,1.0,municipio,municipio
3516606,0.0,0.0,1.0,municipio,municipio
3516705,1.0,3.0,7.300000000000068,municipio,municipio
3516804,0.0,0.0,2.0,municipio,municipio
3516853,0.0,0.0,1.0,municipio,municipio
3516903,0.0,1.0,4.0,municipio,municipio
3517000,0.0,1.0,2.0,municipio,municipio
3517109,0.0,1.0,3.0,municipio,municipio
3517208,0.0,1.0,4.0,municipio,municipio
3517307,0.0,0.0,2.0,municipio,municipio
3517406,3.0,10.0,32.30000000000007,municipio,municipio
3517505,1.0,3.0,8.0,municipio,municipio
3517604,0.0,0.0,0.0,municipio,municipio
3517703,0.0,1.0,6.0,municipio,municipio
3517802,1.0,3.0,9.0,municipio,municipio
3517901,0.0,1.0,3.0,municipio,municipio
3518008,0.0,0.0,1.0,municipio,municipio
3518107,0.0,0.0,1.0,municipio,municipio
3518206,1.0,5.0,22.0,municipio,municipio
3518305,0.0,1.0,3.0,municipio,municipio
3518404,1.0,5.0,25.300000000000068,municipio,municipio
3518503,0.0,0.0,0.0,municipio,municipio
3518602,1.0,2.0,5.0,municipio,municipio
3518701,5.0,16.0,59.900000000000205,municipio,municipio
3518800,13.0,41.0,134.30000000000007,municipio,municipio
3518859,0.0,0.0,2.0,municipio,municipio
3518909,0.0,0.0,1.0,municipio,municipio
3519006,0.0,1.0,3.0,municipio,municipio
3519055,0.0,0.0,2.0,municipio,municipio
3519071,9.0,33.0,115.30000000000007,municipio,municipio
3519105,0.0,0.0,2.0,municipio,municipio
3519204,0.0,0.0,1.0,municipio,municipio
3519253,0.0,0.0,0.0,municipio,municipio
3519303,0.0,1.0,4.300000000000068,municipio,municipio
3519402,0.0,2.0,11.0,municipio,municipio
3519501,0.0,0.0,2.0,municipio,municipio
3519600,2.0,6.0,21.300000000000068,municipio,municipio
3519709,0.0,1.0,2.0,municipio,municipio
3519808,0.0,1.0,4.0,municipio,municipio
3519907,0.0,0.0,2.0,municipio,municipio
3520004,0.0,1.0,2.0,municipio,municipio
3520103,0.0,2.0,11.0,municipio,municipio
3520202,0.0,0.0,1.0,municipio,municipio
3520301,0.0,1.0,2.0,municipio,municipio
3520400,5.0,14.0,44.30000000000007,municipio,municipio
3520426,0.0,0.0,1.0,municipio,municipio
3520442,1.0,4.0,19.0,municipio,municipio
3520509,1.0,5.0,14.0,municipio,municipio
3520608,0.0,0.0,1.0,municipio,municipio
3520707,0.0,1.0,3.0,municipio,municipio
3520806,0.0,0.0,2.0,municipio,municipio
3520905,0.0,0.0,1.0,municipio,municipio
3521002,0.0,3.0,11.0,municipio,municipio
3521101,0.0,0.0,1.0,municipio,municipio
3521150,0.0,1.0,5.0,municipio,municipio
3521200,0.0,0.0,0.0,municipio,municipio
3521309,0.0,0.0,3.0,municipio,municipio
3521408,0.0,2.0,6.0,municipio,municipio
3521507,0.0,0.0,2.0,municipio,municipio
3521606,0.0,1.0,3.0,municipio,municipio
3521705,0.0,0.0,1.0,municipio,municipio
3521804,0.0,0.0,0.0,municipio,municipio
3521903,0.0,2.0,5.0,municipio,municipio
3522000,0.0,0.0,0.0,municipio,municipio
3522109,1.0,4.0,14.0,municipio,municipio
3522158,0.0,0.0,0.0,municipio,municipio
3522208,0.0,2.0,4.0,municipio,municipio
3522307,1.0,3.0,9.0,municipio,municipio
3522406,0.0,1.0,3.0,municipio,municipio
3522505,2.0,5.0,19.0,municipio,municipio
3522604,3.0,8.0,19.0,municipio,municipio
3522653,0.0,0.0,0.0,municipio,municipio
3522703,1.0,4.0,18.0,municipio,municipio
3522802,0.0,0.0,1.0,municipio,municipio
3522901,0.0,0.0,2.0,municipio,municipio
3523008,0.0,1.0,3.0,municipio,municipio
3523107,1.0,3.0,12.0,municipio,municipio
3523206,0.0,1.0,2.0,municipio,municipio
3523305,0.0,0.0,2.0,municipio,municipio
3523404,1.0,3.0,6.0,municipio,municipio
3523503,0.0,0.0,1.0,municipio,municipio
3523602,0.0,1.0,2.0,municipio,municipio
3523701,0.0,0.0,0.0,municipio,municipio
3523800,0.0,0.0,1.0,municipio,municipio
3523909,4.0,13.0,39.0,municipio,municipio
3524006,0.0,1.0,2.0,municipio,municipio
3524105,1.0,4.0,21.0,municipio,municipio
3524204,0.0,0.0,2.0,municipio,municipio
3524303,2.0,7.0,27.0,municipio,municipio
3524402,3.0,14.0,38.30000000000007,municipio,municipio
3524501,0.0,1.0,5.0,municipio,municipio
3524600,0.0,0.0,2.0,municipio,municipio
3524709,2.0,4.0,11.0,municipio,municipio
3524808,3.0,8.75,35.0,municipio,municipio
3524907,0.0,0.0,1.0,municipio,municipio
3525003,1.0,3.0,10.0,municipio,municipio
3525102,2.0,7.0,31.0,municipio,municipio
3525201,0.0,0.0,2.0,municipio,municipio
3525300,1.0,7.0,23.300000000000068,municipio,municipio
3525409,0.0,0.0,0.0,municipio,municipio
3525508,0.0,0.0,0.0,municipio,municipio
3525607,0.0,0.0,1.0,municipio,municipio
3525706,1.0,4.0,14.0,municipio,municipio
3525805,0.0,0.0,1.0,municipio,municipio
3525854,0.0,0.0,0.0,municipio,municipio
3525904,4.0,12.0,31.300000000000068,municipio,municipio
3526001,0.0,2.0,8.0,municipio,municipio
3526100,0.0,1.0,2.0,municipio,municipio
3526209,0.0,0.0,1.0,municipio,municipio
3526308,0.0,0.0,0.0,municipio,municipio
3526407,0.0,1.0,3.0,municipio,municipio
3526506,0.0,0.0,2.0,municipio,municipio
3526605,0.0,0.0,1.0,municipio,municipio
3526704,1.0,4.75,23.0,municipio,municipio
3526803,0.0,2.0,5.0,municipio,municipio
3526902,5.0,17.0,79.0,municipio,municipio
3527009,0.0,0.0,0.0,municipio,municipio
3527108,2.0,7.0,38.0,municipio,municipio
3527207,0.0,4.0,17.0,municipio,municipio
3527256,0.0,0.0,2.0,municipio,municipio
3527306,0.0,1.0,3.300000000000068,municipio,municipio
3527405,0.0,1.75,7.0,municipio,municipio
3527504,0.0,0.0,0.0,municipio,municipio
3527603,0.0,1.0,5.0,municipio,municipio
3527702,0.0,0.0,1.0,municipio,municipio
3527801,0.0,0.0,1.0,municipio,municipio
3527900,0.0,0.0,1.0,municipio,municipio
3528007,0.0,0.0,1.0,municipio,municipio
3528106,0.0,1.0,3.0,municipio,municipio
3528205,0.0,0.0,2.0,municipio,municipio
3528304,0.0,0.0,2.0,municipio,municipio
3528403,0.0,1.0,3.0,municipio,municipio
3528502,0.0,3.0,8.0,municipio,municipio
3528601,0.0,0.0,0.0,municipio,municipio
3528700,0.0,0.0,1.0,municipio,municipio
3528809,0.0,1.0,3.0,municipio,municipio
3528858,0.0,0.0,1.0,municipio,municipio
3528908,0.0,0.0,2.0,municipio,municipio
3529005,11.0,30.0,99.30000000000007,municipio,municipio
3529104,0.0,0.0,1.0,municipio,municipio
3529203,0.0,1.0,5.0,municipio,municipio
3529302,2.0,6.0,23.0,municipio,municipio
3529401,2.0,5.0,13.0,municipio,municipio
3529500,0.0,1.0,4.0,municipio,municipio
3529609,0.0,1.0,2.0,municipio,municipio
3529658,0.0,0.0,1.0,municipio,municipio
3529708,0.0,1.0,7.0,municipio,municipio
3529807,0.0,0.0,1.0,municipio,municipio
3529906,0.0,1.0,3.0,municipio,municipio
3530003,0.0,1.0,2.0,municipio,municipio
3530102,1.0,3.0,17.0,municipio,municipio
3530201,1.0,2.0,7.0,municipio,municipio
3530300,4.0,11.0,31.300000000000068,municipio,municipio
3530409,0.0,1.0,2.300000000000068,municipio,municipio
3530508,1.0,4.0,18.0,municipio,municipio
3530607,1.0,4.0,11.0,municipio,municipio
3530706,8.0,24.0,63.0,municipio,municipio
3530805,4.0,16.0,47.30000000000007,municipio,municipio
3530904,0.0,0.0,0.0,municipio,municipio
3531001,0.0,0.0,1.0,municipio,municipio
3531100,1.0,2.0,7.0,municipio,municipio
3531209,0.0,0.0,1.0,municipio,municipio
3531308,1.0,2.0,9.0,municipio,municipio
3531407,1.0,3.0,12.0,municipio,municipio
3531506,0.0,2.0,11.0,municipio,municipio
3531605,0.0,0.0,1.0,municipio,municipio
3531704,0.0,0.0,0.0,municipio,municipio
3531803,0.0,2.0,8.0,municipio,municipio
3531902,1.0,2.0,9.0,municipio,municipio
3532009,0.0,0.0,1.0,municipio,municipio
3532058,0.0,0.0,2.0,municipio,municipio
3532108,0.0,1.0,2.0,municipio,municipio
3532157,0.0,0.0,1.0,municipio,municipio
3532207,0.0,0.0,2.0,municipio,municipio
3532306,0.0,0.0,1.0,municipio,municipio
3532405,0.0,0.0,1.0,municipio,municipio
3532504,1.0,2.0,7.0,municipio,municipio
3532603,0.0,1.0,4.0,municipio,municipio
3532702,0.0,0.0,2.0,municipio,municipio
3532801,0.0,2.0,6.0,municipio,municipio
3532827,0.0,0.0,0.0,municipio,municipio
3532843,0.0,0.0,1.0,municipio,municipio
3532868,0.0,0.0,0.0,municipio,municipio
3532900,0.0,1.0,2.0,municipio,municipio
3533007,1.0,2.0,10.0,municipio,municipio
3533106,0.0,0.0,1.0,municipio,municipio
3533205,0.0,1.0,3.0,municipio,municipio
3533254,0.0,0.0,1.0,municipio,municipio
3533304,0.0,0.0,2.0,municipio,municipio
3533403,1.0,3.0,12.0,municipio,municipio
3533502,0.0,2.0,9.0,municipio,municipio
3533601,0.0,0.0,2.0,municipio,municipio
3533700,0.0,0.0,1.0,municipio,municipio
3533809,0.0,0.0,0.0,municipio,municipio
3533908,3.0,7.75,27.0,municipio,municipio
3534005,0.0,1.0,3.0,municipio,municipio
3534104,0.0,0.0,2.0,municipio,municipio
3534203,0.0,1.0,2.0,municipio,municipio
3534302,0.0,2.0,9.0,municipio,municipio
3534401,4.0,13.0,44.30000000000007,municipio,municipio
3534500,0.0,0.0,1.0,municipio,municipio
3534609,0.0,3.0,16.300000000000068,municipio,municipio
3534708,1.0,4.0,17.0,municipio,municipio
3534757,0.0,2.0,6.0,municipio,municipio
3534807,0.0,1.0,2.0,municipio,municipio
3534906,0.0,1.0,5.0,municipio,municipio
3535002,0.0,2.0,6.0,municipio,municipio
3535101,0.0,1.0,4.0,municipio,municipio
3535200,0.0,1.0,5.0,municipio,municipio
3535309,0.0,2.0,6.300000000000068,municipio,municipio
3535408,0.0,2.0,8.0,municipio,municipio
3535507,1.0,5.0,19.0,municipio,municipio
3535606,0.0,1.0,2.0,municipio,municipio
3535705,0.0,1.0,2.0,municipio,municipio
3535804,0.0,0.0,0.0,municipio,municipio
3535903,0.0,1.0,2.0,municipio,municipio
3536000,0.0,1.0,7.0,municipio,municipio
3536109,0.0,0.0,0.0,municipio,municipio
3536208,0.0,1.0,4.0,municipio,municipio
3536257,0.0,0.0,2.0,municipio,municipio
3536307,0.0,0.0,1.0,municipio,municipio
3536406,0.0,0.0,3.0,municipio,municipio
3536505,4.0,11.0,26.0,municipio,municipio
3536570,0.0,0.0,0.0,municipio,municipio
3536604,0.0,1.0,4.0,municipio,municipio
3536703,0.0,2.0,6.0,municipio,municipio
3536802,0.0,0.0,0.0,municipio,municipio
3536901,0.0,1.0,3.0,municipio,municipio
3537008,0.0,0.0,1.0,municipio,municipio
3537107,0.0,2.0,7.0,municipio,municipio
3537156,0.0,0.0,1.0,municipio,municipio
3537206,0.0,0.0,1.0,municipio,municipio
3537305,3.0,7.75,27.300000000000068,municipio,municipio
3537404,1.0,3.0,12.0,municipio,municipio
3537503,0.0,0.0,0.0,municipio,municipio
3537602,1.0,4.0,16.0,municipio,municipio
3537701,0.0,0.0,2.0,municipio,municipio
3537800,0.0,1.0,3.0,municipio,municipio
3537909,0.0,0.0,1.0,municipio,municipio
3538006,2.0,19.0,70.30000000000007,municipio,municipio
3538105,0.0,1.0,5.0,municipio,municipio
3538204,0.0,0.0,0.0,municipio,municipio
3538303,0.0,0.0,1.0,municipio,municipio
3538501,0.0,0.0,2.0,municipio,municipio
3538600,0.0,0.0,1.0,municipio,municipio
3538709,13.0,41.75,149.20000000000027,municipio,municipio
3538808,0.0,0.0,2.0,municipio,municipio
3538907,0.0,1.0,3.0,municipio,municipio
3539004,0.0,1.0,5.0,municipio,municipio
3539103,0.0,0.0,1.0,municipio,municipio
3539202,0.0,1.0,6.0,municipio,municipio
3539301,1.0,3.75,14.0,municipio,municipio
3539400,0.0,1.0,2.0,municipio,municipio
3539509,1.0,3.0,11.0,municipio,municipio
3539608,0.0,1.0,3.0,municipio,municipio
3539707,0.0,0.0,0.0,municipio,municipio
3539806,0.0,2.0,4.0,municipio,municipio
3539905,0.0,1.0,2.0,municipio,municipio
3540002,0.0,1.0,5.0,municipio,municipio
3540101,0.0,0.0,0.0,municipio,municipio
3540200,1.0,5.0,16.300000000000068,municipio,municipio
3540259,0.0,0.0,2.0,municipio,municipio
3540309,0.0,1.0,3.0,municipio,municipio
3540408,0.0,0.0,1.0,municipio,municipio
3540507,0.0,0.0,0.0,municipio,municipio
3540606,2.0,7.0,17.0,municipio,municipio
3540705,1.0,5.0,15.0,municipio,municipio
3540754,0.0,3.0,12.0,municipio,municipio
3540804,1.0,2.0,6.300000000000068,municipio,municipio
3540853,0.0,0.0,1.0,municipio,municipio
3540903,0.0,1.0,4.0,municipio,municipio
3541000,4.0,13.0,57.30000000000007,municipio,municipio
3541059,0.0,0.0,0.0,municipio,municipio
3541109,0.0,0.0,0.0,municipio,municipio
3541208,0.0,1.0,3.0,municipio,municipio
3541307,0.0,3.0,21.0,municipio,municipio
3541406,12.0,39.0,108.30000000000007,municipio,municipio
3541505,0.0,2.0,10.0,municipio,municipio
3541604,0.0,1.0,6.0,municipio,municipio
3541653,0.0,0.0,0.0,municipio,municipio
3541703,0.0,1.0,3.0,municipio,municipio
3541802,0.0,0.0,1.3000000000000682,municipio,municipio
3541901,0.0,0.0,1.0,municipio,municipio
3542008,0.0,0.0,1.3000000000000682,municipio,municipio
3542107,0.0,0.0,1.0,municipio,municipio
3542206,0.0,2.0,9.0,municipio,municipio
3542305,0.0,0.0,0.0,municipio,municipio
3542404,0.0,2.0,6.0,municipio,municipio
3542503,0.0,0.0,1.0,municipio,municipio
3542602,0.0,1.75,8.0,municipio,municipio
3542701,0.0,0.0,1.0,municipio,municipio
3542800,0.0,0.0,0.0,municipio,municipio
3542909,0.0,0.0,2.0,municipio,municipio
3543006,0.0,0.0,0.0,municipio,municipio
3543105,0.0,0.0,0.0,municipio,municipio
3543204,0.0,0.0,1.0,municipio,municipio
3543238,0.0,0.0,0.0,municipio,municipio
3543253,0.0,0.0,0.0,municipio,municipio
3543303,0.0,1.0,4.0,municipio,municipio
3543402,58.0,147.75,611.9000000000002,municipio,municipio
3543501,0.0,0.0,0.0,municipio,municipio
3543600,0.0,0.0,1.0,municipio,municipio
3543709,0.0,1.0,4.0,municipio,municipio
3543808,0.0,1.0,3.0,municipio,municipio
3543907,6.0,15.0,54.0,municipio,municipio
3544004,0.0,1.0,3.0,municipio,municipio
3544103,0.0,0.0,1.0,municipio,municipio
3544202,0.0,2.0,7.0,municipio,municipio
3544251,0.0,3.0,13.0,municipio,municipio
3544301,0.0,0.0,3.0,municipio,municipio
3544400,0.0,0.0,2.0,municipio,municipio
3544509,0.0,1.0,2.0,municipio,municipio
3544608,0.0,0.0,1.0,municipio,municipio
3544707,0.0,0.0,1.0,municipio,municipio
3544806,0.0,0.0,2.0,municipio,municipio
3544905,0.0,1.0,4.0,municipio,municipio
3545001,0.0,0.0,1.0,municipio,municipio
3545100,0.0,0.0,2.0,municipio,municipio
3545159,0.0,0.0,1.0,municipio,municipio
3545209,4.0,13.75,32.30000000000007,municipio,municipio
3545308,0.0,2.0,5.0,municipio,municipio
3545407,0.0,0.0,1.0,municipio,municipio
3545506,0.0,0.0,1.0,municipio,municipio
3545605,0.0,1.0,4.300000000000068,municipio,municipio
3545704,0.0,1.0,3.0,municipio,municipio
3545803,6.0,18.0,67.30000000000007,municipio,municipio
3546009,0.0,0.0,2.0,municipio,municipio
3546108,0.0,0.0,1.0,municipio,municipio
3546207,0.0,0.0,1.0,municipio,municipio
3546256,0.0,0.0,0.0,municipio,municipio
3546306,0.0,1.0,4.0,municipio,municipio
3546405,0.0,2.0,6.0,municipio,municipio
3546504,0.0,0.0,1.0,municipio,municipio
3546603,2.0,5.0,22.0,municipio,municipio
3546702,1.0,3.0,9.0,municipio,municipio
3546801,0.0,1.0,3.0,municipio,municipio
3546900,0.0,0.0,2.0,municipio,municipio
3547007,0.0,0.0,1.0,municipio,municipio
3547106,0.0,0.0,1.0,municipio,municipio
3547205,0.0,0.0,1.0,municipio,municipio
3547304,1.0,3.0,9.0,municipio,municipio
3547403,0.0,0.0,1.0,municipio,municipio
3547502,0.0,2.0,6.0,municipio,municipio
3547601,1.0,2.0,8.0,municipio,municipio
3547650,0.0,0.0,1.0,municipio,municipio
3547700,0.0,2.0,7.300000000000068,municipio,municipio
3547809,4.0,10.0,24.0,municipio,municipio
3547908,0.0,0.0,0.3000000000000682,municipio,municipio
3548005,0.0,3.0,9.0,municipio,municipio
3548054,0.0,0.0,3.0,municipio,municipio
3548104,0.0,0.0,1.0,municipio,municipio
3548203,0.0,0.0,0.0,municipio,municipio
3548302,0.0,0.0,0.0,municipio,municipio
3548401,0.0,0.0,1.0,municipio,municipio
3548500,16.5,39.0,171.30000000000007,municipio,municipio
3548609,0.0,0.0,0.0,municipio,municipio
3548708,6.0,19.0,44.0,municipio,municipio
3548807,1.0,3.0,5.0,municipio,municipio
3548906,6.0,17.0,41.0,municipio,municipio
3549003,0.0,0.0,3.0,municipio,municipio
3549102,1.0,4.0,15.0,municipio,municipio
3549201,0.0,0.0,1.0,municipio,municipio
3549250,0.0,0.0,1.0,municipio,municipio
3549300,0.0,0.0,1.0,municipio,municipio
3549409,1.0,4.0,23.300000000000068,municipio,municipio
3549508,0.0,0.0,0.0,municipio,municipio
3549607,0.0,0.0,0.0,municipio,municipio
3549706,0.0,2.0,6.0,municipio,municipio
3549805,80.0,179.0,617.1000000000012,municipio,municipio
3549904,26.5,123.0,252.0,municipio,municipio
3549953,0.0,0.0,1.0,municipio,municipio
3550001,0.0,0.0,1.0,municipio,municipio
3550100,0.0,1.0,2.0,municipio,municipio
3550209,0.0,0.0,2.0,municipio,municipio
3550308,117.0,267.75,744.8000000000004,municipio,municipio
3550407,0.0,1.0,5.0,municipio,municipio
3550506,0.0,0.0,1.0,municipio,municipio
3550605,0.0,2.0,4.0,municipio,municipio
3550704,10.5,31.0,91.30000000000007,municipio,municipio
3550803,0.0,0.0,1.0,municipio,municipio
3550902,0.0,1.0,5.0,municipio,municipio
3551009,7.0,20.0,73.0,municipio,municipio
3551108,0.0,0.0,1.0,municipio,municipio
3551207,0.0,0.0,0.0,municipio,municipio
3551306,0.0,0.0,1.0,municipio,municipio
3551405,0.0,1.0,3.0,municipio,municipio
3551504,1.0,4.0,14.0,municipio,municipio
3551603,0.0,0.75,1.3000000000000682,municipio,municipio
3551702,3.0,10.0,42.30000000000007,municipio,municipio
3551801,0.0,0.0,1.0,municipio,municipio
3551900,0.0,2.0,5.0,municipio,municipio
3552007,0.0,0.0,0.0,municipio,municipio
3552106,0.0,0.0,2.0,municipio,municipio
3552205,27.0,98.0,216.50000000000034,municipio,municipio
3552304,0.0,1.0,5.0,municipio,municipio
3552403,9.0,28.75,107.30000000000007,municipio,municipio
3552502,1.0,3.0,8.0,municipio,municipio
3552551,0.0,0.0,2.0,municipio,municipio
3552601,0.0,2.0,5.0,municipio,municipio
3552700,0.0,1.0,4.0,municipio,municipio
3552809,1.0,5.0,15.0,municipio,municipio
3552908,0.0,0.0,1.0,municipio,municipio
3553005,0.0,0.0,1.0,municipio,municipio
3553104,0.0,0.0,2.0,municipio,municipio
3553203,0.0,0.0,3.0,municipio,municipio
3553302,0.0,1.0,5.0,municipio,municipio
3553401,2.0,6.0,22.0,municipio,municipio
3553500,0.0,0.0,0.0,municipio,municipio
3553609,0.0,0.0,1.0,municipio,municipio
3553658,0.0,0.0,1.0,municipio,municipio
3553708,1.0,5.0,17.0,municipio,municipio
3553807,0.0,0.0,1.0,municipio,municipio
3553856,0.0,0.0,0.0,municipio,municipio
3553906,0.0,0.0,1.0,municipio,municipio
3553955,0.0,1.0,3.0,municipio,municipio
3554003,1.0,3.0,9.0,municipio,municipio
3554102,8.0,34.0,113.9000000000002,municipio,municipio
3554201,0.0,0.0,0.0,municipio,municipio
3554300,0.0,2.0,6.0,municipio,municipio
3554409,0.0,0.0,1.0,municipio,municipio
3554508,0.0,1.0,4.0,municipio,municipio
3554607,0.0,0.0,0.0,municipio,municipio
3554656,0.0,0.0,0.0,municipio,municipio
3554706,0.0,0.0,1.0,municipio,municipio
3554755,0.0,0.0,1.0,municipio,municipio
3554805,1.0,4.0,14.0,municipio,municipio
3554904,0.0,1.0,3.0,municipio,municipio
3554953,0.0,0.0,0.0,municipio,municipio
3555000,4.0,12.0,58.0,municipio,municipio
3555109,0.0,1.0,5.0,municipio,municipio
3555208,0.0,0.0,1.0,municipio,municipio
3555307,0.0,0.0,1.0,municipio,municipio
3555356,0.0,1.0,4.0,municipio,municipio
3555406,4.0,15.0,64.30000000000007,municipio,municipio
3555505,0.0,0.0,0.0,municipio,municipio
3555604,0.0,2.0,6.0,municipio,municipio
3555703,0.0,0.0,1.0,municipio,municipio
3555802,0.0,2.0,5.0,municipio,municipio
3555901,0.0,0.0,0.0,municipio,municipio
3556008,0.0,1.0,3.0,municipio,municipio
3556107,0.0,2.0,7.0,municipio,municipio
3556206,2.0,6.0,13.0,municipio,municipio
3556305,1.0,3.0,13.300000000000068,municipio,municipio
3556354,0.0,0.0,0.0,municipio,municipio
3556404,0.0,1.0,4.300000000000068,municipio,municipio
3556453,0.0,1.0,2.0,municipio,municipio
3556503,1.0,3.0,8.0,municipio,municipio
3556602,0.0,1.0,2.0,municipio,municipio
3556701,1.0,3.0,8.0,municipio,municipio
3556800,0.0,1.0,6.0,municipio,municipio
3556909,0.0,1.0,2.0,municipio,municipio
3556958,0.0,0.0,2.0,municipio,municipio
3557006,4.0,13.0,33.0,municipio,municipio
3557105,11.0,30.0,93.0,municipio,municipio
3557154,0.0,0.0,1.0,municipio,municipio
3557204,0.0,0.0,2.0,municipio,municipio
3557303,0.0,1.0,4.0,municipio,municipio
4100103,0.0,0.0,1.0,municipio,municipio
4100202,0.0,0.0,0.0,municipio,municipio
4100301,0.0,0.0,0.0,municipio,municipio
4100400,0.0,0.0,1.0,municipio,municipio
4100459,0.0,0.0,0.0,municipio,municipio
4100509,0.0,1.0,7.0,municipio,municipio
4100608,0.0,1.0,5.0,municipio,municipio
4100707,0.0,0.0,2.300000000000068,municipio,municipio
4100806,1.0,6.0,17.0,municipio,municipio
4100905,0.0,1.0,2.0,municipio,municipio
4101002,0.0,0.0,1.0,municipio,municipio
4101051,0.0,0.0,1.0,municipio,municipio
4101101,0.0,1.0,7.0,municipio,municipio
4101150,0.0,0.0,1.0,municipio,municipio
4101200,0.0,0.0,1.0,municipio,municipio
4101309,0.0,0.0,0.0,municipio,municipio
4101408,2.0,5.0,12.0,municipio,municipio
4101507,2.0,6.0,14.0,municipio,municipio
4101606,0.0,0.0,1.0,municipio,municipio
4101655,0.0,0.0,0.0,municipio,municipio
4101705,0.0,0.0,1.0,municipio,municipio
4101804,0.0,0.0,1.0,municipio,municipio
4101853,0.0,0.0,0.0,municipio,municipio
4101903,1.0,4.0,11.0,municipio,municipio
4102000,1.0,3.0,10.0,municipio,municipio
4102109,0.0,2.0,6.0,municipio,municipio
4102208,0.0,0.0,2.0,municipio,municipio
4102307,0.0,0.0,0.0,municipio,municipio
4102406,1.0,3.0,15.0,municipio,municipio
4102505,0.0,1.0,5.0,municipio,municipio
4102604,0.0,0.0,0.0,municipio,municipio
4102703,0.0,0.0,1.0,municipio,municipio
4102752,0.0,0.0,0.0,municipio,municipio
4102802,1.0,6.0,18.0,municipio,municipio
4102901,0.0,0.0,0.0,municipio,municipio
4103008,0.0,0.0,1.0,municipio,municipio
4103024,0.0,0.0,0.0,municipio,municipio
4103040,0.0,0.0,0.0,municipio,municipio
4103057,0.0,0.0,2.0,municipio,municipio
4103107,0.0,0.0,0.0,municipio,municipio
4103156,0.0,0.0,0.0,municipio,municipio
4103206,0.0,0.0,1.0,municipio,municipio
4103222,0.0,0.0,0.0,municipio,municipio
4103305,0.0,0.0,0.3000000000000682,municipio,municipio
4103354,0.0,0.0,1.0,municipio,municipio
4103370,0.0,0.0,0.0,municipio,municipio
4103404,0.0,1.0,3.0,municipio,municipio
4103453,0.0,1.0,4.0,municipio,municipio
4103479,0.0,0.0,1.0,municipio,municipio
4103503,0.0,0.0,1.0,municipio,municipio
4103602,0.0,1.0,6.0,municipio,municipio
4103701,15.0,31.75,80.0,municipio,municipio
4103800,0.0,0.0,1.0,municipio,municipio
4103909,0.0,0.0,3.0,municipio,municipio
4103958,0.0,0.0,0.0,municipio,municipio
4104006,0.0,0.0,1.0,municipio,municipio
4104055,0.0,0.0,0.0,municipio,municipio
4104105,0.0,0.0,0.0,municipio,municipio
4104204,0.0,0.0,1.0,municipio,municipio
4104253,0.0,0.0,0.0,municipio,municipio
4104303,1.0,4.0,22.0,municipio,municipio
4104402,0.0,0.0,0.0,municipio,municipio
4104428,0.0,0.0,0.0,municipio,municipio
4104451,0.0,0.0,0.0,municipio,municipio
4104501,0.0,0.0,2.0,municipio,municipio
4104600,0.0,0.0,2.0,municipio,municipio
4104659,0.0,0.0,0.0,municipio,municipio
4104709,0.0,0.0,0.0,municipio,municipio
4104808,7.0,19.0,42.0,municipio,municipio
4104907,0.0,0.0,0.0,municipio,municipio
4105003,0.0,0.0,1.0,municipio,municipio
4105102,0.0,2.0,9.0,municipio,municipio
4105201,0.0,0.0,0.0,municipio,municipio
4105300,0.0,1.0,2.0,municipio,municipio
4105409,0.0,0.0,1.0,municipio,municipio
4105508,3.0,9.0,29.0,municipio,municipio
4105607,0.0,0.0,3.0,municipio,municipio
4105706,0.0,0.0,0.0,municipio,municipio
4105805,0.0,1.0,3.0,municipio,municipio
4105904,0.0,2.0,8.0,municipio,municipio
4106001,0.0,0.0,1.0,municipio,municipio
4106100,0.0,0.0,0.0,municipio,municipio
4106209,0.0,0.0,0.0,municipio,municipio
4106308,0.0,1.0,4.0,municipio,municipio
4106407,1.0,3.0,9.300000000000068,municipio,municipio
4106456,0.0,0.0,0.0,municipio,municipio
4106506,0.0,0.0,0.0,municipio,municipio
4106555,0.0,0.0,1.0,municipio,municipio
4106571,0.0,0.0,0.0,municipio,municipio
4106605,0.0,1.0,3.0,municipio,municipio
4106704,0.0,0.0,3.0,municipio,municipio
4106803,0.0,0.0,0.0,municipio,municipio
4106852,0.0,0.0,0.0,municipio,municipio
4106902,5.0,16.0,33.0,municipio,municipio
4107009,0.0,0.0,0.0,municipio,municipio
4107108,0.0,1.0,2.0,municipio,municipio
4107124,0.0,0.0,0.0,municipio,municipio
4107157,0.0,0.0,1.0,municipio,municipio
4107207,0.0,1.0,2.0,municipio,municipio
4107256,0.0,1.0,2.0,municipio,municipio
4107306,0.0,0.0,1.0,municipio,municipio
4107405,0.0,0.0,0.0,municipio,municipio
4107504,0.0,1.0,5.0,municipio,municipio
4107520,0.0,0.0,0.0,municipio,municipio
4107538,0.0,0.0,1.0,municipio,municipio
4107546,0.0,0.0,0.0,municipio,municipio
4107553,0.0,0.0,1.0,municipio,municipio
4107603,0.0,0.0,1.0,municipio,municipio
4107652,0.0,0.0,1.0,municipio,municipio
4107702,0.0,0.0,1.0,municipio,municipio
4107736,0.0,0.0,0.0,municipio,municipio
4107751,0.0,0.0,0.0,municipio,municipio
4107801,0.0,0.0,3.0,municipio,municipio
4107850,0.0,0.0,0.0,municipio,municipio
4107900,0.0,1.0,4.300000000000068,municipio,municipio
4108007,1.0,5.75,15.0,municipio,municipio
4108106,0.0,0.0,2.0,municipio,municipio
4108205,0.0,0.0,1.0,municipio,municipio
4108304,23.0,62.75,221.50000000000034,municipio,municipio
4108320,0.0,0.0,1.0,municipio,municipio
4108403,0.0,5.0,13.0,municipio,municipio
4108452,0.0,0.0,0.0,municipio,municipio
4108502,0.0,0.0,0.0,municipio,municipio
4108551,0.0,0.0,0.0,municipio,municipio
4108601,1.0,3.0,12.0,municipio,municipio
4108650,0.0,0.0,0.0,municipio,municipio
4108700,0.0,0.0,0.0,municipio,municipio
4108809,0.0,2.0,11.0,municipio,municipio
4108908,0.0,0.0,2.0,municipio,municipio
4108957,0.0,0.0,0.0,municipio,municipio
4109005,0.0,0.0,0.0,municipio,municipio
4109104,0.0,0.0,1.0,municipio,municipio
4109203,0.0,2.0,5.0,municipio,municipio
4109302,0.0,0.0,1.0,municipio,municipio
4109401,0.0,0.0,1.0,municipio,municipio
4109500,0.0,0.0,0.3000000000000682,municipio,municipio
4109609,0.0,0.0,2.0,municipio,municipio
4109658,0.0,0.0,0.0,municipio,municipio
4109708,0.0,0.0,1.0,municipio,municipio
4109757,0.0,0.0,0.0,municipio,municipio
4109807,5.0,17.0,47.0,municipio,municipio
4109906,0.0,1.0,2.300000000000068,municipio,municipio
4110003,0.0,0.0,2.0,municipio,municipio
4110052,0.0,0.0,0.0,municipio,municipio
4110078,0.0,0.0,0.0,municipio,municipio
4110102,0.0,0.0,0.0,municipio,municipio
4110201,0.0,0.0,0.0,municipio,municipio
4110300,0.0,0.0,1.0,municipio,municipio
4110409,0.0,0.0,1.0,municipio,municipio
4110508,0.0,0.0,0.0,municipio,municipio
4110607,0.0,1.0,4.0,municipio,municipio
4110656,0.0,0.0,0.0,municipio,municipio
4110706,0.0,0.0,1.0,municipio,municipio
4110805,0.0,0.0,1.0,municipio,municipio
4110904,0.0,0.0,1.0,municipio,municipio
4110953,0.0,1.0,3.0,municipio,municipio
4111001,0.0,0.0,2.0,municipio,municipio
4111100,0.0,1.0,3.0,municipio,municipio
4111209,0.0,0.0,0.0,municipio,municipio
4111258,0.0,0.0,0.0,municipio,municipio
4111308,0.0,0.0,2.0,municipio,municipio
4111407,0.0,0.0,0.0,municipio,municipio
4111506,0.0,1.0,3.0,municipio,municipio
4111555,0.0,0.0,2.0,municipio,municipio
4111605,0.0,0.0,1.0,municipio,municipio
4111704,0.0,0.0,0.0,municipio,municipio
4111803,0.0,2.0,12.0,municipio,municipio
4111902,1.0,4.0,10.0,municipio,municipio
4112009,0.0,0.0,0.0,municipio,municipio
4112108,0.0,2.0,6.0,municipio,municipio
4112207,0.0,0.0,1.0,municipio,municipio
4112306,0.0,0.0,0.0,municipio,municipio
4112405,0.0,0.0,2.0,municipio,municipio
4112504,0.0,0.0,1.0,municipio,municipio
4112603,0.0,0.0,0.0,municipio,municipio
4112702,5.0,15.0,31.0,municipio,municipio
4112751,0.0,0.0,2.0,municipio,municipio
4112801,0.0,0.0,1.0,municipio,municipio
4112900,0.0,0.0,0.0,municipio,municipio
4112959,0.0,0.0,2.0,municipio,municipio
4113007,0.0,0.0,2.0,municipio,municipio
4113106,0.0,0.0,0.0,municipio,municipio
4113205,0.0,0.0,0.0,municipio,municipio
4113254,0.0,0.0,0.0,municipio,municipio
4113304,0.0,0.0,1.0,municipio,municipio
4113403,0.0,0.0,2.0,municipio,municipio
4113429,0.0,0.0,0.0,municipio,municipio
4113452,0.0,0.0,1.0,municipio,municipio
4113502,1.0,3.0,13.0,municipio,municipio
4113601,0.0,0.0,1.0,municipio,municipio
4113700,63.0,131.0,351.2000000000003,municipio,municipio
4113734,0.0,0.0,1.0,municipio,municipio
4113759,0.0,0.0,1.0,municipio,municipio
4113809,1.0,4.0,11.0,municipio,municipio
4113908,0.0,0.0,0.0,municipio,municipio
4114005,0.0,1.0,4.0,municipio,municipio
4114104,0.0,2.0,8.0,municipio,municipio
4114203,0.0,2.0,8.0,municipio,municipio
4114302,0.0,0.0,0.0,municipio,municipio
4114351,0.0,0.0,0.0,municipio,municipio
4114401,0.0,0.0,0.0,municipio,municipio
4114500,0.0,0.0,0.0,municipio,municipio
4114609,1.0,3.0,8.300000000000068,municipio,municipio
4114708,0.0,0.0,1.0,municipio,municipio
4114807,1.0,4.0,12.0,municipio,municipio
4114906,0.0,0.0,1.0,municipio,municipio
4115002,0.0,1.0,5.0,municipio,municipio
4115101,0.0,0.0,3.0,municipio,municipio
4115200,13.5,44.0,152.9000000000002,municipio,municipio
4115309,0.0,0.0,0.0,municipio,municipio
4115358,0.0,1.0,3.0,municipio,municipio
4115408,0.0,0.0,1.0,municipio,municipio
4115457,0.0,0.0,0.0,municipio,municipio
4115507,0.0,0.0,1.0,municipio,municipio
4115606,0.0,1.0,2.0,municipio,municipio
4115705,0.0,0.0,1.0,municipio,municipio
4115739,0.0,0.0,0.0,municipio,municipio
4115754,0.0,0.0,1.0,municipio,municipio
4115804,1.0,4.0,13.0,municipio,municipio
4115853,0.0,0.0,1.0,municipio,municipio
4115903,0.0,0.0,1.0,municipio,municipio
4116000,0.0,1.0,3.0,municipio,municipio
4116059,0.0,1.0,4.0,municipio,municipio
4116109,0.0,1.0,4.0,municipio,municipio
4116208,0.0,0.0,1.0,municipio,municipio
4116307,0.0,0.0,2.0,municipio,municipio
4116406,0.0,0.0,1.0,municipio,municipio
4116505,0.0,0.0,1.0,municipio,municipio
4116604,0.0,0.0,1.0,municipio,municipio
4116703,0.0,1.0,2.0,municipio,municipio
4116802,0.0,0.0,1.0,municipio,municipio
4116901,1.0,3.0,15.0,municipio,municipio
4116950,0.0,0.0,0.0,municipio,municipio
4117008,0.0,0.0,2.0,municipio,municipio
4117057,0.0,0.0,0.0,municipio,municipio
4117107,0.0,2.0,6.0,municipio,municipio
4117206,0.0,0.0,2.0,municipio,municipio
4117214,0.0,0.0,1.0,municipio,municipio
4117222,0.0,0.0,2.0,municipio,municipio
4117255,0.0,0.0,1.0,municipio,municipio
4117271,0.0,0.0,0.0,municipio,municipio
4117297,0.0,0.0,1.0,municipio,municipio
4117305,0.0,0.0,1.0,municipio,municipio
4117404,0.0,0.0,1.0,municipio,municipio
4117453,0.0,0.0,1.0,municipio,municipio
4117503,1.0,3.0,23.0,municipio,municipio
4117602,0.0,0.0,0.0,municipio,municipio
4117701,0.0,0.0,0.0,municipio,municipio
4117800,0.0,0.0,0.0,municipio,municipio
4117909,1.0,2.0,9.0,municipio,municipio
4118006,0.0,0.0,2.0,municipio,municipio
4118105,0.0,1.0,4.0,municipio,municipio
4118204,0.0,9.0,48.0,municipio,municipio
4118303,0.0,0.0,1.0,municipio,municipio
4118402,5.0,15.0,40.30000000000007,municipio,municipio
4118451,0.0,0.0,2.0,municipio,municipio
4118501,0.0,1.0,4.0,municipio,municipio
4118600,0.0,0.0,0.0,municipio,municipio
4118709,0.0,0.0,0.0,municipio,municipio
4118808,0.0,1.0,6.300000000000068,municipio,municipio
4118857,0.0,0.0,2.0,municipio,municipio
4118907,0.0,1.0,3.0,municipio,municipio
4119004,0.0,0.0,0.0,municipio,municipio
4119103,0.0,0.0,0.0,municipio,municipio
4119152,0.0,1.0,2.0,municipio,municipio
4119202,0.0,0.0,0.0,municipio,municipio
4119251,0.0,0.0,0.0,municipio,municipio
4119301,0.0,0.0,0.0,municipio,municipio
4119400,0.0,0.0,0.0,municipio,municipio
4119509,0.0,0.0,1.0,municipio,municipio
4119608,0.0,0.0,0.0,municipio,municipio
4119657,0.0,0.0,1.0,municipio,municipio
4119707,0.0,0.0,2.0,municipio,municipio
4119806,0.0,0.0,1.0,municipio,municipio
4119905,0.0,1.0,2.0,municipio,municipio
4119954,0.0,0.0,1.0,municipio,municipio
4120002,1.0,5.0,14.0,municipio,municipio
4120101,0.0,0.0,0.0,municipio,municipio
4120150,0.0,0.0,0.0,municipio,municipio
4120200,0.0,0.0,2.0,municipio,municipio
4120309,0.0,0.0,0.0,municipio,municipio
4120333,0.0,1.0,4.0,municipio,municipio
4120358,0.0,0.0,0.3000000000000682,municipio,municipio
4120408,0.0,0.0,2.0,municipio,municipio
4120507,1.0,4.0,11.0,municipio,municipio
4120606,0.0,0.0,0.0,municipio,municipio
4120655,0.0,0.0,2.0,municipio,municipio
4120705,0.0,0.0,1.0,municipio,municipio
4120804,0.0,0.0,0.0,municipio,municipio
4120853,0.0,0.0,1.0,municipio,municipio
4120903,0.0,0.0,1.0,municipio,municipio
4121000,0.0,1.0,4.0,municipio,municipio
4121109,0.0,1.0,3.0,municipio,municipio
4121208,0.0,0.0,0.0,municipio,municipio
4121257,0.0,0.0,0.0,municipio,municipio
4121307,0.0,1.0,2.0,municipio,municipio
4121356,0.0,0.0,1.0,municipio,municipio
4121406,0.0,1.0,4.0,municipio,municipio
4121505,0.0,0.0,0.0,municipio,municipio
4121604,0.0,0.0,0.0,municipio,municipio
4121703,0.0,0.0,0.0,municipio,municipio
4121752,0.0,0.0,0.0,municipio,municipio
4121802,0.0,0.0,1.0,municipio,municipio
4121901,0.0,0.0,1.0,municipio,municipio
4122008,0.0,0.0,0.0,municipio,municipio
4122107,0.0,0.0,0.0,municipio,municipio
4122156,0.0,0.0,0.0,municipio,municipio
4122172,0.0,0.0,0.0,municipio,municipio
4122206,0.0,0.0,0.0,municipio,municipio
4122305,0.0,0.0,0.0,municipio,municipio
4122404,3.0,10.0,33.30000000000007,municipio,municipio
4122503,0.0,0.0,2.0,municipio,municipio
4122602,0.0,0.0,1.0,municipio,municipio
4122651,0.0,0.0,0.0,municipio,municipio
4122701,0.0,0.0,1.0,municipio,municipio
4122800,0.0,0.0,0.0,municipio,municipio
4122909,0.0,0.0,0.0,municipio,municipio
4123006,0.0,0.0,1.0,municipio,municipio
4123105,0.0,0.0,0.0,municipio,municipio
4123204,0.0,0.0,1.0,municipio,municipio
4123303,0.0,1.0,4.0,municipio,municipio
4123402,0.0,1.0,6.0,municipio,municipio
4123501,1.0,4.0,10.0,municipio,municipio
4123600,0.0,0.0,0.0,municipio,municipio
4123709,0.0,2.0,9.0,municipio,municipio
4123808,0.0,0.0,1.0,municipio,municipio
4123824,0.0,0.0,1.0,municipio,municipio
4123857,0.0,0.0,0.0,municipio,municipio
4123907,0.0,1.0,4.0,municipio,municipio
4123956,0.0,0.0,1.0,municipio,municipio
4124004,0.0,0.0,0.0,municipio,municipio
4124020,0.0,1.0,3.0,municipio,municipio
4124053,1.0,4.0,14.0,municipio,municipio
4124103,0.0,2.0,12.0,municipio,municipio
4124202,0.0,0.0,1.0,municipio,municipio
4124301,0.0,0.0,0.0,municipio,municipio
4124400,0.0,0.0,1.0,municipio,municipio
4124509,0.0,0.0,2.0,municipio,municipio
4124608,0.0,1.0,2.0,municipio,municipio
4124707,0.0,0.0,1.0,municipio,municipio
4124806,0.0,0.0,0.0,municipio,municipio
4124905,0.0,0.0,2.0,municipio,municipio
4125001,0.0,0.0,1.0,municipio,municipio
4125100,0.0,0.0,0.0,municipio,municipio
4125209,0.0,0.0,0.0,municipio,municipio
4125308,0.0,0.0,2.0,municipio,municipio
4125357,0.0,0.0,1.0,municipio,municipio
4125407,0.0,0.0,0.0,municipio,municipio
4125456,0.0,0.0,0.0,municipio,municipio
4125506,0.0,2.0,4.0,municipio,municipio
4125555,0.0,0.0,0.0,municipio,municipio
4125605,0.0,0.0,0.0,municipio,municipio
4125704,1.0,3.0,10.0,municipio,municipio
4125753,0.0,0.0,1.0,municipio,municipio
4125803,0.0,0.0,1.0,municipio,municipio
4125902,0.0,0.0,1.0,municipio,municipio
4126009,0.0,1.0,3.0,municipio,municipio
4126108,0.0,0.0,1.0,municipio,municipio
4126207,0.0,0.0,0.0,municipio,municipio
4126256,3.0,9.0,48.0,municipio,municipio
4126272,0.0,0.0,0.0,municipio,municipio
4126306,0.0,0.0,0.0,municipio,municipio
4126355,0.0,1.0,2.0,municipio,municipio
4126405,0.0,0.0,3.0,municipio,municipio
4126504,2.0,8.0,23.0,municipio,municipio
4126603,0.0,0.0,1.0,municipio,municipio
4126652,0.0,0.0,0.0,municipio,municipio
4126678,1.0,2.0,4.300000000000068,municipio,municipio
4126702,0.0,1.0,2.0,municipio,municipio
4126801,0.0,1.0,2.0,municipio,municipio
4126900,0.0,0.0,2.0,municipio,municipio
4127007,0.0,0.0,0.0,municipio,municipio
4127106,0.0,1.0,3.0,municipio,municipio
4127205,0.0,1.0,3.0,municipio,municipio
4127304,0.0,1.0,4.0,municipio,municipio
4127403,0.0,1.0,5.0,municipio,municipio
4127502,0.0,0.0,0.0,municipio,municipio
4127601,0.0,0.0,0.0,municipio,municipio
4127700,1.0,4.0,13.0,municipio,municipio
4127809,0.0,0.0,1.0,municipio,municipio
4127858,0.0,0.0,1.0,municipio,municipio
4127882,0.0,0.0,0.0,municipio,municipio
4127908,0.0,0.0,1.0,municipio,municipio
4127957,0.0,0.0,2.0,municipio,municipio
4127965,0.0,0.0,0.0,municipio,municipio
4128005,0.0,2.0,8.0,municipio,municipio
4128104,3.0,11.0,42.0,municipio,municipio
4128203,0.0,0.0,1.0,municipio,municipio
4128302,0.0,0.0,1.0,municipio,municipio
4128401,0.0,1.0,5.0,municipio,municipio
4128500,0.0,0.0,0.0,municipio,municipio
4128534,0.0,0.0,0.0,municipio,municipio
4128559,0.0,1.0,3.0,municipio,municipio
4128609,0.0,0.0,0.0,municipio,municipio
4128625,0.0,0.0,0.0,municipio,municipio
4128633,0.0,0.0,0.0,municipio,municipio
4128658,0.0,0.0,0.0,municipio,municipio
4128708,0.0,0.0,0.0,municipio,municipio
4128807,0.0,0.0,1.0,municipio,municipio
4200051,0.0,0.0,0.0,municipio,municipio
4200101,0.0,0.0,0.0,municipio,municipio
4200200,0.0,0.0,0.0,municipio,municipio
4200309,0.0,0.0,0.0,municipio,municipio
4200408,0.0,0.0,0.0,municipio,municipio
4200507,0.0,0.0,0.0,municipio,municipio
4200556,0.0,0.0,0.0,municipio,municipio
4200606,0.0,0.0,0.0,municipio,municipio
4200705,0.0,0.0,0.0,municipio,municipio
4200754,0.0,0.0,0.0,municipio,municipio
4200804,0.0,0.0,0.0,municipio,municipio
4200903,0.0,0.0,0.0,municipio,municipio
4201000,0.0,0.0,0.0,municipio,municipio
4201109,0.0,0.0,0.0,municipio,municipio
4201208,0.0,0.0,0.0,municipio,municipio
4201257,0.0,0.0,0.0,municipio,municipio
4201273,0.0,0.0,0.0,municipio,municipio
4201307,0.0,0.0,0.0,municipio,municipio
4201406,0.0,0.0,0.0,municipio,municipio
4201505,0.0,0.0,0.0,municipio,municipio
4201604,0.0,0.0,0.0,municipio,municipio
4201653,0.0,0.0,0.0,municipio,municipio
4201703,0.0,0.0,0.0,municipio,municipio
4201802,0.0,0.0,0.0,municipio,municipio
4201901,0.0,0.0,0.0,municipio,municipio
4201950,0.0,0.0,0.0,municipio,municipio
4202008,0.0,1.0,6.0,municipio,municipio
4202057,0.0,0.0,0.0,municipio,municipio
4202073,0.0,0.0,0.0,municipio,municipio
4202081,0.0,0.0,0.0,municipio,municipio
4202099,0.0,0.0,0.0,municipio,municipio
4202107,0.0,0.0,0.0,municipio,municipio
4202131,0.0,0.0,0.0,municipio,municipio
4202156,0.0,0.0,0.0,municipio,municipio
4202206,0.0,0.0,0.0,municipio,municipio
4202305,0.0,0.0,1.0,municipio,municipio
4202404,0.0,1.0,3.0,municipio,municipio
4202438,0.0,0.0,0.0,municipio,municipio
4202453,0.0,0.0,1.0,municipio,municipio
4202503,0.0,0.0,0.0,municipio,municipio
4202537,0.0,0.0,0.0,municipio,municipio
4202578,0.0,0.0,0.0,municipio,municipio
4202602,0.0,0.0,0.0,municipio,municipio
4202701,0.0,0.0,0.0,municipio,municipio
4202800,0.0,0.0,0.0,municipio,municipio
4202859,0.0,0.0,0.0,municipio,municipio
4202875,0.0,0.0,0.0,municipio,municipio
4202909,0.0,1.0,2.0,municipio,municipio
4203006,0.0,0.0,0.0,municipio,municipio
4203105,0.0,0.0,1.0,municipio,municipio
4203204,0.0,0.0,3.0,municipio,municipio
4203253,0.0,0.0,0.0,municipio,municipio
4203303,0.0,0.0,0.0,municipio,municipio
4203402,0.0,0.0,0.0,municipio,municipio
4203501,0.0,0.0,0.0,municipio,municipio
4203600,0.0,0.0,0.0,municipio,municipio
4203709,0.0,0.0,0.0,municipio,municipio
4203808,0.0,0.0,0.0,municipio,municipio
4203907,0.0,0.0,0.0,municipio,municipio
4203956,0.0,0.0,0.0,municipio,municipio
4204004,0.0,0.0,0.0,municipio,municipio
4204103,0.0,0.0,0.0,municipio,municipio
4204152,0.0,0.0,0.0,municipio,municipio
4204178,0.0,0.0,0.0,municipio,municipio
4204194,0.0,0.0,0.0,municipio,municipio
4204202,0.0,2.0,9.0,municipio,municipio
4204251,0.0,0.0,0.0,municipio,municipio
4204301,0.0,0.0,1.0,municipio,municipio
4204350,0.0,0.0,0.0,municipio,municipio
4204400,0.0,0.0,0.0,municipio,municipio
4204459,0.0,0.0,0.0,municipio,municipio
4204509,0.0,0.0,0.0,municipio,municipio
4204558,0.0,0.0,0.0,municipio,municipio
4204608,0.0,0.0,1.0,municipio,municipio
4204707,0.0,0.0,1.0,municipio,municipio
4204756,0.0,0.0,0.0,municipio,municipio
4204806,0.0,0.0,0.0,municipio,municipio
4204905,0.0,0.0,0.0,municipio,municipio
4205001,0.0,0.0,0.0,municipio,municipio
4205100,0.0,0.0,0.0,municipio,municipio
4205159,0.0,0.0,0.0,municipio,municipio
4205175,0.0,0.0,0.0,municipio,municipio
4205191,0.0,0.0,0.0,municipio,municipio
4205209,0.0,0.0,0.0,municipio,municipio
4205308,0.0,0.0,0.0,municipio,municipio
4205357,0.0,0.0,0.0,municipio,municipio
4205407,1.0,4.0,10.0,municipio,municipio
4205431,0.0,0.0,0.0,municipio,municipio
4205456,0.0,0.0,0.0,municipio,municipio
4205506,0.0,0.0,0.0,municipio,municipio
4205555,0.0,0.0,0.0,municipio,municipio
4205605,0.0,0.0,0.0,municipio,municipio
4205704,0.0,0.0,0.0,municipio,municipio
4205803,0.0,0.0,0.0,municipio,municipio
4205902,0.0,0.0,1.0,municipio,municipio
4206009,0.0,0.0,0.0,municipio,municipio
4206108,0.0,0.0,0.0,municipio,municipio
4206207,0.0,0.0,0.0,municipio,municipio
4206306,0.0,0.0,0.0,municipio,municipio
4206405,0.0,0.0,1.0,municipio,municipio
4206504,0.0,0.0,0.0,municipio,municipio
4206603,0.0,0.0,0.0,municipio,municipio
4206652,0.0,0.0,0.0,municipio,municipio
4206702,0.0,0.0,0.0,municipio,municipio
4206751,0.0,0.0,0.0,municipio,municipio
4206801,0.0,0.0,0.0,municipio,municipio
4206900,0.0,0.0,0.0,municipio,municipio
4207007,0.0,0.0,0.0,municipio,municipio
4207106,0.0,0.0,0.0,municipio,municipio
4207205,0.0,0.0,0.0,municipio,municipio
4207304,0.0,0.0,0.0,municipio,municipio
4207403,0.0,0.0,0.0,municipio,municipio
4207502,0.0,0.0,1.0,municipio,municipio
4207577,0.0,0.0,0.0,municipio,municipio
4207601,0.0,0.0,0.0,municipio,municipio
4207650,0.0,0.0,0.0,municipio,municipio
4207684,0.0,0.0,0.0,municipio,municipio
4207700,0.0,0.0,0.0,municipio,municipio
4207759,0.0,0.0,0.0,municipio,municipio
4207809,0.0,0.0,0.0,municipio,municipio
4207858,0.0,0.0,0.0,municipio,municipio
4207908,0.0,0.0,0.0,municipio,municipio
4208005,0.0,0.0,0.0,municipio,municipio
4208104,0.0,0.0,0.0,municipio,municipio
4208203,0.0,4.0,18.300000000000068,municipio,municipio
4208302,0.0,0.0,3.0,municipio,municipio
4208401,0.0,0.0,0.0,municipio,municipio
4208450,0.0,0.0,0.0,municipio,municipio
4208500,0.0,0.0,0.0,municipio,municipio
4208609,0.0,0.0,0.0,municipio,municipio
4208708,0.0,0.0,0.0,municipio,municipio
4208807,0.0,0.0,0.0,municipio,municipio
4208906,0.0,0.0,1.0,municipio,municipio
4208955,0.0,0.0,0.0,municipio,municipio
4209003,0.0,0.0,0.0,municipio,municipio
4209102,1.0,2.0,6.0,municipio,municipio
4209151,0.0,0.0,0.0,municipio,municipio
4209177,0.0,0.0,0.0,municipio,municipio
4209201,0.0,0.0,0.0,municipio,municipio
4209300,0.0,0.0,1.0,municipio,municipio
4209409,0.0,0.0,0.0,municipio,municipio
4209458,0.0,0.0,0.0,municipio,municipio
4209508,0.0,0.0,0.0,municipio,municipio
4209607,0.0,0.0,0.0,municipio,municipio
4209706,0.0,0.0,0.0,municipio,municipio
4209805,0.0,0.0,0.0,municipio,municipio
4209854,0.0,0.0,0.0,municipio,municipio
4209904,0.0,0.0,0.0,municipio,municipio
4210001,0.0,0.0,0.0,municipio,municipio
4210035,0.0,0.0,0.0,municipio,municipio
4210050,0.0,0.0,0.0,municipio,municipio
4210100,0.0,0.0,0.0,municipio,municipio
4210209,0.0,0.0,0.0,municipio,municipio
4210308,0.0,0.0,0.0,municipio,municipio
4210407,0.0,0.0,0.0,municipio,municipio
4210506,0.0,0.0,1.0,municipio,municipio
4210555,0.0,0.0,0.0,municipio,municipio
4210605,0.0,0.0,0.0,municipio,municipio
4210704,0.0,0.0,0.0,municipio,municipio
4210803,0.0,0.0,0.0,municipio,municipio
4210852,0.0,0.0,0.0,municipio,municipio
4210902,0.0,0.0,0.0,municipio,municipio
4211009,0.0,0.0,0.0,municipio,municipio
4211058,0.0,0.0,0.0,municipio,municipio
4211108,0.0,0.0,0.0,municipio,municipio
4211207,0.0,0.0,0.0,municipio,municipio
4211256,0.0,0.0,0.0,municipio,municipio
4211306,0.0,1.0,2.0,municipio,municipio
4211405,0.0,0.0,0.0,municipio,municipio
4211454,0.0,0.0,0.0,municipio,municipio
4211504,0.0,0.0,0.0,municipio,municipio
4211603,0.0,0.0,0.0,municipio,municipio
4211652,0.0,0.0,0.0,municipio,municipio
4211702,0.0,0.0,0.0,municipio,municipio
4211751,0.0,0.0,0.0,municipio,municipio
4211801,0.0,0.0,0.0,municipio,municipio
4211850,0.0,0.0,0.0,municipio,municipio
4211876,0.0,0.0,0.0,municipio,municipio
4211892,0.0,0.0,0.0,municipio,municipio
4211900,0.0,0.0,1.0,municipio,municipio
4212007,0.0,0.0,0.0,municipio,municipio
4212056,0.0,0.0,0.0,municipio,municipio
4212106,0.0,0.0,0.0,municipio,municipio
4212205,0.0,0.0,0.0,municipio,municipio
4212239,0.0,0.0,0.0,municipio,municipio
4212254,0.0,0.0,0.0,municipio,municipio
4212270,0.0,0.0,0.0,municipio,municipio
4212304,0.0,0.0,0.0,municipio,municipio
4212403,0.0,0.0,0.0,municipio,municipio
4212502,0.0,0.0,1.0,municipio,municipio
4212601,0.0,0.0,0.0,municipio,municipio
4212650,0.0,0.0,0.0,municipio,municipio
4212700,0.0,0.0,0.0,municipio,municipio
4212809,0.0,0.0,1.0,municipio,municipio
4212908,0.0,0.0,1.0,municipio,municipio
4213005,0.0,0.0,0.0,municipio,municipio
4213104,0.0,0.0,0.0,municipio,municipio
4213153,0.0,0.0,0.0,municipio,municipio
4213203,0.0,0.0,0.0,municipio,municipio
4213302,0.0,0.0,0.0,municipio,municipio
4213351,0.0,0.0,0.0,municipio,municipio
4213401,0.0,0.0,0.0,municipio,municipio
4213500,0.0,0.0,1.0,municipio,municipio
4213609,0.0,0.0,0.0,municipio,municipio
4213708,0.0,0.0,0.0,municipio,municipio
4213807,0.0,0.0,0.0,municipio,municipio
4213906,0.0,0.0,0.0,municipio,municipio
4214003,0.0,0.0,0.0,municipio,municipio
4214102,0.0,0.0,0.0,municipio,municipio
4214151,0.0,0.0,0.0,municipio,municipio
4214201,0.0,0.0,0.0,municipio,municipio
4214300,0.0,0.0,0.0,municipio,municipio
4214409,0.0,0.0,0.0,municipio,municipio
4214508,0.0,0.0,0.0,municipio,municipio
4214607,0.0,0.0,0.0,municipio,municipio
4214706,0.0,0.0,0.0,municipio,municipio
4214805,0.0,0.0,1.0,municipio,municipio
4214904,0.0,0.0,0.0,municipio,municipio
4215000,0.0,0.0,0.0,municipio,municipio
4215059,0.0,0.0,0.0,municipio,municipio
4215075,0.0,0.0,0.0,municipio,municipio
4215109,0.0,0.0,0.0,municipio,municipio
4215208,0.0,0.0,0.0,municipio,municipio
4215307,0.0,0.0,0.0,municipio,municipio
4215356,0.0,0.0,0.0,municipio,municipio
4215406,0.0,0.0,0.0,municipio,municipio
4215455,0.0,0.0,0.0,municipio,municipio
4215505,0.0,0.0,0.0,municipio,municipio
4215554,0.0,0.0,0.0,municipio,municipio
4215604,0.0,0.0,0.0,municipio,municipio
4215653,0.0,0.0,0.0,municipio,municipio
4215679,0.0,0.0,0.0,municipio,municipio
4215687,0.0,0.0,0.0,municipio,municipio
4215695,0.0,0.0,0.0,municipio,municipio
4215703,0.0,0.0,0.0,municipio,municipio
4215752,0.0,0.0,0.0,municipio,municipio
4215802,0.0,0.0,0.0,municipio,municipio
4215901,0.0,0.0,0.0,municipio,municipio
4216008,0.0,0.0,0.0,municipio,municipio
4216057,0.0,0.0,0.0,municipio,municipio
4216107,0.0,0.0,0.0,municipio,municipio
4216206,0.0,0.0,1.0,municipio,municipio
4216255,0.0,0.0,0.0,municipio,municipio
4216305,0.0,0.0,0.0,municipio,municipio
4216354,0.0,0.0,0.0,municipio,municipio
4216404,0.0,0.0,0.0,municipio,municipio
4216503,0.0,0.0,0.0,municipio,municipio
4216602,0.0,1.0,2.0,municipio,municipio
4216701,0.0,0.0,0.0,municipio,municipio
4216800,0.0,0.0,0.0,municipio,municipio
4216909,0.0,0.0,0.0,municipio,municipio
4217006,0.0,0.0,0.0,municipio,municipio
4217105,0.0,0.0,0.0,municipio,municipio
4217154,0.0,0.0,0.0,municipio,municipio
4217204,0.0,1.0,2.0,municipio,municipio
4217253,0.0,0.0,0.0,municipio,municipio
4217303,0.0,0.0,0.0,municipio,municipio
4217402,0.0,0.0,0.0,municipio,municipio
4217501,0.0,0.0,0.0,municipio,municipio
4217550,0.0,0.0,0.0,municipio,municipio
4217600,0.0,0.0,0.0,municipio,municipio
4217709,0.0,0.0,0.0,municipio,municipio
4217758,0.0,0.0,0.0,municipio,municipio
4217808,0.0,0.0,0.0,municipio,municipio
4217907,0.0,0.0,0.0,municipio,municipio
4217956,0.0,0.0,0.0,municipio,municipio
4218004,0.0,0.0,1.0,municipio,municipio
4218103,0.0,0.0,0.0,municipio,municipio
4218202,0.0,0.0,1.0,municipio,municipio
4218251,0.0,0.0,0.0,municipio,municipio
4218301,0.0,0.0,0.0,municipio,municipio
4218350,0.0,0.0,0.0,municipio,municipio
4218400,0.0,0.0,0.0,municipio,municipio
4218509,0.0,0.0,0.0,municipio,municipio
4218608,0.0,0.0,0.0,municipio,municipio
4218707,0.0,0.0,1.0,municipio,municipio
4218756,0.0,0.0,0.0,municipio,municipio
4218806,0.0,0.0,0.0,municipio,municipio
4218855,0.0,0.0,0.0,municipio,municipio
4218905,0.0,0.0,0.0,municipio,municipio
4219002,0.0,0.0,0.0,municipio,municipio
4219101,0.0,0.0,0.0,municipio,municipio
4219150,0.0,0.0,0.0,municipio,municipio
4219176,0.0,0.0,0.0,municipio,municipio
4219200,0.0,0.0,0.0,municipio,municipio
4219309,0.0,0.0,0.0,municipio,municipio
4219358,0.0,0.0,0.0,municipio,municipio
4219408,0.0,0.0,0.0,municipio,municipio
4219507,0.0,0.0,1.0,municipio,municipio
4219606,0.0,0.0,0.0,municipio,municipio
4219705,0.0,0.0,1.0,municipio,municipio
4219853,0.0,0.0,0.0,municipio,municipio
4220000,0.0,0.0,0.0,municipio,municipio
4300034,0.0,0.0,0.0,municipio,municipio
4300059,0.0,0.0,0.0,municipio,municipio
4300109,0.0,0.0,0.0,municipio,municipio
4300208,0.0,0.0,0.0,municipio,municipio
4300307,0.0,0.0,0.0,municipio,municipio
4300406,0.0,0.0,0.0,municipio,municipio
4300455,0.0,0.0,0.0,municipio,municipio
4300471,0.0,0.0,0.0,municipio,municipio
4300505,0.0,0.0,0.0,municipio,municipio
4300554,0.0,0.0,0.0,municipio,municipio
4300570,0.0,0.0,0.0,municipio,municipio
4300604,0.0,0.0,2.0,municipio,municipio
4300638,0.0,0.0,0.0,municipio,municipio
4300646,0.0,0.0,0.0,municipio,municipio
4300661,0.0,0.0,0.0,municipio,municipio
4300703,0.0,0.0,0.0,municipio,municipio
4300802,0.0,0.0,0.0,municipio,municipio
4300851,0.0,0.0,0.0,municipio,municipio
4300877,0.0,0.0,0.0,municipio,municipio
4300901,0.0,0.0,0.0,municipio,municipio
4301008,0.0,0.0,0.0,municipio,municipio
4301057,0.0,0.0,0.0,municipio,municipio
4301107,0.0,0.0,0.0,municipio,municipio
4301206,0.0,0.0,0.0,municipio,municipio
4301305,0.0,0.0,0.0,municipio,municipio
4301404,0.0,0.0,0.0,municipio,municipio
4301503,0.0,0.0,0.0,municipio,municipio
4301552,0.0,0.0,0.0,municipio,municipio
4301602,0.0,0.0,0.0,municipio,municipio
4301636,0.0,0.0,0.0,municipio,municipio
4301651,0.0,0.0,0.0,municipio,municipio
4301701,0.0,0.0,0.0,municipio,municipio
4301750,0.0,0.0,0.0,municipio,municipio
4301800,0.0,0.0,0.0,municipio,municipio
4301859,0.0,0.0,0.0,municipio,municipio
4301875,0.0,0.0,0.0,municipio,municipio
4301909,0.0,0.0,0.0,municipio,municipio
4301925,0.0,0.0,0.0,municipio,municipio
4301958,0.0,0.0,0.0,municipio,municipio
4302006,0.0,0.0,0.0,municipio,municipio
4302055,0.0,0.0,0.0,municipio,municipio
4302105,0.0,0.0,1.0,municipio,municipio
4302154,0.0,0.0,0.0,municipio,municipio
4302204,0.0,0.0,0.0,municipio,municipio
4302220,0.0,0.0,0.0,municipio,municipio
4302238,0.0,0.0,0.0,municipio,municipio
4302253,0.0,0.0,0.0,municipio,municipio
4302303,0.0,0.0,0.0,municipio,municipio
4302352,0.0,0.0,0.0,municipio,municipio
4302378,0.0,0.0,0.0,municipio,municipio
4302402,0.0,0.0,0.0,municipio,municipio
4302451,0.0,0.0,0.0,municipio,municipio
4302501,0.0,0.0,0.0,municipio,municipio
4302584,0.0,0.0,0.0,municipio,municipio
4302600,0.0,0.0,0.0,municipio,municipio
4302659,0.0,0.0,0.0,municipio,municipio
4302709,0.0,0.0,0.0,municipio,municipio
4302808,0.0,0.0,0.0,municipio,municipio
4302907,0.0,0.0,0.0,municipio,municipio
4303004,0.0,0.0,0.0,municipio,municipio
4303103,0.0,0.0,1.0,municipio,municipio
4303202,0.0,0.0,0.0,municipio,municipio
4303301,0.0,0.0,0.0,municipio,municipio
4303400,0.0,0.0,0.0,municipio,municipio
4303509,0.0,0.0,0.0,municipio,municipio
4303558,0.0,0.0,0.0,municipio,municipio
4303608,0.0,0.0,0.0,municipio,municipio
4303673,0.0,0.0,0.0,municipio,municipio
4303707,0.0,0.0,0.0,municipio,municipio
4303806,0.0,0.0,0.0,municipio,municipio
4303905,0.0,0.0,0.0,municipio,municipio
4304002,0.0,0.0,0.0,municipio,municipio
4304101,0.0,0.0,0.0,municipio,municipio
4304200,0.0,0.0,0.0,municipio,municipio
4304309,0.0,0.0,0.0,municipio,municipio
4304358,0.0,0.0,0.0,municipio,municipio
4304408,0.0,0.0,0.0,municipio,municipio
4304507,0.0,0.0,0.0,municipio,municipio
4304606,0.0,1.0,3.0,municipio,municipio
4304614,0.0,0.0,0.0,municipio,municipio
4304622,0.0,0.0,0.0,municipio,municipio
4304630,0.0,0.0,0.0,municipio,municipio
4304655,0.0,0.0,0.0,municipio,municipio
4304663,0.0,0.0,0.0,municipio,municipio
4304671,0.0,0.0,0.0,municipio,municipio
4304689,0.0,0.0,0.0,municipio,municipio
4304697,0.0,0.0,0.0,municipio,municipio
4304705,0.0,0.0,1.0,municipio,municipio
4304713,0.0,0.0,0.0,municipio,municipio
4304804,0.0,0.0,0.0,municipio,municipio
4304853,0.0,0.0,0.0,municipio,municipio
4304903,0.0,0.0,0.0,municipio,municipio
4304952,0.0,0.0,0.0,municipio,municipio
4305009,0.0,0.0,0.0,municipio,municipio
4305108,0.0,1.0,1.0,municipio,municipio
4305116,0.0,0.0,0.0,municipio,municipio
4305124,0.0,0.0,0.0,municipio,municipio
4305132,0.0,0.0,0.0,municipio,municipio
4305157,0.0,0.0,0.0,municipio,municipio
4305173,0.0,0.0,0.0,municipio,municipio
4305207,0.0,0.0,0.0,municipio,municipio
4305306,0.0,0.0,0.0,municipio,municipio
4305355,0.0,0.0,0.0,municipio,municipio
4305371,0.0,0.0,0.0,municipio,municipio
4305405,0.0,0.0,0.0,municipio,municipio
4305439,0.0,0.0,0.0,municipio,municipio
4305447,0.0,0.0,0.0,municipio,municipio
4305454,0.0,0.0,0.0,municipio,municipio
4305504,0.0,0.0,0.0,municipio,municipio
4305587,0.0,0.0,0.0,municipio,municipio
4305603,0.0,0.0,0.0,municipio,municipio
4305702,0.0,0.0,0.0,municipio,municipio
4305801,0.0,0.0,0.0,municipio,municipio
4305850,0.0,0.0,0.0,municipio,municipio
4305871,0.0,0.0,0.0,municipio,municipio
4305900,0.0,0.0,0.0,municipio,municipio
4305934,0.0,0.0,0.0,municipio,municipio
4305959,0.0,0.0,0.0,municipio,municipio
4305975,0.0,0.0,0.0,municipio,municipio
4306007,0.0,0.0,0.0,municipio,municipio
4306056,0.0,0.0,0.0,municipio,municipio
4306072,0.0,0.0,0.0,municipio,municipio
4306106,0.0,0.0,1.0,municipio,municipio
4306130,0.0,0.0,0.0,municipio,municipio
4306205,0.0,0.0,0.0,municipio,municipio
4306304,0.0,0.0,0.0,municipio,municipio
4306320,0.0,0.0,0.0,municipio,municipio
4306353,0.0,0.0,0.0,municipio,municipio
4306379,0.0,0.0,0.0,municipio,municipio
4306403,0.0,0.0,0.0,municipio,municipio
4306429,0.0,0.0,0.0,municipio,municipio
4306452,0.0,0.0,0.0,municipio,municipio
4306502,0.0,0.0,0.0,municipio,municipio
4306551,0.0,0.0,0.0,municipio,municipio
4306601,0.0,0.0,0.0,municipio,municipio
4306700,0.0,0.0,0.0,municipio,municipio
4306734,0.0,0.0,0.0,municipio,municipio
4306759,0.0,0.0,0.0,municipio,municipio
4306767,0.0,0.0,0.0,municipio,municipio
4306809,0.0,0.0,0.0,municipio,municipio
4306908,0.0,0.0,0.0,municipio,municipio
4306924,0.0,0.0,0.0,municipio,municipio
4306932,0.0,0.0,0.0,municipio,municipio
4306957,0.0,0.0,0.0,municipio,municipio
4306973,0.0,0.0,0.0,municipio,municipio
4307005,0.0,0.0,1.0,municipio,municipio
4307054,0.0,0.0,0.0,municipio,municipio
4307104,0.0,0.0,0.0,municipio,municipio
4307203,0.0,0.0,0.0,municipio,municipio
4307302,0.0,0.0,0.0,municipio,municipio
4307401,0.0,0.0,0.0,municipio,municipio
4307450,0.0,0.0,0.0,municipio,municipio
4307500,0.0,0.0,0.0,municipio,municipio
4307559,0.0,0.0,0.0,municipio,municipio
4307609,0.0,0.0,1.0,municipio,municipio
4307708,0.0,0.0,1.0,municipio,municipio
4307807,0.0,0.0,0.0,municipio,municipio
4307815,0.0,0.0,0.0,municipio,municipio
4307831,0.0,0.0,0.0,municipio,municipio
4307864,0.0,0.0,0.0,municipio,municipio
4307906,0.0,0.0,0.0,municipio,municipio
4308003,0.0,0.0,0.0,municipio,municipio
4308052,0.0,0.0,0.0,municipio,municipio
4308078,0.0,0.0,0.0,municipio,municipio
4308102,0.0,0.0,0.0,municipio,municipio
4308201,0.0,0.0,0.0,municipio,municipio
4308250,0.0,0.0,0.0,municipio,municipio
4308300,0.0,0.0,0.0,municipio,municipio
4308409,0.0,0.0,0.0,municipio,municipio
4308433,0.0,0.0,0.0,municipio,municipio
4308458,0.0,0.0,0.0,municipio,municipio
4308508,0.0,0.0,1.0,municipio,municipio
4308607,0.0,0.0,0.0,municipio,municipio
4308656,0.0,0.0,0.0,municipio,municipio
4308706,0.0,0.0,0.0,municipio,municipio
4308805,0.0,0.0,0.0,municipio,municipio
4308854,0.0,0.0,0.0,municipio,municipio
4308904,0.0,0.0,0.0,municipio,municipio
4309001,0.0,0.0,1.0,municipio,municipio
4309050,0.0,0.0,0.0,municipio,municipio
4309100,0.0,0.0,0.0,municipio,municipio
4309126,0.0,0.0,0.0,municipio,municipio
4309159,0.0,0.0,0.0,municipio,municipio
4309209,0.0,0.0,1.0,municipio,municipio
4309258,0.0,0.0,0.0,municipio,municipio
4309308,0.0,0.0,0.0,municipio,municipio
4309407,0.0,0.0,0.0,municipio,municipio
4309506,0.0,0.0,0.0,municipio,municipio
4309555,0.0,0.0,0.0,municipio,municipio
4309571,0.0,0.0,0.0,municipio,municipio
4309605,0.0,0.0,1.0,municipio,municipio
4309654,0.0,0.0,0.0,municipio,municipio
4309704,0.0,0.0,0.0,municipio,municipio
4309753,0.0,0.0,0.0,municipio,municipio
4309803,0.0,0.0,0.0,municipio,municipio
4309902,0.0,0.0,0.0,municipio,municipio
4309951,0.0,0.0,0.0,municipio,municipio
4310009,0.0,0.0,0.0,municipio,municipio
4310108,0.0,0.0,0.0,municipio,municipio
4310207,0.0,1.0,5.0,municipio,municipio
4310306,0.0,0.0,0.0,municipio,municipio
4310330,0.0,0.0,0.0,municipio,municipio
4310363,0.0,0.0,0.0,municipio,municipio
4310405,0.0,0.0,0.0,municipio,municipio
4310413,0.0,0.0,0.0,municipio,municipio
4310439,0.0,0.0,0.0,municipio,municipio
4310462,0.0,0.0,0.0,municipio,municipio
4310504,0.0,0.0,0.0,municipio,municipio
4310538,0.0,0.0,0.0,municipio,municipio
4310553,0.0,0.0,0.0,municipio,municipio
4310603,0.0,0.0,0.0,municipio,municipio
4310652,0.0,0.0,0.0,municipio,municipio
4310702,0.0,0.0,0.0,municipio,municipio
4310751,0.0,0.0,0.0,municipio,municipio
4310801,0.0,0.0,0.0,municipio,municipio
4310850,0.0,0.0,0.0,municipio,municipio
4310876,0.0,0.0,0.0,municipio,municipio
4310900,0.0,0.0,0.0,municipio,municipio
4311007,0.0,0.0,0.0,municipio,municipio
4311106,0.0,0.0,0.0,municipio,municipio
4311122,0.0,0.0,0.0,municipio,municipio
4311130,0.0,0.0,0.0,municipio,municipio
4311155,0.0,0.0,0.0,municipio,municipio
4311205,0.0,0.0,0.0,municipio,municipio
4311239,0.0,0.0,0.0,municipio,municipio
4311254,0.0,0.0,0.0,municipio,municipio
4311270,0.0,0.0,0.0,municipio,municipio
4311304,0.0,0.0,0.0,municipio,municipio
4311403,0.0,0.0,1.0,municipio,municipio
4311429,0.0,0.0,0.0,municipio,municipio
4311502,0.0,0.0,0.0,municipio,municipio
4311601,0.0,0.0,0.0,municipio,municipio
4311627,0.0,0.0,0.0,municipio,municipio
4311643,0.0,0.0,0.0,municipio,municipio
4311700,0.0,0.0,0.0,municipio,municipio
4311718,0.0,0.0,0.0,municipio,municipio
4311734,0.0,0.0,0.0,municipio,municipio
4311759,0.0,0.0,0.0,municipio,municipio
4311775,0.0,0.0,0.0,municipio,municipio
4311791,0.0,0.0,0.0,municipio,municipio
4311809,0.0,0.0,1.0,municipio,municipio
4311908,0.0,0.0,0.0,municipio,municipio
4311981,0.0,0.0,0.0,municipio,municipio
4312005,0.0,0.0,0.0,municipio,municipio
4312054,0.0,0.0,0.0,municipio,municipio
4312104,0.0,0.0,0.0,municipio,municipio
4312138,0.0,0.0,0.0,municipio,municipio
4312153,0.0,0.0,0.0,municipio,municipio
4312179,0.0,0.0,0.0,municipio,municipio
4312203,0.0,0.0,0.0,municipio,municipio
4312252,0.0,0.0,0.0,municipio,municipio
4312302,0.0,0.0,0.0,municipio,municipio
4312351,0.0,0.0,0.0,municipio,municipio
4312377,0.0,0.0,0.0,municipio,municipio
4312385,0.0,0.0,0.0,municipio,municipio
4312401,0.0,0.0,0.0,municipio,municipio
4312427,0.0,0.0,0.0,municipio,municipio
4312443,0.0,0.0,0.0,municipio,municipio
4312450,0.0,0.0,0.0,municipio,municipio
4312476,0.0,0.0,0.0,municipio,municipio
4312500,0.0,0.0,0.0,municipio,municipio
4312609,0.0,0.0,0.0,municipio,municipio
4312625,0.0,0.0,0.0,municipio,municipio
4312658,0.0,0.0,0.0,municipio,municipio
4312674,0.0,0.0,0.0,municipio,municipio
4312708,0.0,0.0,0.0,municipio,municipio
4312757,0.0,0.0,0.0,municipio,municipio
4312807,0.0,0.0,0.0,municipio,municipio
4312906,0.0,0.0,0.0,municipio,municipio
4312955,0.0,0.0,0.0,municipio,municipio
4313003,0.0,0.0,0.0,municipio,municipio
4313011,0.0,0.0,0.0,municipio,municipio
4313037,0.0,0.0,0.0,municipio,municipio
4313060,0.0,0.0,0.0,municipio,municipio
4313086,0.0,0.0,0.0,municipio,municipio
4313102,0.0,0.0,0.0,municipio,municipio
4313201,0.0,0.0,0.0,municipio,municipio
4313300,0.0,0.0,0.0,municipio,municipio
4313334,0.0,0.0,0.0,municipio,municipio
4313359,0.0,0.0,0.0,municipio,municipio
4313375,0.0,0.0,0.0,municipio,municipio
4313391,0.0,0.0,0.0,municipio,municipio
4313409,0.0,0.0,1.0,municipio,municipio
4313425,0.0,0.0,0.0,municipio,municipio
4313441,0.0,0.0,0.0,municipio,municipio
4313466,0.0,0.0,0.0,municipio,municipio
4313490,0.0,0.0,0.0,municipio,municipio
4313508,0.0,0.0,0.0,municipio,municipio
4313607,0.0,0.0,0.0,municipio,municipio
4313656,0.0,0.0,0.0,municipio,municipio
4313706,0.0,0.0,0.0,municipio,municipio
4313805,0.0,0.0,0.0,municipio,municipio
4313904,0.0,0.0,1.0,municipio,municipio
4313953,0.0,0.0,0.0,municipio,municipio
4314001,0.0,0.0,0.0,municipio,municipio
4314027,0.0,0.0,0.0,municipio,municipio
4314035,0.0,0.0,0.0,municipio,municipio
4314050,0.0,0.0,0.0,municipio,municipio
4314068,0.0,0.0,0.0,municipio,municipio
4314076,0.0,0.0,0.0,municipio,municipio
4314100,0.0,0.0,1.0,municipio,municipio
4314134,0.0,0.0,0.0,municipio,municipio
4314159,0.0,0.0,0.0,municipio,municipio
4314175,0.0,0.0,0.0,municipio,municipio
4314209,0.0,0.0,0.0,municipio,municipio
4314308,0.0,0.0,0.0,municipio,municipio
4314407,0.0,0.0,1.0,municipio,municipio
4314423,0.0,0.0,0.0,municipio,municipio
4314456,0.0,0.0,0.0,municipio,municipio
4314464,0.0,0.0,0.0,municipio,municipio
4314472,0.0,0.0,0.0,municipio,municipio
4314498,0.0,0.0,0.0,municipio,municipio
4314506,0.0,0.0,0.0,municipio,municipio
4314548,0.0,0.0,0.0,municipio,municipio
4314555,0.0,0.0,0.0,municipio,municipio
4314605,0.0,0.0,0.0,municipio,municipio
4314704,0.0,0.0,0.0,municipio,municipio
4314753,0.0,0.0,0.0,municipio,municipio
4314779,0.0,0.0,0.0,municipio,municipio
4314787,0.0,0.0,0.0,municipio,municipio
4314803,0.0,0.0,0.0,municipio,municipio
4314902,2.0,6.0,14.0,municipio,municipio
4315008,0.0,0.0,0.0,municipio,municipio
4315057,0.0,0.0,0.0,municipio,municipio
4315073,0.0,0.0,0.0,municipio,municipio
4315107,0.0,0.0,0.0,municipio,municipio
4315131,0.0,0.0,0.0,municipio,municipio
4315149,0.0,0.0,0.0,municipio,municipio
4315156,0.0,0.0,0.0,municipio,municipio
4315172,0.0,0.0,0.0,municipio,municipio
4315206,0.0,0.0,0.0,municipio,municipio
4315305,0.0,0.0,0.0,municipio,municipio
4315313,0.0,0.0,0.0,municipio,municipio
4315321,0.0,0.0,0.0,municipio,municipio
4315354,0.0,0.0,0.0,municipio,municipio
4315404,0.0,0.0,0.0,municipio,municipio
4315453,0.0,0.0,0.0,municipio,municipio
4315503,0.0,0.0,0.0,municipio,municipio
4315552,0.0,0.0,0.0,municipio,municipio
4315602,0.0,0.0,1.0,municipio,municipio
4315701,0.0,0.0,0.0,municipio,municipio
4315750,0.0,0.0,0.0,municipio,municipio
4315800,0.0,0.0,0.0,municipio,municipio
4315909,0.0,0.0,0.0,municipio,municipio
4315958,0.0,0.0,0.0,municipio,municipio
4316006,0.0,0.0,0.0,municipio,municipio
4316105,0.0,0.0,0.0,municipio,municipio
4316204,0.0,0.0,0.0,municipio,municipio
4316303,0.0,0.0,0.0,municipio,municipio
4316402,0.0,0.0,0.0,municipio,municipio
4316428,0.0,0.0,0.0,municipio,municipio
4316436,0.0,0.0,0.0,municipio,municipio
4316451,0.0,0.0,0.0,municipio,municipio
4316477,0.0,0.0,0.0,municipio,municipio
4316501,0.0,0.0,0.0,municipio,municipio
4316600,0.0,0.0,0.0,municipio,municipio
4316709,0.0,0.0,0.0,municipio,municipio
4316733,0.0,0.0,0.0,municipio,municipio
4316758,0.0,0.0,0.0,municipio,municipio
4316808,0.0,0.0,1.0,municipio,municipio
4316907,0.0,0.0,1.0,municipio,municipio
4316956,0.0,0.0,0.0,municipio,municipio
4316972,0.0,0.0,0.0,municipio,municipio
4317004,0.0,0.0,0.0,municipio,municipio
4317103,0.0,0.0,0.0,municipio,municipio
4317202,0.0,1.0,4.0,municipio,municipio
4317251,0.0,0.0,0.0,municipio,municipio
4317301,0.0,0.0,0.0,municipio,municipio
4317400,0.0,0.0,0.0,municipio,municipio
4317509,0.0,1.0,2.0,municipio,municipio
4317558,0.0,0.0,0.0,municipio,municipio
4317608,0.0,0.0,0.0,municipio,municipio
4317707,0.0,0.0,0.0,municipio,municipio
4317756,0.0,0.0,0.0,municipio,municipio
4317806,0.0,0.0,0.0,municipio,municipio
4317905,0.0,0.0,0.0,municipio,municipio
4317954,0.0,0.0,0.0,municipio,municipio
4318002,0.0,0.0,0.0,municipio,municipio
4318051,0.0,0.0,0.0,municipio,municipio
4318101,0.0,0.0,0.0,municipio,municipio
4318200,0.0,0.0,0.0,municipio,municipio
4318309,0.0,0.0,0.0,municipio,municipio
4318408,0.0,0.0,0.0,municipio,municipio
4318424,0.0,0.0,0.0,municipio,municipio
4318432,0.0,0.0,0.0,municipio,municipio
4318440,0.0,0.0,0.0,municipio,municipio
4318457,0.0,0.0,0.0,municipio,municipio
4318465,0.0,0.0,0.0,municipio,municipio
4318481,0.0,0.0,0.0,municipio,municipio
4318499,0.0,0.0,0.0,municipio,municipio
4318507,0.0,0.0,0.0,municipio,municipio
4318606,0.0,0.0,0.0,municipio,municipio
4318614,0.0,0.0,0.0,municipio,municipio
4318622,0.0,0.0,0.0,municipio,municipio
4318705,0.0,0.0,1.0,municipio,municipio
4318804,0.0,0.0,0.0,municipio,municipio
4318903,0.0,0.0,0.0,municipio,municipio
4319000,0.0,0.0,0.0,municipio,municipio
4319109,0.0,0.0,0.0,municipio,municipio
4319125,0.0,0.0,0.0,municipio,municipio
4319158,0.0,0.0,0.0,municipio,municipio
4319208,0.0,0.0,0.0,municipio,municipio
4319307,0.0,0.0,0.0,municipio,municipio
4319356,0.0,0.0,0.0,municipio,municipio
4319364,0.0,0.0,0.0,municipio,municipio
4319372,0.0,0.0,0.0,municipio,municipio
4319406,0.0,0.0,0.0,municipio,municipio
4319505,0.0,0.0,0.0,municipio,municipio
4319604,0.0,0.0,0.0,municipio,municipio
4319703,0.0,0.0,0.0,municipio,municipio
4319711,0.0,0.0,0.0,municipio,municipio
4319737,0.0,0.0,0.0,municipio,municipio
4319752,0.0,0.0,0.0,municipio,municipio
4319802,0.0,0.0,0.0,municipio,municipio
4319901,0.0,0.0,0.0,municipio,municipio
4320008,0.0,0.0,1.0,municipio,municipio
4320107,0.0,0.0,0.0,municipio,municipio
4320206,0.0,0.0,0.0,municipio,municipio
4320230,0.0,0.0,0.0,municipio,municipio
4320263,0.0,0.0,0.0,municipio,municipio
4320305,0.0,0.0,0.0,municipio,municipio
4320321,0.0,0.0,0.0,municipio,municipio
4320354,0.0,0.0,0.0,municipio,municipio
4320404,0.0,0.0,0.0,municipio,municipio
4320453,0.0,0.0,0.0,municipio,municipio
4320503,0.0,0.0,0.0,municipio,municipio
4320552,0.0,0.0,0.0,municipio,municipio
4320578,0.0,0.0,0.0,municipio,municipio
4320602,0.0,0.0,0.0,municipio,municipio
4320651,0.0,0.0,0.0,municipio,municipio
4320677,0.0,0.0,0.0,municipio,municipio
4320701,0.0,0.0,0.0,municipio,municipio
4320800,0.0,0.0,0.0,municipio,municipio
4320859,0.0,0.0,0.0,municipio,municipio
4320909,0.0,0.0,0.0,municipio,municipio
4321006,0.0,0.0,0.0,municipio,municipio
4321105,0.0,0.0,0.0,municipio,municipio
4321204,0.0,0.0,0.0,municipio,municipio
4321303,0.0,0.0,0.0,municipio,municipio
4321329,0.0,0.0,0.0,municipio,municipio
4321352,0.0,0.0,0.0,municipio,municipio
4321402,0.0,0.0,0.0,municipio,municipio
4321436,0.0,0.0,0.0,municipio,municipio
4321451,0.0,0.0,0.0,municipio,municipio
4321469,0.0,0.0,0.0,municipio,municipio
4321477,0.0,0.0,0.0,municipio,municipio
4321493,0.0,0.0,0.0,municipio,municipio
4321501,0.0,0.0,0.0,municipio,municipio
4321600,0.0,0.0,0.0,municipio,municipio
4321626,0.0,0.0,0.0,municipio,municipio
4321634,0.0,0.0,0.0,municipio,municipio
4321667,0.0,0.0,0.0,municipio,municipio
4321709,0.0,0.0,0.0,municipio,municipio
4321808,0.0,0.0,1.0,municipio,municipio
4321832,0.0,0.0,0.0,municipio,municipio
4321857,0.0,0.0,0.0,municipio,municipio
4321907,0.0,0.0,0.0,municipio,municipio
4321956,0.0,0.0,0.0,municipio,municipio
4322004,0.0,0.0,0.0,municipio,municipio
4322103,0.0,0.0,0.0,municipio,municipio
4322152,0.0,0.0,0.0,municipio,municipio
4322186,0.0,0.0,0.0,municipio,municipio
4322202,0.0,0.0,0.0,municipio,municipio
4322251,0.0,0.0,0.0,municipio,municipio
4322301,0.0,0.0,0.0,municipio,municipio
4322327,0.0,0.0,0.0,municipio,municipio
4322343,0.0,0.0,0.0,municipio,municipio
4322350,0.0,0.0,0.0,municipio,municipio
4322376,0.0,0.0,0.0,municipio,municipio
4322400,0.0,0.0,0.0,municipio,municipio
4322509,0.0,0.0,0.0,municipio,municipio
4322525,0.0,0.0,0.0,municipio,municipio
4322533,0.0,0.0,0.0,municipio,municipio
4322541,0.0,0.0,0.0,municipio,municipio
4322558,0.0,0.0,0.0,municipio,municipio
4322608,0.0,0.0,1.0,municipio,municipio
4322707,0.0,0.0,0.0,municipio,municipio
4322806,0.0,0.0,0.0,municipio,municipio
4322855,0.0,0.0,0.0,municipio,municipio
4322905,0.0,0.0,0.0,municipio,municipio
4323002,0.0,1.0,2.0,municipio,municipio
4323101,0.0,0.0,0.0,municipio,municipio
4323200,0.0,0.0,0.0,municipio,municipio
4323309,0.0,0.0,0.0,municipio,municipio
4323358,0.0,0.0,0.0,municipio,municipio
4323408,0.0,0.0,0.0,municipio,municipio
4323457,0.0,0.0,0.0,municipio,municipio
4323507,0.0,0.0,0.0,municipio,municipio
4323606,0.0,0.0,0.0,municipio,municipio
4323705,0.0,0.0,0.0,municipio,municipio
4323754,0.0,0.0,0.0,municipio,municipio
4323770,0.0,0.0,0.0,municipio,municipio
4323804,0.0,0.0,0.0,municipio,municipio
5000203,0.0,2.0,7.0,municipio,municipio
5000252,0.0,0.0,3.0,municipio,municipio
5000609,1.0,3.0,14.0,municipio,municipio
5000708,0.0,1.0,5.0,municipio,municipio
5000807,0.0,0.0,2.0,municipio,municipio
5000856,0.0,0.0,3.300000000000068,municipio,municipio
5000906,0.0,0.0,3.300000000000068,municipio,municipio
5001003,0.0,2.0,9.0,municipio,municipio
5001102,1.0,3.0,11.0,municipio,municipio
5001243,0.0,0.0,4.0,municipio,municipio
5001508,0.0,1.0,4.0,municipio,municipio
5001904,0.0,2.0,9.0,municipio,municipio
5002001,0.0,0.0,1.0,municipio,municipio
5002100,0.0,1.0,5.0,municipio,municipio
5002159,0.0,1.0,4.0,municipio,municipio
5002209,0.0,2.0,11.300000000000068,municipio,municipio
5002308,0.0,1.0,7.0,municipio,municipio
5002407,0.0,2.0,10.0,municipio,municipio
5002605,0.0,2.0,7.0,municipio,municipio
5002704,62.0,159.0,680.6000000000008,municipio,municipio
5002803,0.0,0.0,1.0,municipio,municipio
5002902,1.0,4.0,13.0,municipio,municipio
5002951,1.0,3.0,10.0,municipio,municipio
5003108,0.0,0.0,1.0,municipio,municipio
5003157,0.0,0.0,2.0,municipio,municipio
5003207,4.0,15.0,43.0,municipio,municipio
5003256,0.0,3.0,9.0,municipio,municipio
5003306,2.0,5.0,21.0,municipio,municipio
5003454,0.0,1.0,6.0,municipio,municipio
5003488,0.0,0.0,3.0,municipio,municipio
5003504,0.0,0.0,3.0,municipio,municipio
5003702,4.0,14.0,91.0,municipio,municipio
5003751,0.0,1.0,4.0,municipio,municipio
5003801,0.0,1.0,7.0,municipio,municipio
5003900,0.0,0.0,1.0,municipio,municipio
5004007,0.0,0.0,3.0,municipio,municipio
5004106,0.0,2.0,7.0,municipio,municipio
5004304,0.0,0.0,3.0,municipio,municipio
5004403,0.0,0.0,2.0,municipio,municipio
5004502,0.0,2.0,12.0,municipio,municipio
5004601,0.0,1.0,7.0,municipio,municipio
5004700,1.0,3.0,14.0,municipio,municipio
5004809,0.0,0.0,0.0,municipio,municipio
5004908,0.0,0.0,2.0,municipio,municipio
5005004,1.0,3.0,11.0,municipio,municipio
5005103,0.0,0.0,1.0,municipio,municipio
5005152,0.0,0.0,1.0,municipio,municipio
5005202,0.0,2.0,9.0,municipio,municipio
5005251,0.0,1.0,4.0,municipio,municipio
5005400,0.0,2.0,14.0,municipio,municipio
5005608,0.0,1.0,5.0,municipio,municipio
5005681,0.0,1.0,5.300000000000068,municipio,municipio
5005707,1.0,5.0,25.600000000000136,municipio,municipio
5005806,0.0,2.0,7.0,municipio,municipio
5006002,0.0,1.0,6.0,municipio,municipio
5006200,1.0,3.0,20.0,municipio,municipio
5006259,0.0,0.0,1.0,municipio,municipio
5006275,0.0,0.0,1.0,municipio,municipio
5006309,2.0,7.0,26.0,municipio,municipio
5006358,0.0,0.0,1.0,municipio,municipio
5006408,0.0,1.0,6.0,municipio,municipio
5006606,2.0,7.0,35.30000000000007,municipio,municipio
5006903,0.0,1.0,3.0,municipio,municipio
5007109,0.0,2.0,12.0,municipio,municipio
5007208,0.0,2.0,10.0,municipio,municipio
5007307,0.0,0.0,2.0,municipio,municipio
5007406,1.0,4.0,12.300000000000068,municipio,municipio
5007505,0.0,0.0,2.0,municipio,municipio
5007554,0.0,0.0,2.0,municipio,municipio
5007695,1.0,6.0,26.0,municipio,municipio
5007703,0.0,0.0,2.0,municipio,municipio
5007802,0.0,0.0,3.0,municipio,municipio
5007901,1.0,5.0,29.600000000000136,municipio,municipio
5007935,0.0,2.0,13.0,municipio,municipio
5007950,0.0,0.0,2.0,municipio,municipio
5007976,0.0,0.0,1.0,municipio,municipio
5008008,0.0,1.0,4.0,municipio,municipio
5008305,7.0,28.0,96.0,municipio,municipio
5008404,0.0,0.0,2.0,municipio,municipio
5100102,0.0,0.0,1.0,municipio,municipio
5100201,0.0,2.0,8.0,municipio,municipio
5100250,4.0,9.75,23.300000000000068,municipio,municipio
5100300,0.0,1.0,4.0,municipio,municipio
5100359,0.0,0.0,1.0,municipio,municipio
5100409,0.0,0.0,2.0,municipio,municipio
5100508,0.0,0.0,2.0,municipio,municipio
5100607,0.0,0.0,2.0,municipio,municipio
5100805,0.0,0.0,0.0,municipio,municipio
5101001,0.0,1.0,3.0,municipio,municipio
5101209,0.0,0.0,0.0,municipio,municipio
5101258,1.0,3.0,10.0,municipio,municipio
5101308,0.0,1.0,2.0,municipio,municipio
5101407,1.0,4.0,10.0,municipio,municipio
5101605,0.0,0.0,0.0,municipio,municipio
5101704,0.0,2.0,6.0,municipio,municipio
5101803,4.0,13.0,37.0,municipio,municipio
5101837,0.0,0.0,0.0,municipio,municipio
5101852,0.0,0.0,1.0,municipio,municipio
5101902,0.0,2.0,6.0,municipio,municipio
5102504,1.0,5.0,19.300000000000068,municipio,municipio
5102603,0.0,0.0,2.0,municipio,municipio
5102637,2.0,8.0,24.0,municipio,municipio
5102678,1.0,3.0,12.0,municipio,municipio
5102686,0.0,1.0,4.0,municipio,municipio
5102694,0.0,0.0,0.0,municipio,municipio
5102702,1.0,5.0,13.0,municipio,municipio
5102793,0.0,1.0,5.0,municipio,municipio
5102850,0.0,0.0,3.0,municipio,municipio
5103007,0.0,1.0,3.0,municipio,municipio
5103056,0.0,3.0,7.0,municipio,municipio
5103106,0.0,0.0,1.0,municipio,municipio
5103205,1.0,4.0,12.0,municipio,municipio
5103254,0.0,3.0,8.0,municipio,municipio
5103304,0.0,2.0,6.0,municipio,municipio
5103353,0.0,3.0,8.300000000000068,municipio,municipio
5103361,0.0,0.0,1.0,municipio,municipio
5103379,0.0,0.0,2.0,municipio,municipio
5103403,16.0,44.75,119.0,municipio,municipio
5103437,0.0,0.0,1.0,municipio,municipio
5103452,0.0,0.0,0.0,municipio,municipio
5103502,1.0,4.0,9.0,municipio,municipio
5103601,0.0,0.0,1.3000000000000682,municipio,municipio
5103700,0.0,1.0,4.0,municipio,municipio
5103809,0.0,0.0,1.0,municipio,municipio
5103858,0.0,1.0,4.0,municipio,municipio
5103908,0.0,0.0,2.0,municipio,municipio
5103957,0.0,0.0,1.0,municipio,municipio
5104104,1.0,4.0,12.0,municipio,municipio
5104203,0.0,1.0,3.0,municipio,municipio
5104500,0.0,0.0,2.0,municipio,municipio
5104526,0.0,0.0,3.0,municipio,municipio
5104542,0.0,0.0,3.0,municipio,municipio
5104559,0.0,1.0,3.0,municipio,municipio
5104609,0.0,0.0,1.0,municipio,municipio
5104807,0.0,3.0,10.0,municipio,municipio
5104906,0.0,0.0,1.0,municipio,municipio
5105002,0.0,1.75,5.0,municipio,municipio
5105101,0.0,2.0,9.0,municipio,municipio
5105150,2.0,6.0,18.0,municipio,municipio
5105176,0.0,0.0,2.0,municipio,municipio
5105200,0.0,1.0,3.0,municipio,municipio
5105234,0.0,0.0,1.0,municipio,municipio
5105259,2.0,9.0,26.0,municipio,municipio
5105309,0.0,0.0,0.0,municipio,municipio
5105507,0.0,0.0,2.0,municipio,municipio
5105580,0.0,2.0,7.0,municipio,municipio
5105606,1.0,3.0,10.0,municipio,municipio
5105622,0.0,2.0,6.0,municipio,municipio
5105903,0.0,0.0,2.0,municipio,municipio
5106000,0.0,1.0,2.0,municipio,municipio
5106109,0.0,1.0,3.0,municipio,municipio
5106158,0.0,0.0,1.0,municipio,municipio
5106174,0.0,0.0,0.0,municipio,municipio
5106182,0.0,0.0,2.0,municipio,municipio
5106190,0.0,1.0,3.300000000000068,municipio,municipio
5106208,0.0,1.0,3.0,municipio,municipio
5106216,0.0,1.0,4.0,municipio,municipio
5106224,1.0,4.0,14.0,municipio,municipio
5106232,0.0,1.0,4.0,municipio,municipio
5106240,0.0,2.0,7.0,municipio,municipio
5106257,0.0,1.0,5.0,municipio,municipio
5106265,0.0,0.0,1.0,municipio,municipio
5106273,0.0,0.0,2.0,municipio,municipio
5106281,0.0,1.0,3.0,municipio,municipio
5106299,0.0,2.0,7.0,municipio,municipio
5106307,0.0,2.0,8.300000000000068,municipio,municipio
5106315,0.0,0.0,0.0,municipio,municipio
5106372,0.0,0.0,2.0,municipio,municipio
5106422,1.0,4.0,10.0,municipio,municipio
5106455,0.0,0.0,1.0,municipio,municipio
5106505,0.0,1.0,5.0,municipio,municipio
5106653,0.0,1.0,4.0,municipio,municipio
5106703,0.0,0.0,0.0,municipio,municipio
5106752,2.0,6.0,16.0,municipio,municipio
5106778,0.0,0.0,1.0,municipio,municipio
5106802,0.0,0.0,1.0,municipio,municipio
5106828,0.0,0.0,2.0,municipio,municipio
5106851,0.0,0.0,0.0,municipio,municipio
5107008,0.0,1.0,3.0,municipio,municipio
5107040,3.0,10.0,32.0,municipio,municipio
5107065,0.0,1.0,6.0,municipio,municipio
5107107,0.0,2.0,8.0,municipio,municipio
5107156,0.0,0.0,2.0,municipio,municipio
5107180,0.0,1.0,4.0,municipio,municipio
5107198,0.0,0.0,1.0,municipio,municipio
5107206,0.0,1.0,6.0,municipio,municipio
5107248,0.0,1.0,3.0,municipio,municipio
5107263,0.0,0.0,1.0,municipio,municipio
5107297,0.0,0.0,1.0,municipio,municipio
5107305,0.0,1.0,3.0,municipio,municipio
5107354,0.0,0.0,3.0,municipio,municipio
5107404,0.0,0.0,1.0,municipio,municipio
5107578,0.0,0.0,0.0,municipio,municipio
5107602,5.0,20.0,55.30000000000007,municipio,municipio
5107701,0.0,1.0,4.0,municipio,municipio
5107743,0.0,0.0,0.0,municipio,municipio
5107750,0.0,0.0,1.0,municipio,municipio
5107768,0.0,0.0,1.0,municipio,municipio
5107776,0.0,0.0,0.0,municipio,municipio
5107792,0.0,0.0,2.0,municipio,municipio
5107800,0.0,0.0,2.0,municipio,municipio
5107859,0.0,0.0,1.0,municipio,municipio
5107875,0.0,2.0,8.0,municipio,municipio
5107883,0.0,0.0,0.0,municipio,municipio
5107909,17.0,57.0,129.0,municipio,municipio
5107925,3.0,12.0,41.0,municipio,municipio
5107941,0.0,1.0,5.0,municipio,municipio
5107958,2.0,9.0,28.0,municipio,municipio
5108006,0.0,2.0,7.0,municipio,municipio
5108055,0.0,1.0,4.0,municipio,municipio
5108105,0.0,0.0,1.0,municipio,municipio
5108204,0.0,1.0,5.0,municipio,municipio
5108303,0.0,0.0,2.0,municipio,municipio
5108352,0.0,0.0,1.0,municipio,municipio
5108402,6.0,19.0,54.30000000000007,municipio,municipio
5108501,0.0,2.0,7.0,municipio,municipio
5108600,0.0,1.0,4.0,municipio,municipio
5108808,0.0,0.0,1.0,municipio,municipio
5108857,0.0,0.0,1.0,municipio,municipio
5108907,0.0,0.0,1.0,municipio,municipio
5108956,0.0,0.0,1.0,municipio,municipio
5200050,0.0,2.0,4.0,municipio,municipio
5200100,0.0,1.0,3.0,municipio,municipio
5200134,0.0,2.75,10.0,municipio,municipio
5200159,0.0,0.0,1.0,municipio,municipio
5200175,0.0,0.0,1.0,municipio,municipio
5200209,0.0,0.0,1.0,municipio,municipio
5200258,2.0,12.0,52.0,municipio,municipio
5200308,0.0,1.0,8.0,municipio,municipio
5200506,0.0,0.0,0.0,municipio,municipio
5200555,0.0,0.0,2.0,municipio,municipio
5200605,0.0,0.0,2.0,municipio,municipio
5200803,0.0,0.0,4.0,municipio,municipio
5200829,0.0,0.0,0.0,municipio,municipio
5200852,0.0,0.0,1.0,municipio,municipio
5200902,0.0,0.0,1.0,municipio,municipio
5201108,26.0,78.0,230.0,municipio,municipio
5201207,0.0,0.0,0.0,municipio,municipio
5201306,0.0,1.0,3.0,municipio,municipio
5201405,111.0,224.75,382.30000000000007,municipio,municipio
5201454,0.0,0.0,1.0,municipio,municipio
5201504,0.0,0.0,2.0,municipio,municipio
5201603,0.0,0.0,1.0,municipio,municipio
5201702,1.0,3.0,9.0,municipio,municipio
5201801,0.0,2.0,4.0,municipio,municipio
5202155,0.0,0.0,3.0,municipio,municipio
5202353,0.0,0.0,1.0,municipio,municipio
5202502,0.0,0.0,1.0,municipio,municipio
5202601,0.0,0.0,1.0,municipio,municipio
5202809,0.0,0.0,1.0,municipio,municipio
5203104,0.0,0.0,1.0,municipio,municipio
5203203,0.0,2.0,10.0,municipio,municipio
5203302,1.0,7.0,17.0,municipio,municipio
5203401,0.0,1.0,6.0,municipio,municipio
5203500,0.0,1.0,7.0,municipio,municipio
5203559,0.0,0.0,1.0,municipio,municipio
5203575,0.0,0.0,1.0,municipio,municipio
5203609,0.0,0.0,1.0,municipio,municipio
5203807,0.0,0.0,1.0,municipio,municipio
5203906,0.0,1.0,3.0,municipio,municipio
5203939,0.0,0.0,1.0,municipio,municipio
5203962,0.0,0.0,0.0,municipio,municipio
5204003,0.0,0.0,1.0,municipio,municipio
5204102,0.0,0.0,2.0,municipio,municipio
5204201,0.0,0.0,0.0,municipio,municipio
5204250,0.0,1.0,7.0,municipio,municipio
5204300,0.0,1.0,5.0,municipio,municipio
5204409,0.0,2.0,7.0,municipio,municipio
5204508,3.0,10.0,38.0,municipio,municipio
5204557,0.0,0.0,1.0,municipio,municipio
5204607,0.0,0.0,1.0,municipio,municipio
5204656,0.0,0.0,0.0,municipio,municipio
5204706,0.0,1.0,3.0,municipio,municipio
5204805,0.0,0.0,1.0,municipio,municipio
5204854,0.0,1.0,4.0,municipio,municipio
5204904,0.0,2.0,8.0,municipio,municipio
5204953,0.0,0.0,2.0,municipio,municipio
5205000,0.0,1.0,4.0,municipio,municipio
5205059,0.0,0.0,1.0,municipio,municipio
5205109,1.0,6.0,22.0,municipio,municipio
5205208,0.0,0.0,2.0,municipio,municipio
5205307,0.0,0.0,1.0,municipio,municipio
5205406,1.0,5.0,18.300000000000068,municipio,municipio
5205455,0.0,1.0,6.0,municipio,municipio
5205471,0.0,1.0,4.0,municipio,municipio
5205497,1.0,4.0,26.0,municipio,municipio
5205513,0.0,2.0,8.0,municipio,municipio
5205521,0.0,0.0,1.0,municipio,municipio
5205703,0.0,0.0,1.0,municipio,municipio
5205802,0.0,1.0,3.0,municipio,municipio
5205901,0.0,1.0,7.0,municipio,municipio
5206206,0.0,3.0,13.0,municipio,municipio
5206305,0.0,0.0,2.0,municipio,municipio
5206404,0.0,3.0,10.0,municipio,municipio
5206503,0.0,0.0,1.0,municipio,municipio
5206602,0.0,0.0,2.0,municipio,municipio
5206701,0.0,0.0,0.0,municipio,municipio
5206800,0.0,0.0,1.0,municipio,municipio
5206909,0.0,0.0,0.0,municipio,municipio
5207105,0.0,0.0,1.0,municipio,municipio
5207253,0.0,1.0,5.0,municipio,municipio
5207352,0.0,1.0,3.0,municipio,municipio
5207402,0.0,2.0,8.0,municipio,municipio
5207501,0.0,0.0,1.0,municipio,municipio
5207535,0.0,0.0,1.0,municipio,municipio
5207600,0.0,0.0,1.0,municipio,municipio
5207808,0.0,1.0,5.0,municipio,municipio
5207907,0.0,0.0,1.0,municipio,municipio
5208004,2.0,10.75,50.0,municipio,municipio
5208103,0.0,0.0,2.0,municipio,municipio
5208152,0.0,0.0,1.0,municipio,municipio
5208301,0.0,0.0,1.0,municipio,municipio
5208400,0.0,1.0,2.0,municipio,municipio
5208509,0.0,0.0,1.0,municipio,municipio
5208608,2.0,9.0,35.30000000000007,municipio,municipio
5208707,242.5,537.5,1258.4000000000012,municipio,municipio
5208806,3.0,13.0,33.0,municipio,municipio
5208905,0.0,3.0,11.0,municipio,municipio
5209101,1.0,5.0,20.0,municipio,municipio
5209150,0.0,0.0,1.0,municipio,municipio
5209200,0.0,2.0,6.0,municipio,municipio
5209291,0.0,0.0,0.0,municipio,municipio
5209408,0.0,0.0,1.0,municipio,municipio
5209457,0.0,0.0,0.0,municipio,municipio
5209606,0.0,0.0,1.0,municipio,municipio
5209705,1.0,5.0,15.300000000000068,municipio,municipio
5209804,0.0,0.0,1.0,municipio,municipio
5209903,0.0,1.0,5.0,municipio,municipio
5209937,0.0,0.0,2.0,municipio,municipio
5209952,0.0,1.0,5.0,municipio,municipio
5210000,1.0,3.0,14.0,municipio,municipio
5210109,0.0,2.0,5.0,municipio,municipio
5210158,0.0,0.0,1.0,municipio,municipio
5210208,1.0,4.0,12.300000000000068,municipio,municipio
5210307,0.0,0.0,1.0,municipio,municipio
5210406,0.5,3.0,12.0,municipio,municipio
5210562,0.0,0.0,1.0,municipio,municipio
5210604,0.0,0.0,3.0,municipio,municipio
5210802,0.0,0.0,1.0,municipio,municipio
5210901,1.0,4.0,12.0,municipio,municipio
5211008,0.0,0.0,2.0,municipio,municipio
5211206,0.0,2.0,6.0,municipio,municipio
5211305,0.0,0.0,2.0,municipio,municipio
5211404,0.0,0.0,3.0,municipio,municipio
5211503,3.0,11.0,38.0,municipio,municipio
5211602,0.0,0.0,0.0,municipio,municipio
5211701,0.0,0.0,1.0,municipio,municipio
5211800,1.0,3.0,13.0,municipio,municipio
5211909,10.0,28.0,78.30000000000007,municipio,municipio
5212006,0.0,0.0,0.0,municipio,municipio
5212055,0.0,0.0,0.0,municipio,municipio
5212105,0.0,0.0,2.0,municipio,municipio
5212204,0.0,1.0,7.0,municipio,municipio
5212253,0.0,0.0,0.0,municipio,municipio
5212303,0.0,0.0,1.0,municipio,municipio
5212501,6.0,25.0,104.30000000000007,municipio,municipio
5212600,0.0,0.0,0.0,municipio,municipio
5212709,0.0,0.0,0.0,municipio,municipio
5212808,0.0,1.0,3.0,municipio,municipio
5212907,0.0,0.0,1.0,municipio,municipio
5212956,0.0,0.0,0.0,municipio,municipio
5213004,0.0,1.0,6.0,municipio,municipio
5213053,0.0,0.0,1.0,municipio,municipio
5213087,1.0,4.0,10.300000000000068,municipio,municipio
5213103,3.0,13.75,41.30000000000007,municipio,municipio
5213400,0.0,0.0,0.0,municipio,municipio
5213509,0.0,0.0,1.0,municipio,municipio
5213707,0.0,1.0,6.0,municipio,municipio
5213756,0.0,1.0,2.0,municipio,municipio
5213772,0.0,0.0,0.0,municipio,municipio
5213806,1.0,4.0,21.0,municipio,municipio
5213855,0.0,0.0,0.0,municipio,municipio
5213905,0.0,0.0,0.0,municipio,municipio
5214002,0.0,0.0,1.0,municipio,municipio
5214051,0.0,0.0,0.0,municipio,municipio
5214101,0.0,0.0,0.0,municipio,municipio
5214408,0.0,1.0,4.0,municipio,municipio
5214507,0.0,2.0,7.0,municipio,municipio
5214606,0.0,2.0,7.0,municipio,municipio
5214705,0.0,0.0,0.0,municipio,municipio
5214804,0.0,0.0,0.0,municipio,municipio
5214838,0.0,1.0,5.0,municipio,municipio
5214861,0.0,1.0,4.0,municipio,municipio
5214879,0.0,0.0,1.0,municipio,municipio
5214903,0.0,0.0,0.0,municipio,municipio
5215009,0.0,1.0,2.0,municipio,municipio
5215207,0.0,0.0,1.0,municipio,municipio
5215231,2.0,8.0,43.0,municipio,municipio
5215256,0.0,0.0,0.0,municipio,municipio
5215306,0.0,1.0,3.0,municipio,municipio
5215405,0.0,0.0,1.0,municipio,municipio
5215504,0.0,1.0,4.0,municipio,municipio
5215603,0.0,4.0,17.0,municipio,municipio
5215652,0.0,0.0,2.0,municipio,municipio
5215702,0.0,3.0,15.0,municipio,municipio
5215801,0.0,0.0,0.0,municipio,municipio
5215900,0.0,0.0,1.0,municipio,municipio
5216007,0.0,0.0,2.0,municipio,municipio
5216304,0.0,1.0,4.0,municipio,municipio
5216403,0.0,1.0,6.0,municipio,municipio
5216452,0.0,0.0,1.0,municipio,municipio
5216809,0.0,0.0,1.0,municipio,municipio
5216908,0.0,0.0,0.0,municipio,municipio
5217104,0.0,2.0,8.0,municipio,municipio
5217203,0.0,1.0,4.0,municipio,municipio
5217302,0.0,2.0,10.0,municipio,municipio
5217401,1.0,4.0,15.300000000000068,municipio,municipio
5217609,1.0,3.0,19.0,municipio,municipio
5217708,0.0,1.0,3.0,municipio,municipio
5218003,1.0,3.0,12.0,municipio,municipio
5218052,0.0,0.0,2.0,municipio,municipio
5218102,0.0,0.0,2.0,municipio,municipio
5218300,0.0,3.0,18.0,municipio,municipio
5218391,0.0,1.0,2.0,municipio,municipio
5218508,1.0,3.0,9.0,municipio,municipio
5218607,0.0,2.0,11.0,municipio,municipio
5218706,0.0,0.0,2.0,municipio,municipio
5218789,0.0,0.0,3.0,municipio,municipio
5218805,10.0,35.0,107.0,municipio,municipio
5218904,0.0,2.0,8.0,municipio,municipio
5219001,0.0,1.0,3.0,municipio,municipio
5219100,0.0,0.0,3.0,municipio,municipio
5219209,0.0,0.0,0.0,municipio,municipio
5219258,0.0,0.0,2.0,municipio,municipio
5219308,1.0,3.0,11.0,municipio,municipio
5219357,0.0,0.0,1.0,municipio,municipio
5219407,0.0,1.0,4.0,municipio,municipio
5219456,0.0,0.0,1.0,municipio,municipio
5219506,0.0,0.0,0.0,municipio,municipio
5219605,0.0,0.0,1.0,municipio,municipio
5219704,0.0,1.0,4.0,municipio,municipio
5219712,0.0,1.0,3.0,municipio,municipio
5219738,0.0,1.0,3.0,municipio,municipio
5219753,0.0,4.0,21.300000000000068,municipio,municipio
5219803,0.0,0.0,1.0,municipio,municipio
5219902,0.0,0.0,1.0,municipio,municipio
5220009,0.0,0.0,2.0,municipio,municipio
5220058,0.0,0.0,1.0,municipio,municipio
5220108,2.0,5.0,16.0,municipio,municipio
5220157,0.0,0.0,1.0,municipio,municipio
5220207,0.0,2.0,6.0,municipio,municipio
5220264,0.0,0.0,1.0,municipio,municipio
5220280,0.0,0.0,0.0,municipio,municipio
5220405,1.0,4.0,13.0,municipio,municipio
5220454,6.0,16.0,47.0,municipio,municipio
5220504,0.0,1.0,3.0,municipio,municipio
5220603,0.0,1.0,3.0,municipio,municipio
5220686,0.0,0.0,2.0,municipio,municipio
5220702,0.0,0.0,0.0,municipio,municipio
5221007,0.0,0.0,1.0,municipio,municipio
5221080,0.0,0.0,0.0,municipio,municipio
5221197,0.0,1.0,3.0,municipio,municipio
5221304,0.0,0.0,1.0,municipio,municipio
5221403,7.0,22.0,55.0,municipio,municipio
5221452,0.0,0.0,1.0,municipio,municipio
5221502,0.0,2.0,5.0,municipio,municipio
5221551,0.0,0.0,1.0,municipio,municipio
5221577,0.0,0.0,1.0,municipio,municipio
5221601,2.0,7.0,24.0,municipio,municipio
5221700,0.0,1.0,5.0,municipio,municipio
5221809,0.0,0.0,1.0,municipio,municipio
5221858,3.0,12.0,64.0,municipio,municipio
5221908,0.0,0.0,1.0,municipio,municipio
5222005,0.0,1.0,4.0,municipio,municipio
5222054,0.0,1.0,4.0,municipio,municipio
5222203,0.0,0.0,1.0,municipio,municipio
5222302,0.0,1.0,2.0,municipio,municipio
5300108,56.0,162.75,549.1000000000005,municipio,municipio
AC,0.0,2.0,11.0,,uf_fallback
AL,0.0,1.0,3.0,,uf_fallback
AM,0.0,0.0,2.0,,uf_fallback
AP,0.0,0.0,6.0,,uf_fallback
BA,0.0,0.0,3.0,,uf_fallback
CE,0.0,2.0,7.0,,uf_fallback
DF,56.0,162.75,549.1000000000005,,uf_fallback
ES,0.0,2.0,12.0,,uf_fallback
GO,0.0,1.0,5.0,,uf_fallback
MA,0.0,0.0,1.0,,uf_fallback
MG,0.0,0.0,2.0,,uf_fallback
MS,0.0,2.0,9.0,,uf_fallback
MT,0.0,1.0,5.0,,uf_fallback
PA,0.0,1.0,4.0,,uf_fallback
PB,0.0,0.0,2.0,,uf_fallback
PE,0.0,1.0,7.0,,uf_fallback
PI,0.0,0.0,1.0,,uf_fallback
PR,0.0,0.0,2.0,,uf_fallback
RJ,0.0,3.0,16.0,,uf_fallback
RN,0.0,1.0,3.0,,uf_fallback
RO,0.0,1.0,6.0,,uf_fallback
RR,0.0,2.0,9.0,,uf_fallback
RS,0.0,0.0,0.0,,uf_fallback
SC,0.0,0.0,0.0,,uf_fallback
SE,0.0,0.0,2.0,,uf_fallback
SP,0.0,1.0,7.0,,uf_fallback
TO,0.0,0.0,2.0,,uf_fallback
NACIONAL,0.0,0.0,3.0,,nacional_fallback
